run_id,timestamp,model,strategy,module,function_name,fn_id,source_file,line_start,line_end,source_hash,phase,attempt,error_category,error_subcategory,error_message,error_hash,artifact_disposition,raw_artifact_path
run-20260901T031236.570959Z,2026-09-01T03:12:59.160118+00:00,qwen_coder_3b,zero_shot,encounter,createEncounter,FN_createEncounter_END,src/encounter/encounter.service.ts,30,63,04a941d1,jest,1,jest,runtime_error,should throw BadRequestException for invalid ADT type: TypeError: expect(...).rejects.toThrowError is not a function,b599dc458d20e0ecd546f4c55dd17f960c0b789c8d00b9d4dbf28732d03dce86,,C:\Users\cdbaz\OneDrive\Documentos\Projetos\usp\tcc\health-microservice-corpus\experiments\logs\errors\run-20260901T031236.570959Z\b599dc458d20e0ecd546f4c55dd17f960c0b789c8d00b9d4dbf28732d03dce86.txt
run-20260901T031236.570959Z,2026-09-01T03:12:59.161077+00:00,qwen_coder_3b,zero_shot,encounter,createEncounter,FN_createEncounter_END,src/encounter/encounter.service.ts,30,63,04a941d1,jest,1,jest,runtime_error,should throw BadRequestException for inactive patient: TypeError: expect(...).rejects.toThrowError is not a function,b599dc458d20e0ecd546f4c55dd17f960c0b789c8d00b9d4dbf28732d03dce86,,C:\Users\cdbaz\OneDrive\Documentos\Projetos\usp\tcc\health-microservice-corpus\experiments\logs\errors\run-20260901T031236.570959Z\b599dc458d20e0ecd546f4c55dd17f960c0b789c8d00b9d4dbf28732d03dce86.txt
run-20260901T031236.570959Z,2026-09-01T03:12:59.162053+00:00,qwen_coder_3b,zero_shot,encounter,createEncounter,FN_createEncounter_END,src/encounter/encounter.service.ts,30,63,04a941d1,jest,1,jest,runtime_error,should throw ConflictException if patient already has an active encounter: TypeError: expect(...).rejects.toThrowError is not a function,b599dc458d20e0ecd546f4c55dd17f960c0b789c8d00b9d4dbf28732d03dce86,,C:\Users\cdbaz\OneDrive\Documentos\Projetos\usp\tcc\health-microservice-corpus\experiments\logs\errors\run-20260901T031236.570959Z\b599dc458d20e0ecd546f4c55dd17f960c0b789c8d00b9d4dbf28732d03dce86.txt
run-20260901T031236.570959Z,2026-09-01T03:12:59.162053+00:00,qwen_coder_3b,zero_shot,encounter,createEncounter,FN_createEncounter_END,src/encounter/encounter.service.ts,30,63,04a941d1,jest,1,jest,runtime_error,should create and save a new encounter: TypeError: Cannot read properties of undefined (reading 'active'),b599dc458d20e0ecd546f4c55dd17f960c0b789c8d00b9d4dbf28732d03dce86,,C:\Users\cdbaz\OneDrive\Documentos\Projetos\usp\tcc\health-microservice-corpus\experiments\logs\errors\run-20260901T031236.570959Z\b599dc458d20e0ecd546f4c55dd17f960c0b789c8d00b9d4dbf28732d03dce86.txt
run-20260901T031236.570959Z,2026-09-01T03:14:22.750768+00:00,qwen_coder_3b,zero_shot,encounter,listEncountersByPatient,FN_listEncountersByPatient_END,src/encounter/encounter.service.ts,93,99,04a941d1,jest,1,jest,unknown,"should return encounters by patient id: Error: expect(received).toEqual(expected) // deep equality

- Expected  - 6
+ Received  + 6

  Array [
    Object {
-     ""admitDate"": 2026-09-01T03:14:22.637Z,
+     ""admitDate"": 2026-09-01T03:14:22.636Z,
      ""adtType"": ""A01"",
-     ""created_at"": 2026-09-01T03:14:22.637Z,
+     ""created_at"": 2026-09-01T03:14:22.636Z,
      ""dischargeDate"": null,
      ""id"": ""1"",
      ""orders"": Array [],
      ""patient"": Object {
        ""address"": ""123 Main St"",
-     ",7161d59ac20fb392e4bbae10154abcc70ff26c6ef24debb8d315d77f5263d957,,C:\Users\cdbaz\OneDrive\Documentos\Projetos\usp\tcc\health-microservice-corpus\experiments\logs\errors\run-20260901T031236.570959Z\7161d59ac20fb392e4bbae10154abcc70ff26c6ef24debb8d315d77f5263d957.txt
run-20260901T031236.570959Z,2026-09-01T03:14:44.304932+00:00,qwen_coder_3b,zero_shot,encounter,listEncountersByPatient,FN_listEncountersByPatient_END,src/encounter/encounter.service.ts,93,99,04a941d1,jest,2,jest,unknown,"should return encounters by patient id: Error: expect(received).toEqual(expected) // deep equality

- Expected  - 6
+ Received  + 6

  Array [
    Object {
-     ""admitDate"": 2026-09-01T03:14:44.194Z,
+     ""admitDate"": 2026-09-01T03:14:44.193Z,
      ""adtType"": ""A01"",
-     ""created_at"": 2026-09-01T03:14:44.194Z,
+     ""created_at"": 2026-09-01T03:14:44.193Z,
      ""dischargeDate"": null,
      ""id"": ""1"",
      ""orders"": Array [],
      ""patient"": Object {
        ""address"": ""123 Main St"",
-     ",27aa4c40aec6d2ab1fc25cf4740eb08cc210650ce0c19d7bc8051647ef737306,,C:\Users\cdbaz\OneDrive\Documentos\Projetos\usp\tcc\health-microservice-corpus\experiments\logs\errors\run-20260901T031236.570959Z\27aa4c40aec6d2ab1fc25cf4740eb08cc210650ce0c19d7bc8051647ef737306.txt
run-20260901T031236.570959Z,2026-09-01T03:15:21.846574+00:00,qwen_coder_3b,zero_shot,encounter,getEncounterById,FN_getEncounterById_END,src/encounter/encounter.service.ts,101,107,04a941d1,jest,1,jest,runtime_error,should throw NotFoundException when encounter is not found: TypeError: expect(...).rejects.toThrowError is not a function,54f486de508ee8ebaa2ff680def8a6f966efa645a76ca7e05dedcbc056363ddb,,C:\Users\cdbaz\OneDrive\Documentos\Projetos\usp\tcc\health-microservice-corpus\experiments\logs\errors\run-20260901T031236.570959Z\54f486de508ee8ebaa2ff680def8a6f966efa645a76ca7e05dedcbc056363ddb.txt
run-20260901T031236.570959Z,2026-09-01T03:16:08.782953+00:00,qwen_coder_3b,zero_shot,encounter,transitionEncounterStatus,FN_transitionEncounterStatus_END,src/encounter/encounter.service.ts,109,197,04a941d1,jest,1,jest,runtime_error,should throw BadRequestException if invalid status transition: TypeError: expect(...).rejects.toThrowError is not a function,b3325981cbafb30183f159340bcdaeb28c51917932d441c93aa43f7b9bee34f1,,C:\Users\cdbaz\OneDrive\Documentos\Projetos\usp\tcc\health-microservice-corpus\experiments\logs\errors\run-20260901T031236.570959Z\b3325981cbafb30183f159340bcdaeb28c51917932d441c93aa43f7b9bee34f1.txt
run-20260901T031236.570959Z,2026-09-01T03:16:08.782953+00:00,qwen_coder_3b,zero_shot,encounter,transitionEncounterStatus,FN_transitionEncounterStatus_END,src/encounter/encounter.service.ts,109,197,04a941d1,jest,1,jest,runtime_error,should throw BadRequestException if discharge with pending orders: TypeError: expect(...).rejects.toThrowError is not a function,b3325981cbafb30183f159340bcdaeb28c51917932d441c93aa43f7b9bee34f1,,C:\Users\cdbaz\OneDrive\Documentos\Projetos\usp\tcc\health-microservice-corpus\experiments\logs\errors\run-20260901T031236.570959Z\b3325981cbafb30183f159340bcdaeb28c51917932d441c93aa43f7b9bee34f1.txt
run-20260901T031236.570959Z,2026-09-01T03:16:08.787264+00:00,qwen_coder_3b,zero_shot,encounter,transitionEncounterStatus,FN_transitionEncounterStatus_END,src/encounter/encounter.service.ts,109,197,04a941d1,jest,1,jest,runtime_error,should throw BadRequestException if transfer requires a different ward: TypeError: expect(...).rejects.toThrowError is not a function,b3325981cbafb30183f159340bcdaeb28c51917932d441c93aa43f7b9bee34f1,,C:\Users\cdbaz\OneDrive\Documentos\Projetos\usp\tcc\health-microservice-corpus\experiments\logs\errors\run-20260901T031236.570959Z\b3325981cbafb30183f159340bcdaeb28c51917932d441c93aa43f7b9bee34f1.txt
run-20260901T031236.570959Z,2026-09-01T03:16:08.787264+00:00,qwen_coder_3b,zero_shot,encounter,transitionEncounterStatus,FN_transitionEncounterStatus_END,src/encounter/encounter.service.ts,109,197,04a941d1,jest,1,jest,runtime_error,should throw BadRequestException if transferDate is required for transfer: TypeError: expect(...).rejects.toThrowError is not a function,b3325981cbafb30183f159340bcdaeb28c51917932d441c93aa43f7b9bee34f1,,C:\Users\cdbaz\OneDrive\Documentos\Projetos\usp\tcc\health-microservice-corpus\experiments\logs\errors\run-20260901T031236.570959Z\b3325981cbafb30183f159340bcdaeb28c51917932d441c93aa43f7b9bee34f1.txt
run-20260901T031236.570959Z,2026-09-01T03:16:08.787264+00:00,qwen_coder_3b,zero_shot,encounter,transitionEncounterStatus,FN_transitionEncounterStatus_END,src/encounter/encounter.service.ts,109,197,04a941d1,jest,1,jest,runtime_error,should throw BadRequestException if transferDate must be after admitDate: TypeError: expect(...).rejects.toThrowError is not a function,b3325981cbafb30183f159340bcdaeb28c51917932d441c93aa43f7b9bee34f1,,C:\Users\cdbaz\OneDrive\Documentos\Projetos\usp\tcc\health-microservice-corpus\experiments\logs\errors\run-20260901T031236.570959Z\b3325981cbafb30183f159340bcdaeb28c51917932d441c93aa43f7b9bee34f1.txt
run-20260901T031236.570959Z,2026-09-01T03:16:08.787264+00:00,qwen_coder_3b,zero_shot,encounter,transitionEncounterStatus,FN_transitionEncounterStatus_END,src/encounter/encounter.service.ts,109,197,04a941d1,jest,1,jest,runtime_error,should throw BadRequestException if dischargeDate is required for discharge: TypeError: expect(...).rejects.toThrowError is not a function,b3325981cbafb30183f159340bcdaeb28c51917932d441c93aa43f7b9bee34f1,,C:\Users\cdbaz\OneDrive\Documentos\Projetos\usp\tcc\health-microservice-corpus\experiments\logs\errors\run-20260901T031236.570959Z\b3325981cbafb30183f159340bcdaeb28c51917932d441c93aa43f7b9bee34f1.txt
run-20260901T031236.570959Z,2026-09-01T03:16:08.787264+00:00,qwen_coder_3b,zero_shot,encounter,transitionEncounterStatus,FN_transitionEncounterStatus_END,src/encounter/encounter.service.ts,109,197,04a941d1,jest,1,jest,runtime_error,should throw BadRequestException if dischargeDate must be after admitDate: TypeError: expect(...).rejects.toThrowError is not a function,b3325981cbafb30183f159340bcdaeb28c51917932d441c93aa43f7b9bee34f1,,C:\Users\cdbaz\OneDrive\Documentos\Projetos\usp\tcc\health-microservice-corpus\experiments\logs\errors\run-20260901T031236.570959Z\b3325981cbafb30183f159340bcdaeb28c51917932d441c93aa43f7b9bee34f1.txt
run-20260901T031236.570959Z,2026-09-01T03:16:08.787264+00:00,qwen_coder_3b,zero_shot,encounter,transitionEncounterStatus,FN_transitionEncounterStatus_END,src/encounter/encounter.service.ts,109,197,04a941d1,jest,1,jest,runtime_error,should throw BadRequestException if dischargeDate must be after transferDate: TypeError: expect(...).rejects.toThrowError is not a function,b3325981cbafb30183f159340bcdaeb28c51917932d441c93aa43f7b9bee34f1,,C:\Users\cdbaz\OneDrive\Documentos\Projetos\usp\tcc\health-microservice-corpus\experiments\logs\errors\run-20260901T031236.570959Z\b3325981cbafb30183f159340bcdaeb28c51917932d441c93aa43f7b9bee34f1.txt
run-20260901T031236.570959Z,2026-09-01T03:16:08.787264+00:00,qwen_coder_3b,zero_shot,encounter,transitionEncounterStatus,FN_transitionEncounterStatus_END,src/encounter/encounter.service.ts,109,197,04a941d1,jest,1,jest,runtime_error,should throw BadRequestException if ADT A08 encounters cannot have status transitions: TypeError: expect(...).rejects.toThrowError is not a function,b3325981cbafb30183f159340bcdaeb28c51917932d441c93aa43f7b9bee34f1,,C:\Users\cdbaz\OneDrive\Documentos\Projetos\usp\tcc\health-microservice-corpus\experiments\logs\errors\run-20260901T031236.570959Z\b3325981cbafb30183f159340bcdaeb28c51917932d441c93aa43f7b9bee34f1.txt
run-20260901T031236.570959Z,2026-09-01T03:16:08.787264+00:00,qwen_coder_3b,zero_shot,encounter,transitionEncounterStatus,FN_transitionEncounterStatus_END,src/encounter/encounter.service.ts,109,197,04a941d1,jest,1,jest,unknown,should update encounter status and save it: NotFoundException: Encounter with id 1 not found,b3325981cbafb30183f159340bcdaeb28c51917932d441c93aa43f7b9bee34f1,,C:\Users\cdbaz\OneDrive\Documentos\Projetos\usp\tcc\health-microservice-corpus\experiments\logs\errors\run-20260901T031236.570959Z\b3325981cbafb30183f159340bcdaeb28c51917932d441c93aa43f7b9bee34f1.txt
run-20260901T031236.570959Z,2026-09-01T03:18:02.951156+00:00,qwen_coder_3b,zero_shot,encounter,transitionEncounterStatus,FN_transitionEncounterStatus_END,src/encounter/encounter.service.ts,109,197,04a941d1,jest,2,jest,assertion_failure,"should throw BadRequestException if invalid status transition: Error: expect(received).rejects.toThrow(expected)

Expected message: ""Invalid status transition from ADMITTED to DISCHARGED""
Received message: ""Encounter with id 1 not found""

    [0m [90m 102 |[39m     [36mconst[39m encounter [33m=[39m [36mawait[39m [36mthis[39m[33m.[39mencounterRepository[33m.[39mfindById(id)[33m;[39m
     [90m 103 |[39m     [36mif[39m ([33m![39mencounter) {
    [31m[1m>[22m[39m[90m 104 ",07824641369a1e40a21a0a7da15a8dbc6a6d8f086913e155900921bced598729,,C:\Users\cdbaz\OneDrive\Documentos\Projetos\usp\tcc\health-microservice-corpus\experiments\logs\errors\run-20260901T031236.570959Z\07824641369a1e40a21a0a7da15a8dbc6a6d8f086913e155900921bced598729.txt
run-20260901T031236.570959Z,2026-09-01T03:20:08.148084+00:00,qwen_coder_3b,zero_shot,encounter,processAdtMessage,FN_processAdtMessage_END,src/encounter/encounter.service.ts,199,317,04a941d1,jest,1,jest,runtime_error,should throw BadRequestException for A01 with missing fields: TypeError: expect(...).rejects.toThrowError is not a function,ad77a286d9b730659c0b694c3f2cc73cc4ad3ffdb2584311e9914da651307192,,C:\Users\cdbaz\OneDrive\Documentos\Projetos\usp\tcc\health-microservice-corpus\experiments\logs\errors\run-20260901T031236.570959Z\ad77a286d9b730659c0b694c3f2cc73cc4ad3ffdb2584311e9914da651307192.txt
run-20260901T031236.570959Z,2026-09-01T03:20:08.148084+00:00,qwen_coder_3b,zero_shot,encounter,processAdtMessage,FN_processAdtMessage_END,src/encounter/encounter.service.ts,199,317,04a941d1,jest,1,jest,runtime_error,should create a new patient and encounter for A01: TypeError: Cannot read properties of undefined (reading 'id'),ad77a286d9b730659c0b694c3f2cc73cc4ad3ffdb2584311e9914da651307192,,C:\Users\cdbaz\OneDrive\Documentos\Projetos\usp\tcc\health-microservice-corpus\experiments\logs\errors\run-20260901T031236.570959Z\ad77a286d9b730659c0b694c3f2cc73cc4ad3ffdb2584311e9914da651307192.txt
run-20260901T031236.570959Z,2026-09-01T03:20:08.148084+00:00,qwen_coder_3b,zero_shot,encounter,processAdtMessage,FN_processAdtMessage_END,src/encounter/encounter.service.ts,199,317,04a941d1,jest,1,jest,runtime_error,should update an existing patient and encounter for A01: TypeError: Cannot read properties of undefined (reading 'id'),ad77a286d9b730659c0b694c3f2cc73cc4ad3ffdb2584311e9914da651307192,,C:\Users\cdbaz\OneDrive\Documentos\Projetos\usp\tcc\health-microservice-corpus\experiments\logs\errors\run-20260901T031236.570959Z\ad77a286d9b730659c0b694c3f2cc73cc4ad3ffdb2584311e9914da651307192.txt
run-20260901T031236.570959Z,2026-09-01T03:20:08.148084+00:00,qwen_coder_3b,zero_shot,encounter,processAdtMessage,FN_processAdtMessage_END,src/encounter/encounter.service.ts,199,317,04a941d1,jest,1,jest,runtime_error,should throw BadRequestException for A02 with missing fields: TypeError: expect(...).rejects.toThrowError is not a function,ad77a286d9b730659c0b694c3f2cc73cc4ad3ffdb2584311e9914da651307192,,C:\Users\cdbaz\OneDrive\Documentos\Projetos\usp\tcc\health-microservice-corpus\experiments\logs\errors\run-20260901T031236.570959Z\ad77a286d9b730659c0b694c3f2cc73cc4ad3ffdb2584311e9914da651307192.txt
run-20260901T031236.570959Z,2026-09-01T03:20:08.148084+00:00,qwen_coder_3b,zero_shot,encounter,processAdtMessage,FN_processAdtMessage_END,src/encounter/encounter.service.ts,199,317,04a941d1,jest,1,jest,runtime_error,should find an active encounter and update it for A02: TypeError: Cannot read properties of undefined (reading 'id'),ad77a286d9b730659c0b694c3f2cc73cc4ad3ffdb2584311e9914da651307192,,C:\Users\cdbaz\OneDrive\Documentos\Projetos\usp\tcc\health-microservice-corpus\experiments\logs\errors\run-20260901T031236.570959Z\ad77a286d9b730659c0b694c3f2cc73cc4ad3ffdb2584311e9914da651307192.txt
run-20260901T031236.570959Z,2026-09-01T03:20:08.156147+00:00,qwen_coder_3b,zero_shot,encounter,processAdtMessage,FN_processAdtMessage_END,src/encounter/encounter.service.ts,199,317,04a941d1,jest,1,jest,runtime_error,should throw BadRequestException for A03 with missing fields: TypeError: expect(...).rejects.toThrowError is not a function,ad77a286d9b730659c0b694c3f2cc73cc4ad3ffdb2584311e9914da651307192,,C:\Users\cdbaz\OneDrive\Documentos\Projetos\usp\tcc\health-microservice-corpus\experiments\logs\errors\run-20260901T031236.570959Z\ad77a286d9b730659c0b694c3f2cc73cc4ad3ffdb2584311e9914da651307192.txt
run-20260901T031236.570959Z,2026-09-01T03:20:08.156147+00:00,qwen_coder_3b,zero_shot,encounter,processAdtMessage,FN_processAdtMessage_END,src/encounter/encounter.service.ts,199,317,04a941d1,jest,1,jest,runtime_error,should find an active encounter and update it for A03: TypeError: Cannot read properties of undefined (reading 'id'),ad77a286d9b730659c0b694c3f2cc73cc4ad3ffdb2584311e9914da651307192,,C:\Users\cdbaz\OneDrive\Documentos\Projetos\usp\tcc\health-microservice-corpus\experiments\logs\errors\run-20260901T031236.570959Z\ad77a286d9b730659c0b694c3f2cc73cc4ad3ffdb2584311e9914da651307192.txt
run-20260901T031236.570959Z,2026-09-01T03:20:08.157766+00:00,qwen_coder_3b,zero_shot,encounter,processAdtMessage,FN_processAdtMessage_END,src/encounter/encounter.service.ts,199,317,04a941d1,jest,1,jest,runtime_error,should throw BadRequestException for A08 with missing fields: TypeError: expect(...).rejects.toThrowError is not a function,ad77a286d9b730659c0b694c3f2cc73cc4ad3ffdb2584311e9914da651307192,,C:\Users\cdbaz\OneDrive\Documentos\Projetos\usp\tcc\health-microservice-corpus\experiments\logs\errors\run-20260901T031236.570959Z\ad77a286d9b730659c0b694c3f2cc73cc4ad3ffdb2584311e9914da651307192.txt
run-20260901T031236.570959Z,2026-09-01T03:20:08.158781+00:00,qwen_coder_3b,zero_shot,encounter,processAdtMessage,FN_processAdtMessage_END,src/encounter/encounter.service.ts,199,317,04a941d1,jest,1,jest,runtime_error,should update an existing patient and encounter for A08: TypeError: Cannot read properties of undefined (reading 'id'),ad77a286d9b730659c0b694c3f2cc73cc4ad3ffdb2584311e9914da651307192,,C:\Users\cdbaz\OneDrive\Documentos\Projetos\usp\tcc\health-microservice-corpus\experiments\logs\errors\run-20260901T031236.570959Z\ad77a286d9b730659c0b694c3f2cc73cc4ad3ffdb2584311e9914da651307192.txt
run-20260901T031236.570959Z,2026-09-01T03:20:08.159737+00:00,qwen_coder_3b,zero_shot,encounter,processAdtMessage,FN_processAdtMessage_END,src/encounter/encounter.service.ts,199,317,04a941d1,jest,1,jest,runtime_error,should throw BadRequestException for unsupported ADT type: TypeError: expect(...).rejects.toThrowError is not a function,ad77a286d9b730659c0b694c3f2cc73cc4ad3ffdb2584311e9914da651307192,,C:\Users\cdbaz\OneDrive\Documentos\Projetos\usp\tcc\health-microservice-corpus\experiments\logs\errors\run-20260901T031236.570959Z\ad77a286d9b730659c0b694c3f2cc73cc4ad3ffdb2584311e9914da651307192.txt
run-20260901T031236.570959Z,2026-09-01T03:23:23.679379+00:00,qwen_coder_3b,zero_shot,encounter,processAdtMessage,FN_processAdtMessage_END,src/encounter/encounter.service.ts,199,317,04a941d1,jest,2,jest,runtime_error,should update an existing patient and encounter for A08: TypeError: Cannot read properties of undefined (reading 'id'),d60986dbcb5c510f06acec60d4e43507481e30d6ceb3292ef7bbaf61f093ea2c,,C:\Users\cdbaz\OneDrive\Documentos\Projetos\usp\tcc\health-microservice-corpus\experiments\logs\errors\run-20260901T031236.570959Z\d60986dbcb5c510f06acec60d4e43507481e30d6ceb3292ef7bbaf61f093ea2c.txt
run-20260901T031236.570959Z,2026-09-01T03:24:23.595461+00:00,qwen_coder_3b,zero_shot,encounter,updateEncounter,FN_updateEncounter_END,src/encounter/encounter.service.ts,319,363,04a941d1,jest,1,jest,unknown,"C:\Users\cdbaz\OneDrive\Documentos\Projetos\usp\tcc\health-microservice-corpus\corpus\src\encounter\encounter.service.ts:6126
      throw new common_1.BadRequestException('Cannot update a discharged encounter');
            ^

[BadRequestException: Cannot update a discharged encounter] {
  response: {
    message: 'Cannot update a discharged encounter',
    error: 'Bad Request',
    statusCode: 400
  },
  status: 400,
  options: {}
}

Node.js v18.16.0",3ecd8fd5ca572278af5b523fcbd9194886e70ab1adc370c43fbd4cd96894d649,,C:\Users\cdbaz\OneDrive\Documentos\Projetos\usp\tcc\health-microservice-corpus\experiments\logs\errors\run-20260901T031236.570959Z\3ecd8fd5ca572278af5b523fcbd9194886e70ab1adc370c43fbd4cd96894d649.txt
run-20260901T031236.570959Z,2026-09-01T03:24:23.595461+00:00,qwen_coder_3b,zero_shot,encounter,updateEncounter,FN_updateEncounter_END,src/encounter/encounter.service.ts,319,363,04a941d1,repair,1,repair,unparseable_failure,0 failures parsed from Jest output; whole-file repair is disabled for this attempt.,2ca322236f16007840cf7e8abfbc15162da7933dc8752f1c6a0b9c76d3d03702,,
run-20260901T031236.570959Z,2026-09-01T03:24:26.673131+00:00,qwen_coder_3b,zero_shot,encounter,updateEncounter,FN_updateEncounter_END,src/encounter/encounter.service.ts,319,363,04a941d1,jest,2,jest,unknown,"C:\Users\cdbaz\OneDrive\Documentos\Projetos\usp\tcc\health-microservice-corpus\corpus\src\encounter\encounter.service.ts:6126
      throw new common_1.BadRequestException('Cannot update a discharged encounter');
            ^

[BadRequestException: Cannot update a discharged encounter] {
  response: {
    message: 'Cannot update a discharged encounter',
    error: 'Bad Request',
    statusCode: 400
  },
  status: 400,
  options: {}
}

Node.js v18.16.0",3ecd8fd5ca572278af5b523fcbd9194886e70ab1adc370c43fbd4cd96894d649,,C:\Users\cdbaz\OneDrive\Documentos\Projetos\usp\tcc\health-microservice-corpus\experiments\logs\errors\run-20260901T031236.570959Z\3ecd8fd5ca572278af5b523fcbd9194886e70ab1adc370c43fbd4cd96894d649.txt
run-20260901T031236.570959Z,2026-09-01T03:24:26.673131+00:00,qwen_coder_3b,zero_shot,encounter,updateEncounter,FN_updateEncounter_END,src/encounter/encounter.service.ts,319,363,04a941d1,repair,2,repair,unparseable_failure,0 failures parsed from Jest output; whole-file repair is disabled for this attempt.,2ca322236f16007840cf7e8abfbc15162da7933dc8752f1c6a0b9c76d3d03702,,
run-20260901T031236.570959Z,2026-09-01T03:24:29.734250+00:00,qwen_coder_3b,zero_shot,encounter,updateEncounter,FN_updateEncounter_END,src/encounter/encounter.service.ts,319,363,04a941d1,jest,3,jest,unknown,"C:\Users\cdbaz\OneDrive\Documentos\Projetos\usp\tcc\health-microservice-corpus\corpus\src\encounter\encounter.service.ts:6126
      throw new common_1.BadRequestException('Cannot update a discharged encounter');
            ^

[BadRequestException: Cannot update a discharged encounter] {
  response: {
    message: 'Cannot update a discharged encounter',
    error: 'Bad Request',
    statusCode: 400
  },
  status: 400,
  options: {}
}

Node.js v18.16.0",3ecd8fd5ca572278af5b523fcbd9194886e70ab1adc370c43fbd4cd96894d649,,C:\Users\cdbaz\OneDrive\Documentos\Projetos\usp\tcc\health-microservice-corpus\experiments\logs\errors\run-20260901T031236.570959Z\3ecd8fd5ca572278af5b523fcbd9194886e70ab1adc370c43fbd4cd96894d649.txt
run-20260901T031236.570959Z,2026-09-01T03:24:29.734250+00:00,qwen_coder_3b,zero_shot,encounter,updateEncounter,FN_updateEncounter_END,src/encounter/encounter.service.ts,319,363,04a941d1,repair,3,repair,unparseable_failure,0 failures parsed from Jest output; whole-file repair is disabled for this attempt.,2ca322236f16007840cf7e8abfbc15162da7933dc8752f1c6a0b9c76d3d03702,,
run-20260901T031236.570959Z,2026-09-01T03:24:32.834752+00:00,qwen_coder_3b,zero_shot,encounter,updateEncounter,FN_updateEncounter_END,src/encounter/encounter.service.ts,319,363,04a941d1,jest,4,jest,unknown,"C:\Users\cdbaz\OneDrive\Documentos\Projetos\usp\tcc\health-microservice-corpus\corpus\src\encounter\encounter.service.ts:6126
      throw new common_1.BadRequestException('Cannot update a discharged encounter');
            ^

[BadRequestException: Cannot update a discharged encounter] {
  response: {
    message: 'Cannot update a discharged encounter',
    error: 'Bad Request',
    statusCode: 400
  },
  status: 400,
  options: {}
}

Node.js v18.16.0",3ecd8fd5ca572278af5b523fcbd9194886e70ab1adc370c43fbd4cd96894d649,,C:\Users\cdbaz\OneDrive\Documentos\Projetos\usp\tcc\health-microservice-corpus\experiments\logs\errors\run-20260901T031236.570959Z\3ecd8fd5ca572278af5b523fcbd9194886e70ab1adc370c43fbd4cd96894d649.txt
run-20260901T031236.570959Z,2026-09-01T03:24:32.834752+00:00,qwen_coder_3b,zero_shot,encounter,updateEncounter,FN_updateEncounter_END,src/encounter/encounter.service.ts,319,363,04a941d1,repair,4,repair,unparseable_failure,0 failures parsed from Jest output; whole-file repair is disabled for this attempt.,2ca322236f16007840cf7e8abfbc15162da7933dc8752f1c6a0b9c76d3d03702,,
run-20260901T031236.570959Z,2026-09-01T03:24:35.932809+00:00,qwen_coder_3b,zero_shot,encounter,updateEncounter,FN_updateEncounter_END,src/encounter/encounter.service.ts,319,363,04a941d1,jest,5,jest,unknown,"C:\Users\cdbaz\OneDrive\Documentos\Projetos\usp\tcc\health-microservice-corpus\corpus\src\encounter\encounter.service.ts:6126
      throw new common_1.BadRequestException('Cannot update a discharged encounter');
            ^

[BadRequestException: Cannot update a discharged encounter] {
  response: {
    message: 'Cannot update a discharged encounter',
    error: 'Bad Request',
    statusCode: 400
  },
  status: 400,
  options: {}
}

Node.js v18.16.0",3ecd8fd5ca572278af5b523fcbd9194886e70ab1adc370c43fbd4cd96894d649,,C:\Users\cdbaz\OneDrive\Documentos\Projetos\usp\tcc\health-microservice-corpus\experiments\logs\errors\run-20260901T031236.570959Z\3ecd8fd5ca572278af5b523fcbd9194886e70ab1adc370c43fbd4cd96894d649.txt
run-20260901T031236.570959Z,2026-09-01T03:24:35.932809+00:00,qwen_coder_3b,zero_shot,encounter,updateEncounter,FN_updateEncounter_END,src/encounter/encounter.service.ts,319,363,04a941d1,repair,5,repair,max_repairs_exceeded,Runtime repair exhausted MAX_RUNTIME_REPAIRS=5 attempts,07669857ffb0ce3ee50e620aaa2bdb3e306e87699a96b0b0862427652773b240,,
run-20260901T031236.570959Z,2026-09-01T03:24:35.935415+00:00,qwen_coder_3b,zero_shot,encounter,updateEncounter,FN_updateEncounter_END,src/encounter/encounter.service.ts,319,363,04a941d1,pipeline,,pipeline,rollback,Function 'updateEncounter' failed irrecoverably; rolled back to the last known-good snapshot.,74a3e3d314a242c26c3d62e5e7229e64c7a4cf10eff37481af0d96931290ac9c,restored,
run-20260901T031236.570959Z,2026-09-01T03:25:13.795331+00:00,qwen_coder_3b,zero_shot,encounter,buildEncounterSummary,FN_buildEncounterSummary_END,src/encounter/encounter.service.ts,365,439,04a941d1,jest,1,jest,unknown,should build an encounter summary with no abnormal results and no risk flag: NotFoundException: Encounter with id 1 not found,0f391c0d58af33a206357df1fa3bd6f956de49fac495da3ab0edbbe4ca9accc4,,C:\Users\cdbaz\OneDrive\Documentos\Projetos\usp\tcc\health-microservice-corpus\experiments\logs\errors\run-20260901T031236.570959Z\0f391c0d58af33a206357df1fa3bd6f956de49fac495da3ab0edbbe4ca9accc4.txt
run-20260901T031236.570959Z,2026-09-01T03:25:13.795331+00:00,qwen_coder_3b,zero_shot,encounter,buildEncounterSummary,FN_buildEncounterSummary_END,src/encounter/encounter.service.ts,365,439,04a941d1,jest,1,jest,unknown,should build an encounter summary with abnormal results and a risk flag of MEDIUM: NotFoundException: Encounter with id 1 not found,0f391c0d58af33a206357df1fa3bd6f956de49fac495da3ab0edbbe4ca9accc4,,C:\Users\cdbaz\OneDrive\Documentos\Projetos\usp\tcc\health-microservice-corpus\experiments\logs\errors\run-20260901T031236.570959Z\0f391c0d58af33a206357df1fa3bd6f956de49fac495da3ab0edbbe4ca9accc4.txt
run-20260901T031236.570959Z,2026-09-01T03:25:13.795331+00:00,qwen_coder_3b,zero_shot,encounter,buildEncounterSummary,FN_buildEncounterSummary_END,src/encounter/encounter.service.ts,365,439,04a941d1,jest,1,jest,unknown,"should build an encounter summary with abnormal results and a risk flag of HIGH: Error: expect(received).toEqual(expected) // deep equality

- Expected  - 3
+ Received  + 3

@@ -18,11 +18,11 @@
          ""status"": ""PENDING"",
        },
      ],
      ""patientId"": ""2"",
    },
-   ""hasAbnormalResults"": true,
+   ""hasAbnormalResults"": false,
    ""orders"": Object {
      ""cancelled"": 0,
      ""completed"": 0,
      ""inProgress"": 0,
      ""pending"": 1,
@@ -33,11 +33,11 @@
      ""id"": ""2"",
      ""name""",0f391c0d58af33a206357df1fa3bd6f956de49fac495da3ab0edbbe4ca9accc4,,C:\Users\cdbaz\OneDrive\Documentos\Projetos\usp\tcc\health-microservice-corpus\experiments\logs\errors\run-20260901T031236.570959Z\0f391c0d58af33a206357df1fa3bd6f956de49fac495da3ab0edbbe4ca9accc4.txt
run-20260901T031236.570959Z,2026-09-01T03:26:05.615415+00:00,qwen_coder_3b,zero_shot,encounter,buildEncounterSummary,FN_buildEncounterSummary_END,src/encounter/encounter.service.ts,365,439,04a941d1,jest,2,jest,unknown,"should build an encounter summary with abnormal results and a risk flag of HIGH: Error: expect(received).toEqual(expected) // deep equality

- Expected  - 3
+ Received  + 3

@@ -18,11 +18,11 @@
          ""status"": ""PENDING"",
        },
      ],
      ""patientId"": ""2"",
    },
-   ""hasAbnormalResults"": true,
+   ""hasAbnormalResults"": false,
    ""orders"": Object {
      ""cancelled"": 0,
      ""completed"": 0,
      ""inProgress"": 0,
      ""pending"": 1,
@@ -33,11 +33,11 @@
      ""id"": ""2"",
      ""name""",c4e6673cc6a08cfdc8efc26a2c747ad32956cc5424575c2ad2479d2245ea6b50,,C:\Users\cdbaz\OneDrive\Documentos\Projetos\usp\tcc\health-microservice-corpus\experiments\logs\errors\run-20260901T031236.570959Z\c4e6673cc6a08cfdc8efc26a2c747ad32956cc5424575c2ad2479d2245ea6b50.txt
run-20260901T031236.570959Z,2026-09-01T03:26:42.983147+00:00,qwen_coder_3b,zero_shot,order,getOrderById,FN_getOrderById_END,src/order/order.service.ts,26,32,556cd6ea,jest,1,jest,unknown,"C:\Users\cdbaz\OneDrive\Documentos\Projetos\usp\tcc\health-microservice-corpus\corpus\src\order\order.service.ts:2963
      throw new common_1.NotFoundException(`Order with id ${id} not found`);
            ^

[NotFoundException: Order with id 123 not found] {
  response: {
    message: 'Order with id 123 not found',
    error: 'Not Found',
    statusCode: 404
  },
  status: 404,
  options: {}
}

Node.js v18.16.0",0d4b6d1596fb29689aa858a94bf362576501f06773c7791a3f725d0ed2c0dd1c,,C:\Users\cdbaz\OneDrive\Documentos\Projetos\usp\tcc\health-microservice-corpus\experiments\logs\errors\run-20260901T031236.570959Z\0d4b6d1596fb29689aa858a94bf362576501f06773c7791a3f725d0ed2c0dd1c.txt
run-20260901T031236.570959Z,2026-09-01T03:26:42.983147+00:00,qwen_coder_3b,zero_shot,order,getOrderById,FN_getOrderById_END,src/order/order.service.ts,26,32,556cd6ea,repair,1,repair,unparseable_failure,0 failures parsed from Jest output; whole-file repair is disabled for this attempt.,2ca322236f16007840cf7e8abfbc15162da7933dc8752f1c6a0b9c76d3d03702,,
run-20260901T031236.570959Z,2026-09-01T03:26:45.997968+00:00,qwen_coder_3b,zero_shot,order,getOrderById,FN_getOrderById_END,src/order/order.service.ts,26,32,556cd6ea,jest,2,jest,unknown,"C:\Users\cdbaz\OneDrive\Documentos\Projetos\usp\tcc\health-microservice-corpus\corpus\src\order\order.service.ts:2963
      throw new common_1.NotFoundException(`Order with id ${id} not found`);
            ^

[NotFoundException: Order with id 123 not found] {
  response: {
    message: 'Order with id 123 not found',
    error: 'Not Found',
    statusCode: 404
  },
  status: 404,
  options: {}
}

Node.js v18.16.0",0d4b6d1596fb29689aa858a94bf362576501f06773c7791a3f725d0ed2c0dd1c,,C:\Users\cdbaz\OneDrive\Documentos\Projetos\usp\tcc\health-microservice-corpus\experiments\logs\errors\run-20260901T031236.570959Z\0d4b6d1596fb29689aa858a94bf362576501f06773c7791a3f725d0ed2c0dd1c.txt
run-20260901T031236.570959Z,2026-09-01T03:26:45.998489+00:00,qwen_coder_3b,zero_shot,order,getOrderById,FN_getOrderById_END,src/order/order.service.ts,26,32,556cd6ea,repair,2,repair,unparseable_failure,0 failures parsed from Jest output; whole-file repair is disabled for this attempt.,2ca322236f16007840cf7e8abfbc15162da7933dc8752f1c6a0b9c76d3d03702,,
run-20260901T031236.570959Z,2026-09-01T03:26:49.059191+00:00,qwen_coder_3b,zero_shot,order,getOrderById,FN_getOrderById_END,src/order/order.service.ts,26,32,556cd6ea,jest,3,jest,unknown,"C:\Users\cdbaz\OneDrive\Documentos\Projetos\usp\tcc\health-microservice-corpus\corpus\src\order\order.service.ts:2963
      throw new common_1.NotFoundException(`Order with id ${id} not found`);
            ^

[NotFoundException: Order with id 123 not found] {
  response: {
    message: 'Order with id 123 not found',
    error: 'Not Found',
    statusCode: 404
  },
  status: 404,
  options: {}
}

Node.js v18.16.0",0d4b6d1596fb29689aa858a94bf362576501f06773c7791a3f725d0ed2c0dd1c,,C:\Users\cdbaz\OneDrive\Documentos\Projetos\usp\tcc\health-microservice-corpus\experiments\logs\errors\run-20260901T031236.570959Z\0d4b6d1596fb29689aa858a94bf362576501f06773c7791a3f725d0ed2c0dd1c.txt
run-20260901T031236.570959Z,2026-09-01T03:26:49.059191+00:00,qwen_coder_3b,zero_shot,order,getOrderById,FN_getOrderById_END,src/order/order.service.ts,26,32,556cd6ea,repair,3,repair,unparseable_failure,0 failures parsed from Jest output; whole-file repair is disabled for this attempt.,2ca322236f16007840cf7e8abfbc15162da7933dc8752f1c6a0b9c76d3d03702,,
run-20260901T031236.570959Z,2026-09-01T03:26:52.148707+00:00,qwen_coder_3b,zero_shot,order,getOrderById,FN_getOrderById_END,src/order/order.service.ts,26,32,556cd6ea,jest,4,jest,unknown,"C:\Users\cdbaz\OneDrive\Documentos\Projetos\usp\tcc\health-microservice-corpus\corpus\src\order\order.service.ts:2963
      throw new common_1.NotFoundException(`Order with id ${id} not found`);
            ^

[NotFoundException: Order with id 123 not found] {
  response: {
    message: 'Order with id 123 not found',
    error: 'Not Found',
    statusCode: 404
  },
  status: 404,
  options: {}
}

Node.js v18.16.0",0d4b6d1596fb29689aa858a94bf362576501f06773c7791a3f725d0ed2c0dd1c,,C:\Users\cdbaz\OneDrive\Documentos\Projetos\usp\tcc\health-microservice-corpus\experiments\logs\errors\run-20260901T031236.570959Z\0d4b6d1596fb29689aa858a94bf362576501f06773c7791a3f725d0ed2c0dd1c.txt
run-20260901T031236.570959Z,2026-09-01T03:26:52.148707+00:00,qwen_coder_3b,zero_shot,order,getOrderById,FN_getOrderById_END,src/order/order.service.ts,26,32,556cd6ea,repair,4,repair,unparseable_failure,0 failures parsed from Jest output; whole-file repair is disabled for this attempt.,2ca322236f16007840cf7e8abfbc15162da7933dc8752f1c6a0b9c76d3d03702,,
run-20260901T031236.570959Z,2026-09-01T03:26:55.122874+00:00,qwen_coder_3b,zero_shot,order,getOrderById,FN_getOrderById_END,src/order/order.service.ts,26,32,556cd6ea,jest,5,jest,unknown,"C:\Users\cdbaz\OneDrive\Documentos\Projetos\usp\tcc\health-microservice-corpus\corpus\src\order\order.service.ts:2963
      throw new common_1.NotFoundException(`Order with id ${id} not found`);
            ^

[NotFoundException: Order with id 123 not found] {
  response: {
    message: 'Order with id 123 not found',
    error: 'Not Found',
    statusCode: 404
  },
  status: 404,
  options: {}
}

Node.js v18.16.0",0d4b6d1596fb29689aa858a94bf362576501f06773c7791a3f725d0ed2c0dd1c,,C:\Users\cdbaz\OneDrive\Documentos\Projetos\usp\tcc\health-microservice-corpus\experiments\logs\errors\run-20260901T031236.570959Z\0d4b6d1596fb29689aa858a94bf362576501f06773c7791a3f725d0ed2c0dd1c.txt
run-20260901T031236.570959Z,2026-09-01T03:26:55.122874+00:00,qwen_coder_3b,zero_shot,order,getOrderById,FN_getOrderById_END,src/order/order.service.ts,26,32,556cd6ea,repair,5,repair,max_repairs_exceeded,Runtime repair exhausted MAX_RUNTIME_REPAIRS=5 attempts,07669857ffb0ce3ee50e620aaa2bdb3e306e87699a96b0b0862427652773b240,,
run-20260901T031236.570959Z,2026-09-01T03:26:55.122874+00:00,qwen_coder_3b,zero_shot,order,getOrderById,FN_getOrderById_END,src/order/order.service.ts,26,32,556cd6ea,pipeline,,pipeline,rollback,Function 'getOrderById' failed irrecoverably; rolled back to the last known-good snapshot.,41fae868fdc5c54d7d37e6f673dfda887ea1b809a150c18a92460f9da5395f73,restored,
run-20260901T031236.570959Z,2026-09-01T03:27:22.589730+00:00,qwen_coder_3b,zero_shot,order,createOrder,FN_createOrder_END,src/order/order.service.ts,34,70,556cd6ea,jest,1,jest,unknown,"C:\Users\cdbaz\OneDrive\Documentos\Projetos\usp\tcc\health-microservice-corpus\corpus\src\order\order.service.ts:2984
      throw new common_1.BadRequestException('Cannot create order for a discharged encounter');
            ^

[BadRequestException: Cannot create order for a discharged encounter] {
  response: {
    message: 'Cannot create order for a discharged encounter',
    error: 'Bad Request',
    statusCode: 400
  },
  status: 400,
  options: {}
}

Node.js v18.16.0",74b34ff7f3285fad1bcbe32400b2b6f77cf5c67a287bb061ad95cdb8ed427d4c,,C:\Users\cdbaz\OneDrive\Documentos\Projetos\usp\tcc\health-microservice-corpus\experiments\logs\errors\run-20260901T031236.570959Z\74b34ff7f3285fad1bcbe32400b2b6f77cf5c67a287bb061ad95cdb8ed427d4c.txt
run-20260901T031236.570959Z,2026-09-01T03:27:22.589730+00:00,qwen_coder_3b,zero_shot,order,createOrder,FN_createOrder_END,src/order/order.service.ts,34,70,556cd6ea,repair,1,repair,unparseable_failure,0 failures parsed from Jest output; whole-file repair is disabled for this attempt.,2ca322236f16007840cf7e8abfbc15162da7933dc8752f1c6a0b9c76d3d03702,,
run-20260901T031236.570959Z,2026-09-01T03:27:25.590216+00:00,qwen_coder_3b,zero_shot,order,createOrder,FN_createOrder_END,src/order/order.service.ts,34,70,556cd6ea,jest,2,jest,unknown,"C:\Users\cdbaz\OneDrive\Documentos\Projetos\usp\tcc\health-microservice-corpus\corpus\src\order\order.service.ts:2984
      throw new common_1.BadRequestException('Cannot create order for a discharged encounter');
            ^

[BadRequestException: Cannot create order for a discharged encounter] {
  response: {
    message: 'Cannot create order for a discharged encounter',
    error: 'Bad Request',
    statusCode: 400
  },
  status: 400,
  options: {}
}

Node.js v18.16.0",74b34ff7f3285fad1bcbe32400b2b6f77cf5c67a287bb061ad95cdb8ed427d4c,,C:\Users\cdbaz\OneDrive\Documentos\Projetos\usp\tcc\health-microservice-corpus\experiments\logs\errors\run-20260901T031236.570959Z\74b34ff7f3285fad1bcbe32400b2b6f77cf5c67a287bb061ad95cdb8ed427d4c.txt
run-20260901T031236.570959Z,2026-09-01T03:27:25.590216+00:00,qwen_coder_3b,zero_shot,order,createOrder,FN_createOrder_END,src/order/order.service.ts,34,70,556cd6ea,repair,2,repair,unparseable_failure,0 failures parsed from Jest output; whole-file repair is disabled for this attempt.,2ca322236f16007840cf7e8abfbc15162da7933dc8752f1c6a0b9c76d3d03702,,
run-20260901T031236.570959Z,2026-09-01T03:27:28.593030+00:00,qwen_coder_3b,zero_shot,order,createOrder,FN_createOrder_END,src/order/order.service.ts,34,70,556cd6ea,jest,3,jest,unknown,"C:\Users\cdbaz\OneDrive\Documentos\Projetos\usp\tcc\health-microservice-corpus\corpus\src\order\order.service.ts:2984
      throw new common_1.BadRequestException('Cannot create order for a discharged encounter');
            ^

[BadRequestException: Cannot create order for a discharged encounter] {
  response: {
    message: 'Cannot create order for a discharged encounter',
    error: 'Bad Request',
    statusCode: 400
  },
  status: 400,
  options: {}
}

Node.js v18.16.0",74b34ff7f3285fad1bcbe32400b2b6f77cf5c67a287bb061ad95cdb8ed427d4c,,C:\Users\cdbaz\OneDrive\Documentos\Projetos\usp\tcc\health-microservice-corpus\experiments\logs\errors\run-20260901T031236.570959Z\74b34ff7f3285fad1bcbe32400b2b6f77cf5c67a287bb061ad95cdb8ed427d4c.txt
run-20260901T031236.570959Z,2026-09-01T03:27:28.593030+00:00,qwen_coder_3b,zero_shot,order,createOrder,FN_createOrder_END,src/order/order.service.ts,34,70,556cd6ea,repair,3,repair,unparseable_failure,0 failures parsed from Jest output; whole-file repair is disabled for this attempt.,2ca322236f16007840cf7e8abfbc15162da7933dc8752f1c6a0b9c76d3d03702,,
run-20260901T031236.570959Z,2026-09-01T03:27:31.663132+00:00,qwen_coder_3b,zero_shot,order,createOrder,FN_createOrder_END,src/order/order.service.ts,34,70,556cd6ea,jest,4,jest,unknown,"C:\Users\cdbaz\OneDrive\Documentos\Projetos\usp\tcc\health-microservice-corpus\corpus\src\order\order.service.ts:2984
      throw new common_1.BadRequestException('Cannot create order for a discharged encounter');
            ^

[BadRequestException: Cannot create order for a discharged encounter] {
  response: {
    message: 'Cannot create order for a discharged encounter',
    error: 'Bad Request',
    statusCode: 400
  },
  status: 400,
  options: {}
}

Node.js v18.16.0",74b34ff7f3285fad1bcbe32400b2b6f77cf5c67a287bb061ad95cdb8ed427d4c,,C:\Users\cdbaz\OneDrive\Documentos\Projetos\usp\tcc\health-microservice-corpus\experiments\logs\errors\run-20260901T031236.570959Z\74b34ff7f3285fad1bcbe32400b2b6f77cf5c67a287bb061ad95cdb8ed427d4c.txt
run-20260901T031236.570959Z,2026-09-01T03:27:31.667487+00:00,qwen_coder_3b,zero_shot,order,createOrder,FN_createOrder_END,src/order/order.service.ts,34,70,556cd6ea,repair,4,repair,unparseable_failure,0 failures parsed from Jest output; whole-file repair is disabled for this attempt.,2ca322236f16007840cf7e8abfbc15162da7933dc8752f1c6a0b9c76d3d03702,,
run-20260901T031236.570959Z,2026-09-01T03:27:34.676439+00:00,qwen_coder_3b,zero_shot,order,createOrder,FN_createOrder_END,src/order/order.service.ts,34,70,556cd6ea,jest,5,jest,unknown,"C:\Users\cdbaz\OneDrive\Documentos\Projetos\usp\tcc\health-microservice-corpus\corpus\src\order\order.service.ts:2984
      throw new common_1.BadRequestException('Cannot create order for a discharged encounter');
            ^

[BadRequestException: Cannot create order for a discharged encounter] {
  response: {
    message: 'Cannot create order for a discharged encounter',
    error: 'Bad Request',
    statusCode: 400
  },
  status: 400,
  options: {}
}

Node.js v18.16.0",74b34ff7f3285fad1bcbe32400b2b6f77cf5c67a287bb061ad95cdb8ed427d4c,,C:\Users\cdbaz\OneDrive\Documentos\Projetos\usp\tcc\health-microservice-corpus\experiments\logs\errors\run-20260901T031236.570959Z\74b34ff7f3285fad1bcbe32400b2b6f77cf5c67a287bb061ad95cdb8ed427d4c.txt
run-20260901T031236.570959Z,2026-09-01T03:27:34.676439+00:00,qwen_coder_3b,zero_shot,order,createOrder,FN_createOrder_END,src/order/order.service.ts,34,70,556cd6ea,repair,5,repair,max_repairs_exceeded,Runtime repair exhausted MAX_RUNTIME_REPAIRS=5 attempts,07669857ffb0ce3ee50e620aaa2bdb3e306e87699a96b0b0862427652773b240,,
run-20260901T031236.570959Z,2026-09-01T03:27:34.676439+00:00,qwen_coder_3b,zero_shot,order,createOrder,FN_createOrder_END,src/order/order.service.ts,34,70,556cd6ea,pipeline,,pipeline,rollback,Function 'createOrder' failed irrecoverably; rolled back to the last known-good snapshot.,8ec762b0b80197454cef8bea4eeb6865fd9a969a538418f8dd62319f96f66918,restored,
run-20260901T031236.570959Z,2026-09-01T03:27:46.730663+00:00,qwen_coder_3b,zero_shot,order,searchOrders,FN_searchOrders_END,src/order/order.service.ts,72,74,556cd6ea,jest,1,jest,unknown,"should throw a NotFoundException if no orders are found: Error: expect(received).rejects.toThrow()

Received promise resolved instead of rejected
Resolved to value: []",b5aac2e5153717e77befe3ec1ffefcf61c2e860b7d0e4ebd86217794cc4fadc8,,C:\Users\cdbaz\OneDrive\Documentos\Projetos\usp\tcc\health-microservice-corpus\experiments\logs\errors\run-20260901T031236.570959Z\b5aac2e5153717e77befe3ec1ffefcf61c2e860b7d0e4ebd86217794cc4fadc8.txt
run-20260901T031236.570959Z,2026-09-01T03:28:19.648784+00:00,qwen_coder_3b,zero_shot,order,searchOrdersAdvanced,FN_searchOrdersAdvanced_END,src/order/order.service.ts,76,78,556cd6ea,jest,1,jest,runtime_error,should throw a BadRequestException if the dto is invalid: TypeError: expect(...).rejects.toThrowError is not a function,d46714bef598980eb2ce3298b9bfc14c6a05441f76165baeed065e66443f2144,,C:\Users\cdbaz\OneDrive\Documentos\Projetos\usp\tcc\health-microservice-corpus\experiments\logs\errors\run-20260901T031236.570959Z\d46714bef598980eb2ce3298b9bfc14c6a05441f76165baeed065e66443f2144.txt
run-20260901T031236.570959Z,2026-09-01T03:28:19.648784+00:00,qwen_coder_3b,zero_shot,order,searchOrdersAdvanced,FN_searchOrdersAdvanced_END,src/order/order.service.ts,76,78,556cd6ea,jest,1,jest,runtime_error,should throw a NotFoundException if no orders are found: TypeError: expect(...).rejects.toThrowError is not a function,d46714bef598980eb2ce3298b9bfc14c6a05441f76165baeed065e66443f2144,,C:\Users\cdbaz\OneDrive\Documentos\Projetos\usp\tcc\health-microservice-corpus\experiments\logs\errors\run-20260901T031236.570959Z\d46714bef598980eb2ce3298b9bfc14c6a05441f76165baeed065e66443f2144.txt
run-20260901T031236.570959Z,2026-09-01T03:28:43.948096+00:00,qwen_coder_3b,zero_shot,order,searchOrdersAdvanced,FN_searchOrdersAdvanced_END,src/order/order.service.ts,76,78,556cd6ea,jest,2,jest,unknown,"should throw a BadRequestException if the dto is invalid: Error: expect(received).rejects.toThrow()

Received promise resolved instead of rejected
Resolved to value: undefined",2da5823d3713cb747d8b4184573a7cf2d68a578eafc0938e418036160204836f,,C:\Users\cdbaz\OneDrive\Documentos\Projetos\usp\tcc\health-microservice-corpus\experiments\logs\errors\run-20260901T031236.570959Z\2da5823d3713cb747d8b4184573a7cf2d68a578eafc0938e418036160204836f.txt
run-20260901T031236.570959Z,2026-09-01T03:28:43.948096+00:00,qwen_coder_3b,zero_shot,order,searchOrdersAdvanced,FN_searchOrdersAdvanced_END,src/order/order.service.ts,76,78,556cd6ea,jest,2,jest,unknown,"should throw a NotFoundException if no orders are found: Error: expect(received).rejects.toThrow()

Received promise resolved instead of rejected
Resolved to value: {""data"": [], ""limit"": 10, ""page"": 1, ""total"": 0, ""totalPages"": 0}",2da5823d3713cb747d8b4184573a7cf2d68a578eafc0938e418036160204836f,,C:\Users\cdbaz\OneDrive\Documentos\Projetos\usp\tcc\health-microservice-corpus\experiments\logs\errors\run-20260901T031236.570959Z\2da5823d3713cb747d8b4184573a7cf2d68a578eafc0938e418036160204836f.txt
run-20260901T031236.570959Z,2026-09-01T03:32:49.621106+00:00,qwen_coder_3b,zero_shot,order,validateOrderResult,FN_validateOrderResult_END,src/order/order.service.ts,80,158,556cd6ea,generation,,generation,invalid_output,invalid_block: forbidden pattern or unclosed scopes,55b22aaa5e1f1db095dc987d67172cb1d34d0bf3bebbec8f61ff60a6b8c43eb3,,C:\Users\cdbaz\OneDrive\Documentos\Projetos\usp\tcc\health-microservice-corpus\experiments\logs\errors\run-20260901T031236.570959Z\55b22aaa5e1f1db095dc987d67172cb1d34d0bf3bebbec8f61ff60a6b8c43eb3.txt
run-20260901T031236.570959Z,2026-09-01T03:34:08.481728+00:00,qwen_coder_3b,zero_shot,patient,createPatient,FN_createPatient_END,src/patient/patient.service.ts,27,51,0ddb42a2,jest,1,jest,assertion_failure,"should create a new patient and save it to the repository: Error: expect(jest.fn()).toHaveBeenCalledWith(...expected)

Expected: ""12345678901""
Received: ""09876543210""

Number of calls: 1",74c4e6f26c81972e9eaf88db020c8d3c0a19e147623527d922da46dd55a85513,,C:\Users\cdbaz\OneDrive\Documentos\Projetos\usp\tcc\health-microservice-corpus\experiments\logs\errors\run-20260901T031236.570959Z\74c4e6f26c81972e9eaf88db020c8d3c0a19e147623527d922da46dd55a85513.txt
run-20260901T031236.570959Z,2026-09-01T03:34:26.972794+00:00,qwen_coder_3b,zero_shot,patient,createPatient,FN_createPatient_END,src/patient/patient.service.ts,27,51,0ddb42a2,jest,2,jest,assertion_failure,"should create a new patient and save it to the repository: Error: expect(jest.fn()).toHaveBeenCalledWith(...expected)

- Expected
+ Received

  Object {
-   ""active"": true,
-   ""birthDate"": 1990-01-01T00:00:00.000Z,
-   ""cpf"": ""09876543210"",
-   ""created_at"": Any<Date>,
-   ""email"": ""john.doe@example.com"",
-   ""encounters"": Array [],
    ""id"": ""1"",
-   ""name"": ""John Doe"",
-   ""sex"": ""M"",
-   ""updated_at"": Any<Date>,
  },

Number of calls: 1",d50dcd39563ab0fd0c59b60142b2b8a5e2821e119cbbaed31acc90874afdf3f4,,C:\Users\cdbaz\OneDrive\Documentos\Projetos\usp\tcc\health-microservice-corpus\experiments\logs\errors\run-20260901T031236.570959Z\d50dcd39563ab0fd0c59b60142b2b8a5e2821e119cbbaed31acc90874afdf3f4.txt
run-20260901T031236.570959Z,2026-09-01T03:35:07.161731+00:00,qwen_coder_3b,zero_shot,patient,updatePatient,FN_updatePatient_END,src/patient/patient.service.ts,53,75,0ddb42a2,jest,1,jest,unknown,"should throw a ConflictException if the email is already registered: Error: expect(received).rejects.toThrow()

Received promise resolved instead of rejected
Resolved to value: {""active"": false, ""birthDate"": 1991-01-01T00:00:00.000Z, ""created_at"": 2026-09-01T03:35:07.054Z, ""email"": ""jane.doe@example.com"", ""encounters"": [], ""id"": ""123"", ""name"": ""Jane Doe"", ""phone"": ""0987654321"", ""sex"": ""F"", ""updated_at"": 2026-09-01T03:35:07.054Z}",2a1d0976c0bf471766ab8f4c99a88438a601645bbc064eec5b2e829031cb14f7,,C:\Users\cdbaz\OneDrive\Documentos\Projetos\usp\tcc\health-microservice-corpus\experiments\logs\errors\run-20260901T031236.570959Z\2a1d0976c0bf471766ab8f4c99a88438a601645bbc064eec5b2e829031cb14f7.txt
run-20260901T031236.570959Z,2026-09-01T03:35:40.341097+00:00,qwen_coder_3b,zero_shot,patient,findByCpfOrFail,FN_findByCpfOrFail_END,src/patient/patient.service.ts,77,83,0ddb42a2,jest,1,jest,runtime_error,should throw NotFoundException when patient is not found by cpf: TypeError: expect(...).rejects.toThrowError is not a function,923587b04fe1bb8381a2fc93b0374739145a3871c37d0cc8eba2bcd97050e497,,C:\Users\cdbaz\OneDrive\Documentos\Projetos\usp\tcc\health-microservice-corpus\experiments\logs\errors\run-20260901T031236.570959Z\923587b04fe1bb8381a2fc93b0374739145a3871c37d0cc8eba2bcd97050e497.txt
run-20260901T031236.570959Z,2026-09-01T03:36:15.489837+00:00,qwen_coder_3b,zero_shot,result,createResult,FN_createResult_END,src/result/result.service.ts,26,39,357b6b51,jest,1,jest,unknown,"should throw a BadRequestException if the order ID is invalid: Error: expect(received).rejects.toThrow()

Received promise resolved instead of rejected
Resolved to value: undefined",ab3f0349e33bd8da5528188e245697dc2cf45865f4b281756862ed1adf11fb66,,C:\Users\cdbaz\OneDrive\Documentos\Projetos\usp\tcc\health-microservice-corpus\experiments\logs\errors\run-20260901T031236.570959Z\ab3f0349e33bd8da5528188e245697dc2cf45865f4b281756862ed1adf11fb66.txt
run-20260901T031236.570959Z,2026-09-01T03:36:15.489837+00:00,qwen_coder_3b,zero_shot,result,createResult,FN_createResult_END,src/result/result.service.ts,26,39,357b6b51,jest,1,jest,unknown,"should throw a NotFoundException if the order is not found: Error: expect(received).rejects.toThrow()

Received promise resolved instead of rejected
Resolved to value: undefined",ab3f0349e33bd8da5528188e245697dc2cf45865f4b281756862ed1adf11fb66,,C:\Users\cdbaz\OneDrive\Documentos\Projetos\usp\tcc\health-microservice-corpus\experiments\logs\errors\run-20260901T031236.570959Z\ab3f0349e33bd8da5528188e245697dc2cf45865f4b281756862ed1adf11fb66.txt
run-20260901T031236.570959Z,2026-09-01T03:36:38.003747+00:00,qwen_coder_3b,zero_shot,result,createResult,FN_createResult_END,src/result/result.service.ts,26,39,357b6b51,jest,2,jest,unknown,"should throw a NotFoundException if the order is not found: Error: expect(received).rejects.toThrow()

Received promise resolved instead of rejected
Resolved to value: undefined",00fae7e36b39aa653471dd08f15a745c1d2e4f35db502cc805f6ced331dfbfef,,C:\Users\cdbaz\OneDrive\Documentos\Projetos\usp\tcc\health-microservice-corpus\experiments\logs\errors\run-20260901T031236.570959Z\00fae7e36b39aa653471dd08f15a745c1d2e4f35db502cc805f6ced331dfbfef.txt
run-20260901T031236.570959Z,2026-09-01T03:36:49.861736+00:00,qwen_coder_3b,zero_shot,result,createResult,FN_createResult_END,src/result/result.service.ts,26,39,357b6b51,jest,3,jest,unknown,"should throw a NotFoundException if the order is not found: Error: expect(received).rejects.toThrow()

Received promise resolved instead of rejected
Resolved to value: undefined",4565573b73d33824c0a28c7ef08b8564927d36334698ebe6f6758179bf90f9a2,,C:\Users\cdbaz\OneDrive\Documentos\Projetos\usp\tcc\health-microservice-corpus\experiments\logs\errors\run-20260901T031236.570959Z\4565573b73d33824c0a28c7ef08b8564927d36334698ebe6f6758179bf90f9a2.txt
run-20260901T031236.570959Z,2026-09-01T03:36:53.615017+00:00,qwen_coder_3b,zero_shot,result,createResult,FN_createResult_END,src/result/result.service.ts,26,39,357b6b51,repair,3,repair,repair_failed,1 repair attempt(s) did not produce a valid fix,a19dd2f169fea0f558514ac3dac1b23af029a1260819d762429f620cb291dccb,,
run-20260901T031236.570959Z,2026-09-01T03:37:07.975855+00:00,qwen_coder_3b,zero_shot,result,searchResults,FN_searchResults_END,src/result/result.service.ts,41,43,357b6b51,jest,1,jest,unknown,"should return an empty array when no results are found: Error: Nest can't resolve dependencies of the ResultService (ResultRepository, ?). Please make sure that the argument OrderService at index [1] is available in the RootTestModule module.

Potential solutions:
- Is RootTestModule a valid NestJS module?
- If OrderService is a provider, is it part of the current RootTestModule?
- If OrderService is exported from a separate @Module, is that module imported within RootTestModule?
  @Module({
   ",0086279c99e288ed6942452c972e61cd8b228656b0a4a9e4a383eee66340c002,,C:\Users\cdbaz\OneDrive\Documentos\Projetos\usp\tcc\health-microservice-corpus\experiments\logs\errors\run-20260901T031236.570959Z\0086279c99e288ed6942452c972e61cd8b228656b0a4a9e4a383eee66340c002.txt
run-20260901T031236.570959Z,2026-09-01T03:37:07.975855+00:00,qwen_coder_3b,zero_shot,result,searchResults,FN_searchResults_END,src/result/result.service.ts,41,43,357b6b51,jest,1,jest,unknown,"should call the resultRepository.search method with the correct dto: Error: Nest can't resolve dependencies of the ResultService (ResultRepository, ?). Please make sure that the argument OrderService at index [1] is available in the RootTestModule module.

Potential solutions:
- Is RootTestModule a valid NestJS module?
- If OrderService is a provider, is it part of the current RootTestModule?
- If OrderService is exported from a separate @Module, is that module imported within RootTestModule?
  ",0086279c99e288ed6942452c972e61cd8b228656b0a4a9e4a383eee66340c002,,C:\Users\cdbaz\OneDrive\Documentos\Projetos\usp\tcc\health-microservice-corpus\experiments\logs\errors\run-20260901T031236.570959Z\0086279c99e288ed6942452c972e61cd8b228656b0a4a9e4a383eee66340c002.txt
run-20260901T031236.570959Z,2026-09-01T03:37:41.554110+00:00,qwen_coder_3b,zero_shot,result,getResultById,FN_getResultById_END,src/result/result.service.ts,45,51,357b6b51,jest,1,jest,unknown,"C:\Users\cdbaz\OneDrive\Documentos\Projetos\usp\tcc\health-microservice-corpus\corpus\src\result\result.service.ts:3515
      throw new common_1.NotFoundException(`Result with id ${id} not found`);
            ^

[NotFoundException: Result with id 123 not found] {
  response: {
    message: 'Result with id 123 not found',
    error: 'Not Found',
    statusCode: 404
  },
  status: 404,
  options: {}
}

Node.js v18.16.0",462a14279a63f4c5b362c6d2acdc54cca6b6798a365850843c6f6135eb36e8e0,,C:\Users\cdbaz\OneDrive\Documentos\Projetos\usp\tcc\health-microservice-corpus\experiments\logs\errors\run-20260901T031236.570959Z\462a14279a63f4c5b362c6d2acdc54cca6b6798a365850843c6f6135eb36e8e0.txt
run-20260901T031236.570959Z,2026-09-01T03:37:41.554110+00:00,qwen_coder_3b,zero_shot,result,getResultById,FN_getResultById_END,src/result/result.service.ts,45,51,357b6b51,repair,1,repair,unparseable_failure,0 failures parsed from Jest output; whole-file repair is disabled for this attempt.,2ca322236f16007840cf7e8abfbc15162da7933dc8752f1c6a0b9c76d3d03702,,
run-20260901T031236.570959Z,2026-09-01T03:37:44.529007+00:00,qwen_coder_3b,zero_shot,result,getResultById,FN_getResultById_END,src/result/result.service.ts,45,51,357b6b51,jest,2,jest,unknown,"C:\Users\cdbaz\OneDrive\Documentos\Projetos\usp\tcc\health-microservice-corpus\corpus\src\result\result.service.ts:3515
      throw new common_1.NotFoundException(`Result with id ${id} not found`);
            ^

[NotFoundException: Result with id 123 not found] {
  response: {
    message: 'Result with id 123 not found',
    error: 'Not Found',
    statusCode: 404
  },
  status: 404,
  options: {}
}

Node.js v18.16.0",462a14279a63f4c5b362c6d2acdc54cca6b6798a365850843c6f6135eb36e8e0,,C:\Users\cdbaz\OneDrive\Documentos\Projetos\usp\tcc\health-microservice-corpus\experiments\logs\errors\run-20260901T031236.570959Z\462a14279a63f4c5b362c6d2acdc54cca6b6798a365850843c6f6135eb36e8e0.txt
run-20260901T031236.570959Z,2026-09-01T03:37:44.529007+00:00,qwen_coder_3b,zero_shot,result,getResultById,FN_getResultById_END,src/result/result.service.ts,45,51,357b6b51,repair,2,repair,unparseable_failure,0 failures parsed from Jest output; whole-file repair is disabled for this attempt.,2ca322236f16007840cf7e8abfbc15162da7933dc8752f1c6a0b9c76d3d03702,,
run-20260901T031236.570959Z,2026-09-01T03:37:47.502246+00:00,qwen_coder_3b,zero_shot,result,getResultById,FN_getResultById_END,src/result/result.service.ts,45,51,357b6b51,jest,3,jest,unknown,"C:\Users\cdbaz\OneDrive\Documentos\Projetos\usp\tcc\health-microservice-corpus\corpus\src\result\result.service.ts:3515
      throw new common_1.NotFoundException(`Result with id ${id} not found`);
            ^

[NotFoundException: Result with id 123 not found] {
  response: {
    message: 'Result with id 123 not found',
    error: 'Not Found',
    statusCode: 404
  },
  status: 404,
  options: {}
}

Node.js v18.16.0",462a14279a63f4c5b362c6d2acdc54cca6b6798a365850843c6f6135eb36e8e0,,C:\Users\cdbaz\OneDrive\Documentos\Projetos\usp\tcc\health-microservice-corpus\experiments\logs\errors\run-20260901T031236.570959Z\462a14279a63f4c5b362c6d2acdc54cca6b6798a365850843c6f6135eb36e8e0.txt
run-20260901T031236.570959Z,2026-09-01T03:37:47.502246+00:00,qwen_coder_3b,zero_shot,result,getResultById,FN_getResultById_END,src/result/result.service.ts,45,51,357b6b51,repair,3,repair,unparseable_failure,0 failures parsed from Jest output; whole-file repair is disabled for this attempt.,2ca322236f16007840cf7e8abfbc15162da7933dc8752f1c6a0b9c76d3d03702,,
run-20260901T031236.570959Z,2026-09-01T03:37:50.465242+00:00,qwen_coder_3b,zero_shot,result,getResultById,FN_getResultById_END,src/result/result.service.ts,45,51,357b6b51,jest,4,jest,unknown,"C:\Users\cdbaz\OneDrive\Documentos\Projetos\usp\tcc\health-microservice-corpus\corpus\src\result\result.service.ts:3515
      throw new common_1.NotFoundException(`Result with id ${id} not found`);
            ^

[NotFoundException: Result with id 123 not found] {
  response: {
    message: 'Result with id 123 not found',
    error: 'Not Found',
    statusCode: 404
  },
  status: 404,
  options: {}
}

Node.js v18.16.0",462a14279a63f4c5b362c6d2acdc54cca6b6798a365850843c6f6135eb36e8e0,,C:\Users\cdbaz\OneDrive\Documentos\Projetos\usp\tcc\health-microservice-corpus\experiments\logs\errors\run-20260901T031236.570959Z\462a14279a63f4c5b362c6d2acdc54cca6b6798a365850843c6f6135eb36e8e0.txt
run-20260901T031236.570959Z,2026-09-01T03:37:50.465242+00:00,qwen_coder_3b,zero_shot,result,getResultById,FN_getResultById_END,src/result/result.service.ts,45,51,357b6b51,repair,4,repair,unparseable_failure,0 failures parsed from Jest output; whole-file repair is disabled for this attempt.,2ca322236f16007840cf7e8abfbc15162da7933dc8752f1c6a0b9c76d3d03702,,
run-20260901T031236.570959Z,2026-09-01T03:37:53.390659+00:00,qwen_coder_3b,zero_shot,result,getResultById,FN_getResultById_END,src/result/result.service.ts,45,51,357b6b51,jest,5,jest,unknown,"C:\Users\cdbaz\OneDrive\Documentos\Projetos\usp\tcc\health-microservice-corpus\corpus\src\result\result.service.ts:3515
      throw new common_1.NotFoundException(`Result with id ${id} not found`);
            ^

[NotFoundException: Result with id 123 not found] {
  response: {
    message: 'Result with id 123 not found',
    error: 'Not Found',
    statusCode: 404
  },
  status: 404,
  options: {}
}

Node.js v18.16.0",462a14279a63f4c5b362c6d2acdc54cca6b6798a365850843c6f6135eb36e8e0,,C:\Users\cdbaz\OneDrive\Documentos\Projetos\usp\tcc\health-microservice-corpus\experiments\logs\errors\run-20260901T031236.570959Z\462a14279a63f4c5b362c6d2acdc54cca6b6798a365850843c6f6135eb36e8e0.txt
run-20260901T031236.570959Z,2026-09-01T03:37:53.406526+00:00,qwen_coder_3b,zero_shot,result,getResultById,FN_getResultById_END,src/result/result.service.ts,45,51,357b6b51,repair,5,repair,max_repairs_exceeded,Runtime repair exhausted MAX_RUNTIME_REPAIRS=5 attempts,07669857ffb0ce3ee50e620aaa2bdb3e306e87699a96b0b0862427652773b240,,
run-20260901T031236.570959Z,2026-09-01T03:37:53.406526+00:00,qwen_coder_3b,zero_shot,result,getResultById,FN_getResultById_END,src/result/result.service.ts,45,51,357b6b51,pipeline,,pipeline,rollback,Function 'getResultById' failed irrecoverably; rolled back to the last known-good snapshot.,0cc5f9493cb8e5b7d0c5bfd5db24ef42a9e0e43e0da83ba331c905fae6e10436,restored,
run-20260901T031236.570959Z,2026-09-01T03:38:13.628917+00:00,qwen_coder_3b,zero_shot,result,buildResultReport,FN_buildResultReport_END,src/result/result.service.ts,53,124,357b6b51,jest,1,jest,unknown,"C:\Users\cdbaz\OneDrive\Documentos\Projetos\usp\tcc\health-microservice-corpus\corpus\src\result\result.service.ts:3539
      throw new common_1.NotFoundException(`No results found for order ${orderId}`);
            ^

[NotFoundException: No results found for order 123] {
  response: {
    message: 'No results found for order 123',
    error: 'Not Found',
    statusCode: 404
  },
  status: 404,
  options: {}
}

Node.js v18.16.0",29d4d4368b3d1dccb0a13b36ea4794dadac384c5d8b54f109cd1cb0a6a474b61,,C:\Users\cdbaz\OneDrive\Documentos\Projetos\usp\tcc\health-microservice-corpus\experiments\logs\errors\run-20260901T031236.570959Z\29d4d4368b3d1dccb0a13b36ea4794dadac384c5d8b54f109cd1cb0a6a474b61.txt
run-20260901T031236.570959Z,2026-09-01T03:38:13.628917+00:00,qwen_coder_3b,zero_shot,result,buildResultReport,FN_buildResultReport_END,src/result/result.service.ts,53,124,357b6b51,repair,1,repair,unparseable_failure,0 failures parsed from Jest output; whole-file repair is disabled for this attempt.,2ca322236f16007840cf7e8abfbc15162da7933dc8752f1c6a0b9c76d3d03702,,
run-20260901T031236.570959Z,2026-09-01T03:38:16.692335+00:00,qwen_coder_3b,zero_shot,result,buildResultReport,FN_buildResultReport_END,src/result/result.service.ts,53,124,357b6b51,jest,2,jest,unknown,"C:\Users\cdbaz\OneDrive\Documentos\Projetos\usp\tcc\health-microservice-corpus\corpus\src\result\result.service.ts:3539
      throw new common_1.NotFoundException(`No results found for order ${orderId}`);
            ^

[NotFoundException: No results found for order 123] {
  response: {
    message: 'No results found for order 123',
    error: 'Not Found',
    statusCode: 404
  },
  status: 404,
  options: {}
}

Node.js v18.16.0",29d4d4368b3d1dccb0a13b36ea4794dadac384c5d8b54f109cd1cb0a6a474b61,,C:\Users\cdbaz\OneDrive\Documentos\Projetos\usp\tcc\health-microservice-corpus\experiments\logs\errors\run-20260901T031236.570959Z\29d4d4368b3d1dccb0a13b36ea4794dadac384c5d8b54f109cd1cb0a6a474b61.txt
run-20260901T031236.570959Z,2026-09-01T03:38:16.692335+00:00,qwen_coder_3b,zero_shot,result,buildResultReport,FN_buildResultReport_END,src/result/result.service.ts,53,124,357b6b51,repair,2,repair,unparseable_failure,0 failures parsed from Jest output; whole-file repair is disabled for this attempt.,2ca322236f16007840cf7e8abfbc15162da7933dc8752f1c6a0b9c76d3d03702,,
run-20260901T031236.570959Z,2026-09-01T03:38:19.705431+00:00,qwen_coder_3b,zero_shot,result,buildResultReport,FN_buildResultReport_END,src/result/result.service.ts,53,124,357b6b51,jest,3,jest,unknown,"C:\Users\cdbaz\OneDrive\Documentos\Projetos\usp\tcc\health-microservice-corpus\corpus\src\result\result.service.ts:3539
      throw new common_1.NotFoundException(`No results found for order ${orderId}`);
            ^

[NotFoundException: No results found for order 123] {
  response: {
    message: 'No results found for order 123',
    error: 'Not Found',
    statusCode: 404
  },
  status: 404,
  options: {}
}

Node.js v18.16.0",29d4d4368b3d1dccb0a13b36ea4794dadac384c5d8b54f109cd1cb0a6a474b61,,C:\Users\cdbaz\OneDrive\Documentos\Projetos\usp\tcc\health-microservice-corpus\experiments\logs\errors\run-20260901T031236.570959Z\29d4d4368b3d1dccb0a13b36ea4794dadac384c5d8b54f109cd1cb0a6a474b61.txt
run-20260901T031236.570959Z,2026-09-01T03:38:19.705431+00:00,qwen_coder_3b,zero_shot,result,buildResultReport,FN_buildResultReport_END,src/result/result.service.ts,53,124,357b6b51,repair,3,repair,unparseable_failure,0 failures parsed from Jest output; whole-file repair is disabled for this attempt.,2ca322236f16007840cf7e8abfbc15162da7933dc8752f1c6a0b9c76d3d03702,,
run-20260901T031236.570959Z,2026-09-01T03:38:22.833050+00:00,qwen_coder_3b,zero_shot,result,buildResultReport,FN_buildResultReport_END,src/result/result.service.ts,53,124,357b6b51,jest,4,jest,unknown,"C:\Users\cdbaz\OneDrive\Documentos\Projetos\usp\tcc\health-microservice-corpus\corpus\src\result\result.service.ts:3539
      throw new common_1.NotFoundException(`No results found for order ${orderId}`);
            ^

[NotFoundException: No results found for order 123] {
  response: {
    message: 'No results found for order 123',
    error: 'Not Found',
    statusCode: 404
  },
  status: 404,
  options: {}
}

Node.js v18.16.0",29d4d4368b3d1dccb0a13b36ea4794dadac384c5d8b54f109cd1cb0a6a474b61,,C:\Users\cdbaz\OneDrive\Documentos\Projetos\usp\tcc\health-microservice-corpus\experiments\logs\errors\run-20260901T031236.570959Z\29d4d4368b3d1dccb0a13b36ea4794dadac384c5d8b54f109cd1cb0a6a474b61.txt
run-20260901T031236.570959Z,2026-09-01T03:38:22.833050+00:00,qwen_coder_3b,zero_shot,result,buildResultReport,FN_buildResultReport_END,src/result/result.service.ts,53,124,357b6b51,repair,4,repair,unparseable_failure,0 failures parsed from Jest output; whole-file repair is disabled for this attempt.,2ca322236f16007840cf7e8abfbc15162da7933dc8752f1c6a0b9c76d3d03702,,
run-20260901T031236.570959Z,2026-09-01T03:38:25.817098+00:00,qwen_coder_3b,zero_shot,result,buildResultReport,FN_buildResultReport_END,src/result/result.service.ts,53,124,357b6b51,jest,5,jest,unknown,"C:\Users\cdbaz\OneDrive\Documentos\Projetos\usp\tcc\health-microservice-corpus\corpus\src\result\result.service.ts:3539
      throw new common_1.NotFoundException(`No results found for order ${orderId}`);
            ^

[NotFoundException: No results found for order 123] {
  response: {
    message: 'No results found for order 123',
    error: 'Not Found',
    statusCode: 404
  },
  status: 404,
  options: {}
}

Node.js v18.16.0",29d4d4368b3d1dccb0a13b36ea4794dadac384c5d8b54f109cd1cb0a6a474b61,,C:\Users\cdbaz\OneDrive\Documentos\Projetos\usp\tcc\health-microservice-corpus\experiments\logs\errors\run-20260901T031236.570959Z\29d4d4368b3d1dccb0a13b36ea4794dadac384c5d8b54f109cd1cb0a6a474b61.txt
run-20260901T031236.570959Z,2026-09-01T03:38:25.817098+00:00,qwen_coder_3b,zero_shot,result,buildResultReport,FN_buildResultReport_END,src/result/result.service.ts,53,124,357b6b51,repair,5,repair,max_repairs_exceeded,Runtime repair exhausted MAX_RUNTIME_REPAIRS=5 attempts,07669857ffb0ce3ee50e620aaa2bdb3e306e87699a96b0b0862427652773b240,,
run-20260901T031236.570959Z,2026-09-01T03:38:25.817098+00:00,qwen_coder_3b,zero_shot,result,buildResultReport,FN_buildResultReport_END,src/result/result.service.ts,53,124,357b6b51,pipeline,,pipeline,rollback,Function 'buildResultReport' failed irrecoverably; rolled back to the last known-good snapshot.,d285890356c1804260cde89e9125016f3b062f8275892dc1d62cdb83ebd6d4cd,restored,
run-20260901T031236.570959Z,2026-09-01T03:38:55.124892+00:00,qwen_coder_3b,zero_shot,result,updateResult,FN_updateResult_END,src/result/result.service.ts,126,206,357b6b51,jest,1,jest,unknown,"should throw BadRequestException if status is CORRECTED and dto.status is provided: Error: Nest can't resolve dependencies of the ResultService (ResultRepository, ?). Please make sure that the argument OrderService at index [1] is available in the RootTestModule module.

Potential solutions:
- Is RootTestModule a valid NestJS module?
- If OrderService is a provider, is it part of the current RootTestModule?
- If OrderService is exported from a separate @Module, is that module imported within Roo",f864f920aed0742dac82fd4fcd9a155247da0b24783d9d750e0c9db2ddb9da69,,C:\Users\cdbaz\OneDrive\Documentos\Projetos\usp\tcc\health-microservice-corpus\experiments\logs\errors\run-20260901T031236.570959Z\f864f920aed0742dac82fd4fcd9a155247da0b24783d9d750e0c9db2ddb9da69.txt
run-20260901T031236.570959Z,2026-09-01T03:38:55.124892+00:00,qwen_coder_3b,zero_shot,result,updateResult,FN_updateResult_END,src/result/result.service.ts,126,206,357b6b51,jest,1,jest,unknown,"should throw BadRequestException if dto.status is invalid for the current result status: Error: Nest can't resolve dependencies of the ResultService (ResultRepository, ?). Please make sure that the argument OrderService at index [1] is available in the RootTestModule module.

Potential solutions:
- Is RootTestModule a valid NestJS module?
- If OrderService is a provider, is it part of the current RootTestModule?
- If OrderService is exported from a separate @Module, is that module imported withi",f864f920aed0742dac82fd4fcd9a155247da0b24783d9d750e0c9db2ddb9da69,,C:\Users\cdbaz\OneDrive\Documentos\Projetos\usp\tcc\health-microservice-corpus\experiments\logs\errors\run-20260901T031236.570959Z\f864f920aed0742dac82fd4fcd9a155247da0b24783d9d750e0c9db2ddb9da69.txt
run-20260901T031236.570959Z,2026-09-01T03:38:55.124892+00:00,qwen_coder_3b,zero_shot,result,updateResult,FN_updateResult_END,src/result/result.service.ts,126,206,357b6b51,jest,1,jest,unknown,"should throw BadRequestException if dto.value is provided for a non-preliminary result: Error: Nest can't resolve dependencies of the ResultService (ResultRepository, ?). Please make sure that the argument OrderService at index [1] is available in the RootTestModule module.

Potential solutions:
- Is RootTestModule a valid NestJS module?
- If OrderService is a provider, is it part of the current RootTestModule?
- If OrderService is exported from a separate @Module, is that module imported within",f864f920aed0742dac82fd4fcd9a155247da0b24783d9d750e0c9db2ddb9da69,,C:\Users\cdbaz\OneDrive\Documentos\Projetos\usp\tcc\health-microservice-corpus\experiments\logs\errors\run-20260901T031236.570959Z\f864f920aed0742dac82fd4fcd9a155247da0b24783d9d750e0c9db2ddb9da69.txt
run-20260901T031236.570959Z,2026-09-01T03:38:55.124892+00:00,qwen_coder_3b,zero_shot,result,updateResult,FN_updateResult_END,src/result/result.service.ts,126,206,357b6b51,jest,1,jest,unknown,"should throw BadRequestException if dto.unit is provided for a non-preliminary result: Error: Nest can't resolve dependencies of the ResultService (ResultRepository, ?). Please make sure that the argument OrderService at index [1] is available in the RootTestModule module.

Potential solutions:
- Is RootTestModule a valid NestJS module?
- If OrderService is a provider, is it part of the current RootTestModule?
- If OrderService is exported from a separate @Module, is that module imported within ",f864f920aed0742dac82fd4fcd9a155247da0b24783d9d750e0c9db2ddb9da69,,C:\Users\cdbaz\OneDrive\Documentos\Projetos\usp\tcc\health-microservice-corpus\experiments\logs\errors\run-20260901T031236.570959Z\f864f920aed0742dac82fd4fcd9a155247da0b24783d9d750e0c9db2ddb9da69.txt
run-20260901T031236.570959Z,2026-09-01T03:38:55.124892+00:00,qwen_coder_3b,zero_shot,result,updateResult,FN_updateResult_END,src/result/result.service.ts,126,206,357b6b51,jest,1,jest,unknown,"should throw BadRequestException if dto.referenceMin is provided for a final result: Error: Nest can't resolve dependencies of the ResultService (ResultRepository, ?). Please make sure that the argument OrderService at index [1] is available in the RootTestModule module.

Potential solutions:
- Is RootTestModule a valid NestJS module?
- If OrderService is a provider, is it part of the current RootTestModule?
- If OrderService is exported from a separate @Module, is that module imported within Ro",f864f920aed0742dac82fd4fcd9a155247da0b24783d9d750e0c9db2ddb9da69,,C:\Users\cdbaz\OneDrive\Documentos\Projetos\usp\tcc\health-microservice-corpus\experiments\logs\errors\run-20260901T031236.570959Z\f864f920aed0742dac82fd4fcd9a155247da0b24783d9d750e0c9db2ddb9da69.txt
run-20260901T031236.570959Z,2026-09-01T03:38:55.124892+00:00,qwen_coder_3b,zero_shot,result,updateResult,FN_updateResult_END,src/result/result.service.ts,126,206,357b6b51,jest,1,jest,unknown,"should throw BadRequestException if dto.referenceMax is provided for a final result: Error: Nest can't resolve dependencies of the ResultService (ResultRepository, ?). Please make sure that the argument OrderService at index [1] is available in the RootTestModule module.

Potential solutions:
- Is RootTestModule a valid NestJS module?
- If OrderService is a provider, is it part of the current RootTestModule?
- If OrderService is exported from a separate @Module, is that module imported within Ro",f864f920aed0742dac82fd4fcd9a155247da0b24783d9d750e0c9db2ddb9da69,,C:\Users\cdbaz\OneDrive\Documentos\Projetos\usp\tcc\health-microservice-corpus\experiments\logs\errors\run-20260901T031236.570959Z\f864f920aed0742dac82fd4fcd9a155247da0b24783d9d750e0c9db2ddb9da69.txt
run-20260901T031236.570959Z,2026-09-01T03:38:55.124892+00:00,qwen_coder_3b,zero_shot,result,updateResult,FN_updateResult_END,src/result/result.service.ts,126,206,357b6b51,jest,1,jest,unknown,"should throw BadRequestException if newMin is greater than or equal to newMax: Error: Nest can't resolve dependencies of the ResultService (ResultRepository, ?). Please make sure that the argument OrderService at index [1] is available in the RootTestModule module.

Potential solutions:
- Is RootTestModule a valid NestJS module?
- If OrderService is a provider, is it part of the current RootTestModule?
- If OrderService is exported from a separate @Module, is that module imported within RootTest",f864f920aed0742dac82fd4fcd9a155247da0b24783d9d750e0c9db2ddb9da69,,C:\Users\cdbaz\OneDrive\Documentos\Projetos\usp\tcc\health-microservice-corpus\experiments\logs\errors\run-20260901T031236.570959Z\f864f920aed0742dac82fd4fcd9a155247da0b24783d9d750e0c9db2ddb9da69.txt
run-20260901T031236.570959Z,2026-09-01T03:38:55.124892+00:00,qwen_coder_3b,zero_shot,result,updateResult,FN_updateResult_END,src/result/result.service.ts,126,206,357b6b51,jest,1,jest,unknown,"should update the result with provided dto fields: Error: Nest can't resolve dependencies of the ResultService (ResultRepository, ?). Please make sure that the argument OrderService at index [1] is available in the RootTestModule module.

Potential solutions:
- Is RootTestModule a valid NestJS module?
- If OrderService is a provider, is it part of the current RootTestModule?
- If OrderService is exported from a separate @Module, is that module imported within RootTestModule?
  @Module({
    impo",f864f920aed0742dac82fd4fcd9a155247da0b24783d9d750e0c9db2ddb9da69,,C:\Users\cdbaz\OneDrive\Documentos\Projetos\usp\tcc\health-microservice-corpus\experiments\logs\errors\run-20260901T031236.570959Z\f864f920aed0742dac82fd4fcd9a155247da0b24783d9d750e0c9db2ddb9da69.txt
run-20260901T031236.570959Z,2026-09-01T03:40:23.342022+00:00,qwen_coder_3b,zero_shot,result,updateResult,FN_updateResult_END,src/result/result.service.ts,126,206,357b6b51,jest,2,jest,unknown,"should update the result with provided dto fields: Error: Nest can't resolve dependencies of the ResultService (ResultRepository, ?). Please make sure that the argument OrderService at index [1] is available in the RootTestModule module.

Potential solutions:
- Is RootTestModule a valid NestJS module?
- If OrderService is a provider, is it part of the current RootTestModule?
- If OrderService is exported from a separate @Module, is that module imported within RootTestModule?
  @Module({
    impo",7b41dbbec1d35773a08e2ebfa14eb576b8bc7988b016b8d3cd93cb4dbff7c80b,,C:\Users\cdbaz\OneDrive\Documentos\Projetos\usp\tcc\health-microservice-corpus\experiments\logs\errors\run-20260901T031236.570959Z\7b41dbbec1d35773a08e2ebfa14eb576b8bc7988b016b8d3cd93cb4dbff7c80b.txt
run-20260901T031236.570959Z,2026-09-01T03:41:08.578560+00:00,qwen_coder_3b,few_shot,encounter,createEncounter,FN_createEncounter_END,src/encounter/encounter.service.ts,30,63,04a941d1,jest,1,jest,assertion_failure,"should throw ConflictException when patient already has an active encounter: Error: expect(received).rejects.toThrow(expected)

Expected constructor: ConflictException
Received constructor: BadRequestException

Received message: ""Ward is required for ADT A01 (admission)""

    [0m [90m 65 |[39m   validateEncounterFields(dto[33m:[39m [33mCreateEncounterDto[39m)[33m:[39m [36mvoid[39m {
     [90m 66 |[39m     [36mif[39m (dto[33m.[39madtType [33m===[39m [33mAdtType[39m[33m.[39m",92b07f89c2a63616bb1165056b527db18fca9e039173d38b011f1b6403c5f59e,,C:\Users\cdbaz\OneDrive\Documentos\Projetos\usp\tcc\health-microservice-corpus\experiments\logs\errors\run-20260901T031236.570959Z\92b07f89c2a63616bb1165056b527db18fca9e039173d38b011f1b6403c5f59e.txt
run-20260901T031236.570959Z,2026-09-01T03:41:08.578560+00:00,qwen_coder_3b,few_shot,encounter,createEncounter,FN_createEncounter_END,src/encounter/encounter.service.ts,30,63,04a941d1,jest,1,jest,unknown,should create and save the encounter: BadRequestException: Ward is required for ADT A01 (admission),92b07f89c2a63616bb1165056b527db18fca9e039173d38b011f1b6403c5f59e,,C:\Users\cdbaz\OneDrive\Documentos\Projetos\usp\tcc\health-microservice-corpus\experiments\logs\errors\run-20260901T031236.570959Z\92b07f89c2a63616bb1165056b527db18fca9e039173d38b011f1b6403c5f59e.txt
run-20260901T031236.570959Z,2026-09-01T03:41:56.134236+00:00,qwen_coder_3b,few_shot,encounter,validateEncounterFields,FN_validateEncounterFields_END,src/encounter/encounter.service.ts,65,91,04a941d1,jest,1,jest,unknown,should throw BadRequestException when ADT Type is A01 and Wart is not provided: BadRequestException: Ward is required for ADT A01 (admission),b9fd1c089e4aaa50d373399bde54e3eecf1481d01b7b9a4d8e187b7edd88b6ea,,C:\Users\cdbaz\OneDrive\Documentos\Projetos\usp\tcc\health-microservice-corpus\experiments\logs\errors\run-20260901T031236.570959Z\b9fd1c089e4aaa50d373399bde54e3eecf1481d01b7b9a4d8e187b7edd88b6ea.txt
run-20260901T031236.570959Z,2026-09-01T03:41:56.134236+00:00,qwen_coder_3b,few_shot,encounter,validateEncounterFields,FN_validateEncounterFields_END,src/encounter/encounter.service.ts,65,91,04a941d1,jest,1,jest,unknown,should throw BadRequestException when ADT Type is A02 and Wart is not provided: BadRequestException: Ward is required for ADT A02 (transfer),b9fd1c089e4aaa50d373399bde54e3eecf1481d01b7b9a4d8e187b7edd88b6ea,,C:\Users\cdbaz\OneDrive\Documentos\Projetos\usp\tcc\health-microservice-corpus\experiments\logs\errors\run-20260901T031236.570959Z\b9fd1c089e4aaa50d373399bde54e3eecf1481d01b7b9a4d8e187b7edd88b6ea.txt
run-20260901T031236.570959Z,2026-09-01T03:41:56.137577+00:00,qwen_coder_3b,few_shot,encounter,validateEncounterFields,FN_validateEncounterFields_END,src/encounter/encounter.service.ts,65,91,04a941d1,jest,1,jest,unknown,should throw BadRequestException when ADT Type is A03 and Wart is provided: BadRequestException: Ward must not be informed for ADT A03 (discharge),b9fd1c089e4aaa50d373399bde54e3eecf1481d01b7b9a4d8e187b7edd88b6ea,,C:\Users\cdbaz\OneDrive\Documentos\Projetos\usp\tcc\health-microservice-corpus\experiments\logs\errors\run-20260901T031236.570959Z\b9fd1c089e4aaa50d373399bde54e3eecf1481d01b7b9a4d8e187b7edd88b6ea.txt
run-20260901T031236.570959Z,2026-09-01T03:41:56.137577+00:00,qwen_coder_3b,few_shot,encounter,validateEncounterFields,FN_validateEncounterFields_END,src/encounter/encounter.service.ts,65,91,04a941d1,jest,1,jest,unknown,should throw BadRequestException when ADT Type is A08 and Wart is provided: BadRequestException: Ward must not be informed for ADT A08 (update),b9fd1c089e4aaa50d373399bde54e3eecf1481d01b7b9a4d8e187b7edd88b6ea,,C:\Users\cdbaz\OneDrive\Documentos\Projetos\usp\tcc\health-microservice-corpus\experiments\logs\errors\run-20260901T031236.570959Z\b9fd1c089e4aaa50d373399bde54e3eecf1481d01b7b9a4d8e187b7edd88b6ea.txt
run-20260901T031236.570959Z,2026-09-01T03:41:56.137577+00:00,qwen_coder_3b,few_shot,encounter,validateEncounterFields,FN_validateEncounterFields_END,src/encounter/encounter.service.ts,65,91,04a941d1,jest,1,jest,unknown,should throw BadRequestException when ADT Type is A08 and PatientId is not provided: BadRequestException: Ward must not be informed for ADT A08 (update),b9fd1c089e4aaa50d373399bde54e3eecf1481d01b7b9a4d8e187b7edd88b6ea,,C:\Users\cdbaz\OneDrive\Documentos\Projetos\usp\tcc\health-microservice-corpus\experiments\logs\errors\run-20260901T031236.570959Z\b9fd1c089e4aaa50d373399bde54e3eecf1481d01b7b9a4d8e187b7edd88b6ea.txt
run-20260901T031236.570959Z,2026-09-01T03:41:56.139584+00:00,qwen_coder_3b,few_shot,encounter,validateEncounterFields,FN_validateEncounterFields_END,src/encounter/encounter.service.ts,65,91,04a941d1,jest,1,jest,unknown,"should not throw any exception when all conditions are met: Error: expect(jest.fn()).toHaveBeenCalled()

Expected number of calls: >= 1
Received number of calls:    0",b9fd1c089e4aaa50d373399bde54e3eecf1481d01b7b9a4d8e187b7edd88b6ea,,C:\Users\cdbaz\OneDrive\Documentos\Projetos\usp\tcc\health-microservice-corpus\experiments\logs\errors\run-20260901T031236.570959Z\b9fd1c089e4aaa50d373399bde54e3eecf1481d01b7b9a4d8e187b7edd88b6ea.txt
run-20260901T031236.570959Z,2026-09-01T03:43:15.278947+00:00,qwen_coder_3b,few_shot,encounter,listEncountersByPatient,FN_listEncountersByPatient_END,src/encounter/encounter.service.ts,93,99,04a941d1,jest,1,jest,unknown,"should throw NotFoundException when patient does not exist: Error: expect(received).rejects.toThrow()

Received promise resolved instead of rejected
Resolved to value: undefined",72e64114597c4c538fa7f7bd07aa16967b5e56e3314a63d253ab339c14440f08,,C:\Users\cdbaz\OneDrive\Documentos\Projetos\usp\tcc\health-microservice-corpus\experiments\logs\errors\run-20260901T031236.570959Z\72e64114597c4c538fa7f7bd07aa16967b5e56e3314a63d253ab339c14440f08.txt
run-20260901T031236.570959Z,2026-09-01T03:43:15.278947+00:00,qwen_coder_3b,few_shot,encounter,listEncountersByPatient,FN_listEncountersByPatient_END,src/encounter/encounter.service.ts,93,99,04a941d1,jest,1,jest,runtime_error,should return encounters for the patient: ReferenceError: patientMock is not defined,72e64114597c4c538fa7f7bd07aa16967b5e56e3314a63d253ab339c14440f08,,C:\Users\cdbaz\OneDrive\Documentos\Projetos\usp\tcc\health-microservice-corpus\experiments\logs\errors\run-20260901T031236.570959Z\72e64114597c4c538fa7f7bd07aa16967b5e56e3314a63d253ab339c14440f08.txt
run-20260901T031236.570959Z,2026-09-01T03:43:39.271725+00:00,qwen_coder_3b,few_shot,encounter,listEncountersByPatient,FN_listEncountersByPatient_END,src/encounter/encounter.service.ts,93,99,04a941d1,jest,2,jest,runtime_error,should return encounters for the patient: ReferenceError: patientMock is not defined,d2c9df63fbb6bc7c2d76100beb3bb91ffc2aa18c5fdcdb9baaf0a7a8b90cfb23,,C:\Users\cdbaz\OneDrive\Documentos\Projetos\usp\tcc\health-microservice-corpus\experiments\logs\errors\run-20260901T031236.570959Z\d2c9df63fbb6bc7c2d76100beb3bb91ffc2aa18c5fdcdb9baaf0a7a8b90cfb23.txt
run-20260901T031236.570959Z,2026-09-01T03:47:41.701531+00:00,qwen_coder_3b,few_shot,encounter,transitionEncounterStatus,FN_transitionEncounterStatus_END,src/encounter/encounter.service.ts,109,197,04a941d1,generation,,generation,invalid_output,invalid_block: forbidden pattern or unclosed scopes,ed24dab2554f5f164fb2e91def897477b8bb4b2cda9c79824212c8e6e074dda7,,C:\Users\cdbaz\OneDrive\Documentos\Projetos\usp\tcc\health-microservice-corpus\experiments\logs\errors\run-20260901T031236.570959Z\ed24dab2554f5f164fb2e91def897477b8bb4b2cda9c79824212c8e6e074dda7.txt
run-20260901T031236.570959Z,2026-09-01T03:49:10.089796+00:00,qwen_coder_3b,few_shot,encounter,processAdtMessage,FN_processAdtMessage_END,src/encounter/encounter.service.ts,199,317,04a941d1,jest,1,jest,runtime_error,"should throw BadRequestException when A01 requires missing fields: Error: expect(received).rejects.toThrow(expected)

Expected constructor: BadRequestException
Received constructor: TypeError

Received message: ""Cannot read properties of undefined (reading 'id')""

    [0m [90m 226 |[39m
     [90m 227 |[39m       [36mconst[39m encounter [33m=[39m [36mawait[39m [36mthis[39m[33m.[39mcreateEncounter({
    [31m[1m>[22m[39m[90m 228 |[39m         patientId[33m:[39m patient[33m.",17aa101a1a6a388daed4232bf873d7a620f9d5cd78bea5afcd7d177ebaa95950,,C:\Users\cdbaz\OneDrive\Documentos\Projetos\usp\tcc\health-microservice-corpus\experiments\logs\errors\run-20260901T031236.570959Z\17aa101a1a6a388daed4232bf873d7a620f9d5cd78bea5afcd7d177ebaa95950.txt
run-20260901T031236.570959Z,2026-09-01T03:49:10.089796+00:00,qwen_coder_3b,few_shot,encounter,processAdtMessage,FN_processAdtMessage_END,src/encounter/encounter.service.ts,199,317,04a941d1,jest,1,jest,runtime_error,should create and return a new patient and encounter for A01: TypeError: Cannot read properties of null (reading 'id'),17aa101a1a6a388daed4232bf873d7a620f9d5cd78bea5afcd7d177ebaa95950,,C:\Users\cdbaz\OneDrive\Documentos\Projetos\usp\tcc\health-microservice-corpus\experiments\logs\errors\run-20260901T031236.570959Z\17aa101a1a6a388daed4232bf873d7a620f9d5cd78bea5afcd7d177ebaa95950.txt
run-20260901T031236.570959Z,2026-09-01T03:49:10.089796+00:00,qwen_coder_3b,few_shot,encounter,processAdtMessage,FN_processAdtMessage_END,src/encounter/encounter.service.ts,199,317,04a941d1,jest,1,jest,runtime_error,should find and update an existing patient and encounter for A01: TypeError: Cannot read properties of undefined (reading 'active'),17aa101a1a6a388daed4232bf873d7a620f9d5cd78bea5afcd7d177ebaa95950,,C:\Users\cdbaz\OneDrive\Documentos\Projetos\usp\tcc\health-microservice-corpus\experiments\logs\errors\run-20260901T031236.570959Z\17aa101a1a6a388daed4232bf873d7a620f9d5cd78bea5afcd7d177ebaa95950.txt
run-20260901T031236.570959Z,2026-09-01T03:49:10.089796+00:00,qwen_coder_3b,few_shot,encounter,processAdtMessage,FN_processAdtMessage_END,src/encounter/encounter.service.ts,199,317,04a941d1,jest,1,jest,runtime_error,"should throw NotFoundException when A02 requires missing fields: Error: expect(received).rejects.toThrow(expected)

Expected constructor: BadRequestException
Received constructor: TypeError

Received message: ""Cannot read properties of undefined (reading 'id')""

    [0m [90m 243 |[39m       [36mconst[39m patient [33m=[39m [36mawait[39m [36mthis[39m[33m.[39mpatientService[33m.[39mfindByCpfOrFail(dto[33m.[39mcpf)[33m;[39m
     [90m 244 |[39m       [36mconst[39m encounter [3",17aa101a1a6a388daed4232bf873d7a620f9d5cd78bea5afcd7d177ebaa95950,,C:\Users\cdbaz\OneDrive\Documentos\Projetos\usp\tcc\health-microservice-corpus\experiments\logs\errors\run-20260901T031236.570959Z\17aa101a1a6a388daed4232bf873d7a620f9d5cd78bea5afcd7d177ebaa95950.txt
run-20260901T031236.570959Z,2026-09-01T03:49:10.089796+00:00,qwen_coder_3b,few_shot,encounter,processAdtMessage,FN_processAdtMessage_END,src/encounter/encounter.service.ts,199,317,04a941d1,jest,1,jest,unknown,should find and update an existing patient and encounter for A02: NotFoundException: Encounter with id 1 not found,17aa101a1a6a388daed4232bf873d7a620f9d5cd78bea5afcd7d177ebaa95950,,C:\Users\cdbaz\OneDrive\Documentos\Projetos\usp\tcc\health-microservice-corpus\experiments\logs\errors\run-20260901T031236.570959Z\17aa101a1a6a388daed4232bf873d7a620f9d5cd78bea5afcd7d177ebaa95950.txt
run-20260901T031236.570959Z,2026-09-01T03:49:10.089796+00:00,qwen_coder_3b,few_shot,encounter,processAdtMessage,FN_processAdtMessage_END,src/encounter/encounter.service.ts,199,317,04a941d1,jest,1,jest,runtime_error,"should throw NotFoundException when A03 requires missing fields: Error: expect(received).rejects.toThrow(expected)

Expected constructor: BadRequestException
Received constructor: TypeError

Received message: ""Cannot read properties of undefined (reading 'id')""

    [0m [90m 273 |[39m       [36mconst[39m patient [33m=[39m [36mawait[39m [36mthis[39m[33m.[39mpatientService[33m.[39mfindByCpfOrFail(dto[33m.[39mcpf)[33m;[39m
     [90m 274 |[39m       [36mconst[39m encounter [3",17aa101a1a6a388daed4232bf873d7a620f9d5cd78bea5afcd7d177ebaa95950,,C:\Users\cdbaz\OneDrive\Documentos\Projetos\usp\tcc\health-microservice-corpus\experiments\logs\errors\run-20260901T031236.570959Z\17aa101a1a6a388daed4232bf873d7a620f9d5cd78bea5afcd7d177ebaa95950.txt
run-20260901T031236.570959Z,2026-09-01T03:49:10.089796+00:00,qwen_coder_3b,few_shot,encounter,processAdtMessage,FN_processAdtMessage_END,src/encounter/encounter.service.ts,199,317,04a941d1,jest,1,jest,unknown,should find and update an existing patient and encounter for A03: NotFoundException: Encounter with id 1 not found,17aa101a1a6a388daed4232bf873d7a620f9d5cd78bea5afcd7d177ebaa95950,,C:\Users\cdbaz\OneDrive\Documentos\Projetos\usp\tcc\health-microservice-corpus\experiments\logs\errors\run-20260901T031236.570959Z\17aa101a1a6a388daed4232bf873d7a620f9d5cd78bea5afcd7d177ebaa95950.txt
run-20260901T031236.570959Z,2026-09-01T03:49:10.089796+00:00,qwen_coder_3b,few_shot,encounter,processAdtMessage,FN_processAdtMessage_END,src/encounter/encounter.service.ts,199,317,04a941d1,jest,1,jest,runtime_error,"should throw BadRequestException when A08 requires at least one field to update: Error: expect(received).rejects.toThrow(expected)

Expected constructor: BadRequestException
Received constructor: TypeError

Received message: ""Cannot read properties of undefined (reading 'id')""

    [0m [90m 303 |[39m
     [90m 304 |[39m       [36mconst[39m patient [33m=[39m [36mawait[39m [36mthis[39m[33m.[39mpatientService[33m.[39mfindByCpfOrFail(dto[33m.[39mcpf)[33m;[39m
    [31m[1m>[22m",17aa101a1a6a388daed4232bf873d7a620f9d5cd78bea5afcd7d177ebaa95950,,C:\Users\cdbaz\OneDrive\Documentos\Projetos\usp\tcc\health-microservice-corpus\experiments\logs\errors\run-20260901T031236.570959Z\17aa101a1a6a388daed4232bf873d7a620f9d5cd78bea5afcd7d177ebaa95950.txt
run-20260901T031236.570959Z,2026-09-01T03:49:10.089796+00:00,qwen_coder_3b,few_shot,encounter,processAdtMessage,FN_processAdtMessage_END,src/encounter/encounter.service.ts,199,317,04a941d1,jest,1,jest,assertion_failure,"should find and update an existing patient and encounter for A08: Error: expect(jest.fn()).toHaveBeenCalledWith(...expected)

Expected: ""1""

Number of calls: 0",17aa101a1a6a388daed4232bf873d7a620f9d5cd78bea5afcd7d177ebaa95950,,C:\Users\cdbaz\OneDrive\Documentos\Projetos\usp\tcc\health-microservice-corpus\experiments\logs\errors\run-20260901T031236.570959Z\17aa101a1a6a388daed4232bf873d7a620f9d5cd78bea5afcd7d177ebaa95950.txt
run-20260901T031236.570959Z,2026-09-01T03:51:26.572426+00:00,qwen_coder_3b,few_shot,encounter,processAdtMessage,FN_processAdtMessage_END,src/encounter/encounter.service.ts,199,317,04a941d1,jest,2,jest,runtime_error,"should throw BadRequestException when patient is not found: Error: expect(received).rejects.toThrow(expected)

Expected constructor: BadRequestException
Received constructor: TypeError

Received message: ""Cannot read properties of null (reading 'id')""

    [0m [90m 226 |[39m
     [90m 227 |[39m       [36mconst[39m encounter [33m=[39m [36mawait[39m [36mthis[39m[33m.[39mcreateEncounter({
    [31m[1m>[22m[39m[90m 228 |[39m         patientId[33m:[39m patient[33m.[39mid[33m,",35251bbda9ab2352e166c2d16974ff3c4523715bcc78f7566849149be713fe56,,C:\Users\cdbaz\OneDrive\Documentos\Projetos\usp\tcc\health-microservice-corpus\experiments\logs\errors\run-20260901T031236.570959Z\35251bbda9ab2352e166c2d16974ff3c4523715bcc78f7566849149be713fe56.txt
run-20260901T031236.570959Z,2026-09-01T03:51:26.572426+00:00,qwen_coder_3b,few_shot,encounter,processAdtMessage,FN_processAdtMessage_END,src/encounter/encounter.service.ts,199,317,04a941d1,jest,2,jest,runtime_error,should find and update an existing patient and encounter for A01: TypeError: Cannot read properties of undefined (reading 'active'),35251bbda9ab2352e166c2d16974ff3c4523715bcc78f7566849149be713fe56,,C:\Users\cdbaz\OneDrive\Documentos\Projetos\usp\tcc\health-microservice-corpus\experiments\logs\errors\run-20260901T031236.570959Z\35251bbda9ab2352e166c2d16974ff3c4523715bcc78f7566849149be713fe56.txt
run-20260901T031236.570959Z,2026-09-01T03:51:26.574442+00:00,qwen_coder_3b,few_shot,encounter,processAdtMessage,FN_processAdtMessage_END,src/encounter/encounter.service.ts,199,317,04a941d1,jest,2,jest,runtime_error,"should throw BadRequestException when A03 requires missing fields: Error: expect(received).rejects.toThrow(expected)

Expected constructor: BadRequestException
Received constructor: TypeError

Received message: ""Cannot read properties of undefined (reading 'id')""

    [0m [90m 273 |[39m       [36mconst[39m patient [33m=[39m [36mawait[39m [36mthis[39m[33m.[39mpatientService[33m.[39mfindByCpfOrFail(dto[33m.[39mcpf)[33m;[39m
     [90m 274 |[39m       [36mconst[39m encounter ",35251bbda9ab2352e166c2d16974ff3c4523715bcc78f7566849149be713fe56,,C:\Users\cdbaz\OneDrive\Documentos\Projetos\usp\tcc\health-microservice-corpus\experiments\logs\errors\run-20260901T031236.570959Z\35251bbda9ab2352e166c2d16974ff3c4523715bcc78f7566849149be713fe56.txt
run-20260901T031236.570959Z,2026-09-01T03:52:11.109485+00:00,qwen_coder_3b,few_shot,encounter,processAdtMessage,FN_processAdtMessage_END,src/encounter/encounter.service.ts,199,317,04a941d1,jest,3,jest,runtime_error,"should find and update an existing patient and encounter for A01: Error: expect(received).rejects.toThrow(expected)

Expected constructor: BadRequestException
Received constructor: TypeError

Received message: ""Cannot read properties of undefined (reading 'active')""

    [0m [90m 38 |[39m     [36mconst[39m patient [33m=[39m [36mawait[39m [36mthis[39m[33m.[39mpatientService[33m.[39mgetPatientById(dto[33m.[39mpatientId)[33m;[39m
     [90m 39 |[39m
    [31m[1m>[22m[39m[90m",849710e2443912844e0905756c8b6e1364fa1fb660d1a004014cda4ef9a06736,,C:\Users\cdbaz\OneDrive\Documentos\Projetos\usp\tcc\health-microservice-corpus\experiments\logs\errors\run-20260901T031236.570959Z\849710e2443912844e0905756c8b6e1364fa1fb660d1a004014cda4ef9a06736.txt
run-20260901T031236.570959Z,2026-09-01T03:52:15.112571+00:00,qwen_coder_3b,few_shot,encounter,processAdtMessage,FN_processAdtMessage_END,src/encounter/encounter.service.ts,199,317,04a941d1,repair,3,repair,repair_failed,1 repair attempt(s) did not produce a valid fix,a19dd2f169fea0f558514ac3dac1b23af029a1260819d762429f620cb291dccb,,
run-20260901T031236.570959Z,2026-09-01T03:55:56.433583+00:00,qwen_coder_3b,few_shot,encounter,updateEncounter,FN_updateEncounter_END,src/encounter/encounter.service.ts,319,363,04a941d1,generation,,generation,invalid_output,invalid_block: forbidden pattern or unclosed scopes,f93bfe1462416ab4b61a3f1f6114be56ff60e1e75c334e6ae8e97a9304a1c073,,C:\Users\cdbaz\OneDrive\Documentos\Projetos\usp\tcc\health-microservice-corpus\experiments\logs\errors\run-20260901T031236.570959Z\f93bfe1462416ab4b61a3f1f6114be56ff60e1e75c334e6ae8e97a9304a1c073.txt
run-20260901T031236.570959Z,2026-09-01T03:56:26.078432+00:00,qwen_coder_3b,few_shot,encounter,buildEncounterSummary,FN_buildEncounterSummary_END,src/encounter/encounter.service.ts,365,439,04a941d1,jest,1,jest,unknown,"should throw NotFoundException when patient does not exist: Error: expect(received).rejects.toThrow()

Received promise resolved instead of rejected
Resolved to value: {""activeDays"": NaN, ""encounter"": {""id"": ""1"", ""patientId"": ""2""}, ""hasAbnormalResults"": false, ""orders"": {""cancelled"": 0, ""completed"": 0, ""inProgress"": 0, ""pending"": 0, ""total"": 0}, ""patient"": null, ""results"": {""abnormal"": 0, ""preliminary"": 0, ""total"": 0}, ""riskFlag"": ""LOW""}",87c44c1de61df31304d5cff3799561c803d14222b2af810aea8d57618223d73a,,C:\Users\cdbaz\OneDrive\Documentos\Projetos\usp\tcc\health-microservice-corpus\experiments\logs\errors\run-20260901T031236.570959Z\87c44c1de61df31304d5cff3799561c803d14222b2af810aea8d57618223d73a.txt
run-20260901T031236.570959Z,2026-09-01T03:56:26.078432+00:00,qwen_coder_3b,few_shot,encounter,buildEncounterSummary,FN_buildEncounterSummary_END,src/encounter/encounter.service.ts,365,439,04a941d1,jest,1,jest,assertion_failure,"should calculate activeDays correctly: Error: expect(received).toBe(expected) // Object.is equality

Expected: 9
Received: 40",87c44c1de61df31304d5cff3799561c803d14222b2af810aea8d57618223d73a,,C:\Users\cdbaz\OneDrive\Documentos\Projetos\usp\tcc\health-microservice-corpus\experiments\logs\errors\run-20260901T031236.570959Z\87c44c1de61df31304d5cff3799561c803d14222b2af810aea8d57618223d73a.txt
run-20260901T031236.570959Z,2026-09-01T03:56:26.080445+00:00,qwen_coder_3b,few_shot,encounter,buildEncounterSummary,FN_buildEncounterSummary_END,src/encounter/encounter.service.ts,365,439,04a941d1,jest,1,jest,assertion_failure,"should calculate riskFlag correctly: Error: expect(received).toBe(expected) // Object.is equality

Expected: ""LOW""
Received: ""MEDIUM""",87c44c1de61df31304d5cff3799561c803d14222b2af810aea8d57618223d73a,,C:\Users\cdbaz\OneDrive\Documentos\Projetos\usp\tcc\health-microservice-corpus\experiments\logs\errors\run-20260901T031236.570959Z\87c44c1de61df31304d5cff3799561c803d14222b2af810aea8d57618223d73a.txt
run-20260901T031236.570959Z,2026-09-01T03:58:11.311444+00:00,qwen_coder_3b,few_shot,order,searchOrdersAdvanced,FN_searchOrdersAdvanced_END,src/order/order.service.ts,76,78,556cd6ea,jest,1,jest,unknown,"should throw NotFoundException when no orders are found: Error: expect(received).rejects.toThrow()

Received promise resolved instead of rejected
Resolved to value: {""data"": [], ""limit"": 10, ""page"": 1, ""total"": 0, ""totalPages"": 0}",c050c75d83f247d75bc3620fd6f54fb0a1ca09a9f21803779a8d4bf48381faea,,C:\Users\cdbaz\OneDrive\Documentos\Projetos\usp\tcc\health-microservice-corpus\experiments\logs\errors\run-20260901T031236.570959Z\c050c75d83f247d75bc3620fd6f54fb0a1ca09a9f21803779a8d4bf48381faea.txt
run-20260901T031236.570959Z,2026-09-01T03:59:11.099727+00:00,qwen_coder_3b,few_shot,order,validateOrderResult,FN_validateOrderResult_END,src/order/order.service.ts,80,158,556cd6ea,jest,1,jest,runtime_error,"should throw BadRequestException when order has final result and incoming status is CORRECTED: Error: expect(received).rejects.toThrow(expected)

Expected constructor: BadRequestException
Received constructor: TypeError

Received message: ""Cannot read properties of undefined (reading 'status')""

    [0m [90m 94 |[39m     )[33m;[39m
     [90m 95 |[39m
    [31m[1m>[22m[39m[90m 96 |[39m     [36mif[39m (encounter[33m.[39mstatus [33m===[39m [33mEncounterStatus[39m[33m.[39m[33m",05c37b85b94ced1f15bd08fc2b9d3f1ebb630a39098015d53df4e67f497b5ed9,,C:\Users\cdbaz\OneDrive\Documentos\Projetos\usp\tcc\health-microservice-corpus\experiments\logs\errors\run-20260901T031236.570959Z\05c37b85b94ced1f15bd08fc2b9d3f1ebb630a39098015d53df4e67f497b5ed9.txt
run-20260901T031236.570959Z,2026-09-01T03:59:11.101045+00:00,qwen_coder_3b,few_shot,order,validateOrderResult,FN_validateOrderResult_END,src/order/order.service.ts,80,158,556cd6ea,jest,1,jest,runtime_error,"should throw BadRequestException when order has corrected result and incoming status is CORRECTED: Error: expect(received).rejects.toThrow(expected)

Expected constructor: BadRequestException
Received constructor: TypeError

Received message: ""Cannot read properties of undefined (reading 'status')""

    [0m [90m 94 |[39m     )[33m;[39m
     [90m 95 |[39m
    [31m[1m>[22m[39m[90m 96 |[39m     [36mif[39m (encounter[33m.[39mstatus [33m===[39m [33mEncounterStatus[39m[33m.[39m",05c37b85b94ced1f15bd08fc2b9d3f1ebb630a39098015d53df4e67f497b5ed9,,C:\Users\cdbaz\OneDrive\Documentos\Projetos\usp\tcc\health-microservice-corpus\experiments\logs\errors\run-20260901T031236.570959Z\05c37b85b94ced1f15bd08fc2b9d3f1ebb630a39098015d53df4e67f497b5ed9.txt
run-20260901T031236.570959Z,2026-09-01T03:59:11.103220+00:00,qwen_coder_3b,few_shot,order,validateOrderResult,FN_validateOrderResult_END,src/order/order.service.ts,80,158,556cd6ea,jest,1,jest,runtime_error,"should throw BadRequestException when order is completed and incoming status is FINAL: Error: expect(received).rejects.toThrow(expected)

Expected constructor: BadRequestException
Received constructor: TypeError

Received message: ""Cannot read properties of undefined (reading 'status')""

    [0m [90m 94 |[39m     )[33m;[39m
     [90m 95 |[39m
    [31m[1m>[22m[39m[90m 96 |[39m     [36mif[39m (encounter[33m.[39mstatus [33m===[39m [33mEncounterStatus[39m[33m.[39m[33mDISCHARG",05c37b85b94ced1f15bd08fc2b9d3f1ebb630a39098015d53df4e67f497b5ed9,,C:\Users\cdbaz\OneDrive\Documentos\Projetos\usp\tcc\health-microservice-corpus\experiments\logs\errors\run-20260901T031236.570959Z\05c37b85b94ced1f15bd08fc2b9d3f1ebb630a39098015d53df4e67f497b5ed9.txt
run-20260901T031236.570959Z,2026-09-01T03:59:11.104165+00:00,qwen_coder_3b,few_shot,order,validateOrderResult,FN_validateOrderResult_END,src/order/order.service.ts,80,158,556cd6ea,jest,1,jest,runtime_error,"should throw BadRequestException when order has final or corrected result and incoming status is FINAL: Error: expect(received).rejects.toThrow(expected)

Expected constructor: BadRequestException
Received constructor: TypeError

Received message: ""Cannot read properties of undefined (reading 'status')""

    [0m [90m 94 |[39m     )[33m;[39m
     [90m 95 |[39m
    [31m[1m>[22m[39m[90m 96 |[39m     [36mif[39m (encounter[33m.[39mstatus [33m===[39m [33mEncounterStatus[39m[33m.",05c37b85b94ced1f15bd08fc2b9d3f1ebb630a39098015d53df4e67f497b5ed9,,C:\Users\cdbaz\OneDrive\Documentos\Projetos\usp\tcc\health-microservice-corpus\experiments\logs\errors\run-20260901T031236.570959Z\05c37b85b94ced1f15bd08fc2b9d3f1ebb630a39098015d53df4e67f497b5ed9.txt
run-20260901T031236.570959Z,2026-09-01T03:59:11.105220+00:00,qwen_coder_3b,few_shot,order,validateOrderResult,FN_validateOrderResult_END,src/order/order.service.ts,80,158,556cd6ea,jest,1,jest,runtime_error,"should throw BadRequestException when order is pending and incoming status is FINAL: Error: expect(received).rejects.toThrow(expected)

Expected constructor: BadRequestException
Received constructor: TypeError

Received message: ""Cannot read properties of undefined (reading 'status')""

    [0m [90m 94 |[39m     )[33m;[39m
     [90m 95 |[39m
    [31m[1m>[22m[39m[90m 96 |[39m     [36mif[39m (encounter[33m.[39mstatus [33m===[39m [33mEncounterStatus[39m[33m.[39m[33mDISCHARGED",05c37b85b94ced1f15bd08fc2b9d3f1ebb630a39098015d53df4e67f497b5ed9,,C:\Users\cdbaz\OneDrive\Documentos\Projetos\usp\tcc\health-microservice-corpus\experiments\logs\errors\run-20260901T031236.570959Z\05c37b85b94ced1f15bd08fc2b9d3f1ebb630a39098015d53df4e67f497b5ed9.txt
run-20260901T031236.570959Z,2026-09-01T03:59:11.105802+00:00,qwen_coder_3b,few_shot,order,validateOrderResult,FN_validateOrderResult_END,src/order/order.service.ts,80,158,556cd6ea,jest,1,jest,runtime_error,"should throw BadRequestException when order is pending and incoming status is PRELIMINARY: Error: expect(received).rejects.toThrow(expected)

Expected constructor: BadRequestException
Received constructor: TypeError

Received message: ""Cannot read properties of undefined (reading 'status')""

    [0m [90m 94 |[39m     )[33m;[39m
     [90m 95 |[39m
    [31m[1m>[22m[39m[90m 96 |[39m     [36mif[39m (encounter[33m.[39mstatus [33m===[39m [33mEncounterStatus[39m[33m.[39m[33mDISC",05c37b85b94ced1f15bd08fc2b9d3f1ebb630a39098015d53df4e67f497b5ed9,,C:\Users\cdbaz\OneDrive\Documentos\Projetos\usp\tcc\health-microservice-corpus\experiments\logs\errors\run-20260901T031236.570959Z\05c37b85b94ced1f15bd08fc2b9d3f1ebb630a39098015d53df4e67f497b5ed9.txt
run-20260901T031236.570959Z,2026-09-01T03:59:11.106878+00:00,qwen_coder_3b,few_shot,order,validateOrderResult,FN_validateOrderResult_END,src/order/order.service.ts,80,158,556cd6ea,jest,1,jest,runtime_error,"should throw BadRequestException when order is in progress and incoming status is FINAL: Error: expect(received).rejects.toThrow(expected)

Expected constructor: BadRequestException
Received constructor: TypeError

Received message: ""Cannot read properties of undefined (reading 'status')""

    [0m [90m 94 |[39m     )[33m;[39m
     [90m 95 |[39m
    [31m[1m>[22m[39m[90m 96 |[39m     [36mif[39m (encounter[33m.[39mstatus [33m===[39m [33mEncounterStatus[39m[33m.[39m[33mDISCHA",05c37b85b94ced1f15bd08fc2b9d3f1ebb630a39098015d53df4e67f497b5ed9,,C:\Users\cdbaz\OneDrive\Documentos\Projetos\usp\tcc\health-microservice-corpus\experiments\logs\errors\run-20260901T031236.570959Z\05c37b85b94ced1f15bd08fc2b9d3f1ebb630a39098015d53df4e67f497b5ed9.txt
run-20260901T031236.570959Z,2026-09-01T03:59:11.107833+00:00,qwen_coder_3b,few_shot,order,validateOrderResult,FN_validateOrderResult_END,src/order/order.service.ts,80,158,556cd6ea,jest,1,jest,runtime_error,"should throw BadRequestException when order is in progress and incoming status is PRELIMINARY: Error: expect(received).rejects.toThrow(expected)

Expected constructor: BadRequestException
Received constructor: TypeError

Received message: ""Cannot read properties of undefined (reading 'status')""

    [0m [90m 94 |[39m     )[33m;[39m
     [90m 95 |[39m
    [31m[1m>[22m[39m[90m 96 |[39m     [36mif[39m (encounter[33m.[39mstatus [33m===[39m [33mEncounterStatus[39m[33m.[39m[33m",05c37b85b94ced1f15bd08fc2b9d3f1ebb630a39098015d53df4e67f497b5ed9,,C:\Users\cdbaz\OneDrive\Documentos\Projetos\usp\tcc\health-microservice-corpus\experiments\logs\errors\run-20260901T031236.570959Z\05c37b85b94ced1f15bd08fc2b9d3f1ebb630a39098015d53df4e67f497b5ed9.txt
run-20260901T031236.570959Z,2026-09-01T03:59:11.108826+00:00,qwen_coder_3b,few_shot,order,validateOrderResult,FN_validateOrderResult_END,src/order/order.service.ts,80,158,556cd6ea,jest,1,jest,runtime_error,should update order status to IN_PROGRESS and save it when order is pending and incoming status is FINAL: TypeError: Cannot read properties of undefined (reading 'status'),05c37b85b94ced1f15bd08fc2b9d3f1ebb630a39098015d53df4e67f497b5ed9,,C:\Users\cdbaz\OneDrive\Documentos\Projetos\usp\tcc\health-microservice-corpus\experiments\logs\errors\run-20260901T031236.570959Z\05c37b85b94ced1f15bd08fc2b9d3f1ebb630a39098015d53df4e67f497b5ed9.txt
run-20260901T031236.570959Z,2026-09-01T03:59:11.109822+00:00,qwen_coder_3b,few_shot,order,validateOrderResult,FN_validateOrderResult_END,src/order/order.service.ts,80,158,556cd6ea,jest,1,jest,runtime_error,should update order status to COMPLETED and save it when order is in progress and incoming status is FINAL: TypeError: Cannot read properties of undefined (reading 'status'),05c37b85b94ced1f15bd08fc2b9d3f1ebb630a39098015d53df4e67f497b5ed9,,C:\Users\cdbaz\OneDrive\Documentos\Projetos\usp\tcc\health-microservice-corpus\experiments\logs\errors\run-20260901T031236.570959Z\05c37b85b94ced1f15bd08fc2b9d3f1ebb630a39098015d53df4e67f497b5ed9.txt
run-20260901T031236.570959Z,2026-09-01T03:59:11.110820+00:00,qwen_coder_3b,few_shot,order,validateOrderResult,FN_validateOrderResult_END,src/order/order.service.ts,80,158,556cd6ea,jest,1,jest,runtime_error,should return the order when all validations pass: TypeError: Cannot read properties of undefined (reading 'status'),05c37b85b94ced1f15bd08fc2b9d3f1ebb630a39098015d53df4e67f497b5ed9,,C:\Users\cdbaz\OneDrive\Documentos\Projetos\usp\tcc\health-microservice-corpus\experiments\logs\errors\run-20260901T031236.570959Z\05c37b85b94ced1f15bd08fc2b9d3f1ebb630a39098015d53df4e67f497b5ed9.txt
run-20260901T031236.570959Z,2026-09-01T04:01:05.537014+00:00,qwen_coder_3b,few_shot,order,validateOrderResult,FN_validateOrderResult_END,src/order/order.service.ts,80,158,556cd6ea,jest,2,jest,runtime_error,"should throw BadRequestException when order is pending and incoming status is PRELIMINARY: Error: expect(received).rejects.toThrow(expected)

Expected constructor: BadRequestException
Received constructor: TypeError

Received message: ""Cannot read properties of undefined (reading 'status')""

    [0m [90m 94 |[39m     )[33m;[39m
     [90m 95 |[39m
    [31m[1m>[22m[39m[90m 96 |[39m     [36mif[39m (encounter[33m.[39mstatus [33m===[39m [33mEncounterStatus[39m[33m.[39m[33mDISC",cda58fcc7e1e395aabc28c6cb1491db76d8dc12f561f27e7e1f7247757a3ece1,,C:\Users\cdbaz\OneDrive\Documentos\Projetos\usp\tcc\health-microservice-corpus\experiments\logs\errors\run-20260901T031236.570959Z\cda58fcc7e1e395aabc28c6cb1491db76d8dc12f561f27e7e1f7247757a3ece1.txt
run-20260901T031236.570959Z,2026-09-01T04:01:05.537014+00:00,qwen_coder_3b,few_shot,order,validateOrderResult,FN_validateOrderResult_END,src/order/order.service.ts,80,158,556cd6ea,jest,2,jest,runtime_error,"should throw BadRequestException when order is in progress and incoming status is FINAL: Error: expect(received).rejects.toThrow(expected)

Expected constructor: BadRequestException
Received constructor: TypeError

Received message: ""Cannot read properties of undefined (reading 'status')""

    [0m [90m 94 |[39m     )[33m;[39m
     [90m 95 |[39m
    [31m[1m>[22m[39m[90m 96 |[39m     [36mif[39m (encounter[33m.[39mstatus [33m===[39m [33mEncounterStatus[39m[33m.[39m[33mDISCHA",cda58fcc7e1e395aabc28c6cb1491db76d8dc12f561f27e7e1f7247757a3ece1,,C:\Users\cdbaz\OneDrive\Documentos\Projetos\usp\tcc\health-microservice-corpus\experiments\logs\errors\run-20260901T031236.570959Z\cda58fcc7e1e395aabc28c6cb1491db76d8dc12f561f27e7e1f7247757a3ece1.txt
run-20260901T031236.570959Z,2026-09-01T04:01:05.548051+00:00,qwen_coder_3b,few_shot,order,validateOrderResult,FN_validateOrderResult_END,src/order/order.service.ts,80,158,556cd6ea,jest,2,jest,runtime_error,"should throw BadRequestException when order is in progress and incoming status is PRELIMINARY: Error: expect(received).rejects.toThrow(expected)

Expected constructor: BadRequestException
Received constructor: TypeError

Received message: ""Cannot read properties of undefined (reading 'status')""

    [0m [90m 94 |[39m     )[33m;[39m
     [90m 95 |[39m
    [31m[1m>[22m[39m[90m 96 |[39m     [36mif[39m (encounter[33m.[39mstatus [33m===[39m [33mEncounterStatus[39m[33m.[39m[33m",cda58fcc7e1e395aabc28c6cb1491db76d8dc12f561f27e7e1f7247757a3ece1,,C:\Users\cdbaz\OneDrive\Documentos\Projetos\usp\tcc\health-microservice-corpus\experiments\logs\errors\run-20260901T031236.570959Z\cda58fcc7e1e395aabc28c6cb1491db76d8dc12f561f27e7e1f7247757a3ece1.txt
run-20260901T031236.570959Z,2026-09-01T04:01:05.548051+00:00,qwen_coder_3b,few_shot,order,validateOrderResult,FN_validateOrderResult_END,src/order/order.service.ts,80,158,556cd6ea,jest,2,jest,runtime_error,"should throw BadRequestException when order status is COMPLETED: Error: expect(received).rejects.toThrow(expected)

Expected constructor: BadRequestException
Received constructor: TypeError

Received message: ""Cannot read properties of undefined (reading 'status')""

    [0m [90m 94 |[39m     )[33m;[39m
     [90m 95 |[39m
    [31m[1m>[22m[39m[90m 96 |[39m     [36mif[39m (encounter[33m.[39mstatus [33m===[39m [33mEncounterStatus[39m[33m.[39m[33mDISCHARGED[39m) {
     [90m ",cda58fcc7e1e395aabc28c6cb1491db76d8dc12f561f27e7e1f7247757a3ece1,,C:\Users\cdbaz\OneDrive\Documentos\Projetos\usp\tcc\health-microservice-corpus\experiments\logs\errors\run-20260901T031236.570959Z\cda58fcc7e1e395aabc28c6cb1491db76d8dc12f561f27e7e1f7247757a3ece1.txt
run-20260901T031236.570959Z,2026-09-01T04:01:05.548051+00:00,qwen_coder_3b,few_shot,order,validateOrderResult,FN_validateOrderResult_END,src/order/order.service.ts,80,158,556cd6ea,jest,2,jest,runtime_error,"should throw BadRequestException when order is in progress and incoming status is FINAL: Error: expect(received).rejects.toThrow(expected)

Expected constructor: BadRequestException
Received constructor: TypeError

Received message: ""Cannot read properties of undefined (reading 'status')""

    [0m [90m 94 |[39m     )[33m;[39m
     [90m 95 |[39m
    [31m[1m>[22m[39m[90m 96 |[39m     [36mif[39m (encounter[33m.[39mstatus [33m===[39m [33mEncounterStatus[39m[33m.[39m[33mDISCHA",cda58fcc7e1e395aabc28c6cb1491db76d8dc12f561f27e7e1f7247757a3ece1,,C:\Users\cdbaz\OneDrive\Documentos\Projetos\usp\tcc\health-microservice-corpus\experiments\logs\errors\run-20260901T031236.570959Z\cda58fcc7e1e395aabc28c6cb1491db76d8dc12f561f27e7e1f7247757a3ece1.txt
run-20260901T031236.570959Z,2026-09-01T04:03:10.057330+00:00,qwen_coder_3b,few_shot,patient,createPatient,FN_createPatient_END,src/patient/patient.service.ts,27,51,0ddb42a2,jest,1,jest,runtime_error,"should throw ConflictException when email already registered: Error: expect(received).rejects.toThrow(expected)

Expected constructor: ConflictException
Received constructor: TypeError

Received message: ""Cannot read properties of undefined (reading 'replace')""

    [0m [90m 26 |[39m
     [90m 27 |[39m   [36masync[39m createPatient(dto[33m:[39m [33mCreatePatientDto[39m)[33m:[39m [33mPromise[39m[33m<[39m[33mPatient[39m[33m>[39m {
    [31m[1m>[22m[39m[90m 28 |[39m     [",9d043dc7faa0f352ad472eda9707b46ee9db25afb65e271f9b76233037eac184,,C:\Users\cdbaz\OneDrive\Documentos\Projetos\usp\tcc\health-microservice-corpus\experiments\logs\errors\run-20260901T031236.570959Z\9d043dc7faa0f352ad472eda9707b46ee9db25afb65e271f9b76233037eac184.txt
run-20260901T031236.570959Z,2026-09-01T04:03:36.556473+00:00,qwen_coder_3b,few_shot,patient,updatePatient,FN_updatePatient_END,src/patient/patient.service.ts,53,75,0ddb42a2,jest,1,jest,assertion_failure,"should throw ConflictException when email already registered: Error: expect(received).rejects.toThrow(expected)

Expected constructor: ConflictException
Received constructor: NotFoundException

Received message: ""Patient with id 1 not found""

    [0m [90m 16 |[39m     [36mconst[39m patient [33m=[39m [36mawait[39m [36mthis[39m[33m.[39mpatientRepository[33m.[39mfindById(id)[33m;[39m
     [90m 17 |[39m     [36mif[39m ([33m![39mpatient) {
    [31m[1m>[22m[39m[90m 18 |[39",1a02fadf849a89be52294940ed7b66b67cdf3f3e45d0e00eff4a7bf68b08e08e,,C:\Users\cdbaz\OneDrive\Documentos\Projetos\usp\tcc\health-microservice-corpus\experiments\logs\errors\run-20260901T031236.570959Z\1a02fadf849a89be52294940ed7b66b67cdf3f3e45d0e00eff4a7bf68b08e08e.txt
run-20260901T031236.570959Z,2026-09-01T04:04:20.059572+00:00,qwen_coder_3b,few_shot,result,createResult,FN_createResult_END,src/result/result.service.ts,26,39,357b6b51,jest,1,jest,unknown,"should throw NotFoundException when order does not exist: Error: expect(received).rejects.toThrow()

Received promise resolved instead of rejected
Resolved to value: undefined",227baf757851af553b410780858eb2a3a694d3c1e276d37681c34422fc3b4bd6,,C:\Users\cdbaz\OneDrive\Documentos\Projetos\usp\tcc\health-microservice-corpus\experiments\logs\errors\run-20260901T031236.570959Z\227baf757851af553b410780858eb2a3a694d3c1e276d37681c34422fc3b4bd6.txt
run-20260901T031236.570959Z,2026-09-01T04:04:20.059572+00:00,qwen_coder_3b,few_shot,result,createResult,FN_createResult_END,src/result/result.service.ts,26,39,357b6b51,jest,1,jest,unknown,"should throw BadRequestException when order is not valid: Error: expect(received).rejects.toThrow()

Received promise resolved instead of rejected
Resolved to value: undefined",227baf757851af553b410780858eb2a3a694d3c1e276d37681c34422fc3b4bd6,,C:\Users\cdbaz\OneDrive\Documentos\Projetos\usp\tcc\health-microservice-corpus\experiments\logs\errors\run-20260901T031236.570959Z\227baf757851af553b410780858eb2a3a694d3c1e276d37681c34422fc3b4bd6.txt
run-20260901T031236.570959Z,2026-09-01T04:04:20.059572+00:00,qwen_coder_3b,few_shot,result,createResult,FN_createResult_END,src/result/result.service.ts,26,39,357b6b51,jest,1,jest,assertion_failure,"should save and return the created result: Error: expect(jest.fn()).toHaveBeenCalledWith(...expected)

- Expected
+ Received

  Object {
    ""notes"": null,
    ""orderId"": ""1"",
    ""referenceMax"": null,
    ""referenceMin"": null,
-   ""resultDate"": 2026-09-01T04:04:19.947Z,
+   ""resultDate"": Date { NaN },
    ""sourceSystem"": null,
    ""unit"": ""mm"",
    ""value"": 10,
  },

Number of calls: 1",227baf757851af553b410780858eb2a3a694d3c1e276d37681c34422fc3b4bd6,,C:\Users\cdbaz\OneDrive\Documentos\Projetos\usp\tcc\health-microservice-corpus\experiments\logs\errors\run-20260901T031236.570959Z\227baf757851af553b410780858eb2a3a694d3c1e276d37681c34422fc3b4bd6.txt
run-20260901T031236.570959Z,2026-09-01T04:05:41.522968+00:00,qwen_coder_3b,few_shot,result,buildResultReport,FN_buildResultReport_END,src/result/result.service.ts,53,124,357b6b51,jest,1,jest,runtime_error,"should throw NotFoundException when order does not exist: Error: expect(received).rejects.toThrow(expected)

Expected constructor: NotFoundException
Received constructor: TypeError

Received message: ""Cannot read properties of undefined (reading 'length')""

    [0m [90m 55 |[39m     [36mconst[39m results [33m=[39m [36mawait[39m [36mthis[39m[33m.[39mresultRepository[33m.[39mfindByOrderId(orderId)[33m;[39m
     [90m 56 |[39m
    [31m[1m>[22m[39m[90m 57 |[39m     [36mif[3",55e69da664ea8371ade3fecc789fd3bb0308a00587d4592a11809e610e05a533,,C:\Users\cdbaz\OneDrive\Documentos\Projetos\usp\tcc\health-microservice-corpus\experiments\logs\errors\run-20260901T031236.570959Z\55e69da664ea8371ade3fecc789fd3bb0308a00587d4592a11809e610e05a533.txt
run-20260901T031236.570959Z,2026-09-01T04:05:41.522968+00:00,qwen_coder_3b,few_shot,result,buildResultReport,FN_buildResultReport_END,src/result/result.service.ts,53,124,357b6b51,jest,1,jest,unknown,"should return the result report with summary and items: Error: expect(received).toEqual(expected) // deep equality

- Expected  - 5
+ Received  + 5

@@ -2,24 +2,24 @@
    ""examType"": ""GLUCOSE"",
    ""items"": Array [
      Object {
        ""examType"": ""GLUCOSE"",
        ""flag"": ""NORMAL"",
-       ""referenceMax"": 99,
-       ""referenceMin"": 70,
+       ""referenceMax"": NaN,
+       ""referenceMin"": NaN,
        ""resultDate"": undefined,
        ""resultId"": ""1"",
        ""sourceSystem"": undefined,
      ",55e69da664ea8371ade3fecc789fd3bb0308a00587d4592a11809e610e05a533,,C:\Users\cdbaz\OneDrive\Documentos\Projetos\usp\tcc\health-microservice-corpus\experiments\logs\errors\run-20260901T031236.570959Z\55e69da664ea8371ade3fecc789fd3bb0308a00587d4592a11809e610e05a533.txt
run-20260901T031236.570959Z,2026-09-01T04:06:13.702179+00:00,qwen_coder_3b,few_shot,result,buildResultReport,FN_buildResultReport_END,src/result/result.service.ts,53,124,357b6b51,jest,2,jest,runtime_error,"should throw NotFoundException when order does not exist: Error: expect(received).rejects.toThrow(expected)

Expected constructor: NotFoundException
Received constructor: TypeError

Received message: ""Cannot read properties of undefined (reading 'length')""

    [0m [90m 55 |[39m     [36mconst[39m results [33m=[39m [36mawait[39m [36mthis[39m[33m.[39mresultRepository[33m.[39mfindByOrderId(orderId)[33m;[39m
     [90m 56 |[39m
    [31m[1m>[22m[39m[90m 57 |[39m     [36mif[3",5b29f18055878bd5fd98e8299e202f58b0171c438d7da9ec564134654c426c04,,C:\Users\cdbaz\OneDrive\Documentos\Projetos\usp\tcc\health-microservice-corpus\experiments\logs\errors\run-20260901T031236.570959Z\5b29f18055878bd5fd98e8299e202f58b0171c438d7da9ec564134654c426c04.txt
run-20260901T031236.570959Z,2026-09-01T04:06:54.670637+00:00,qwen_coder_3b,few_shot,result,updateResult,FN_updateResult_END,src/result/result.service.ts,126,206,357b6b51,jest,1,jest,unknown,"should throw BadRequestException when invalid status transition is attempted: Error: expect(received).rejects.toThrow()

Received promise resolved instead of rejected
Resolved to value: undefined",e7c6a0f90aebd46b0922f047e836d9dd1555140325278fda8cc8f610545aa214,,C:\Users\cdbaz\OneDrive\Documentos\Projetos\usp\tcc\health-microservice-corpus\experiments\logs\errors\run-20260901T031236.570959Z\e7c6a0f90aebd46b0922f047e836d9dd1555140325278fda8cc8f610545aa214.txt
run-20260901T031236.570959Z,2026-09-01T04:07:31.118593+00:00,qwen_coder_3b,structured,encounter,createEncounter,FN_createEncounter_END,src/encounter/encounter.service.ts,30,63,04a941d1,jest,1,jest,assertion_failure,"should throw ConflictException when patient already has an active encounter: Error: expect(received).rejects.toThrow(expected)

Expected constructor: ConflictException
Received constructor: BadRequestException

Received message: ""Ward is required for ADT A01 (admission)""

    [0m [90m 65 |[39m   validateEncounterFields(dto[33m:[39m [33mCreateEncounterDto[39m)[33m:[39m [36mvoid[39m {
     [90m 66 |[39m     [36mif[39m (dto[33m.[39madtType [33m===[39m [33mAdtType[39m[33m.[39m",4ca38a5b0af5f67fe1ec3580b8cf127c5856dc20464c5089231b8676ccd98b54,,C:\Users\cdbaz\OneDrive\Documentos\Projetos\usp\tcc\health-microservice-corpus\experiments\logs\errors\run-20260901T031236.570959Z\4ca38a5b0af5f67fe1ec3580b8cf127c5856dc20464c5089231b8676ccd98b54.txt
run-20260901T031236.570959Z,2026-09-01T04:08:13.300887+00:00,qwen_coder_3b,structured,encounter,validateEncounterFields,FN_validateEncounterFields_END,src/encounter/encounter.service.ts,65,91,04a941d1,jest,1,jest,unknown,should throw BadRequestException for ADT A01 with no Wart: BadRequestException: Ward is required for ADT A01 (admission),3dc1be9a54850e3d115b9d957507e395ae1bcd1e7e7a373732a7420736fc2bfa,,C:\Users\cdbaz\OneDrive\Documentos\Projetos\usp\tcc\health-microservice-corpus\experiments\logs\errors\run-20260901T031236.570959Z\3dc1be9a54850e3d115b9d957507e395ae1bcd1e7e7a373732a7420736fc2bfa.txt
run-20260901T031236.570959Z,2026-09-01T04:08:13.300887+00:00,qwen_coder_3b,structured,encounter,validateEncounterFields,FN_validateEncounterFields_END,src/encounter/encounter.service.ts,65,91,04a941d1,jest,1,jest,unknown,should throw BadRequestException for ADT A02 with no Wart: BadRequestException: Ward is required for ADT A02 (transfer),3dc1be9a54850e3d115b9d957507e395ae1bcd1e7e7a373732a7420736fc2bfa,,C:\Users\cdbaz\OneDrive\Documentos\Projetos\usp\tcc\health-microservice-corpus\experiments\logs\errors\run-20260901T031236.570959Z\3dc1be9a54850e3d115b9d957507e395ae1bcd1e7e7a373732a7420736fc2bfa.txt
run-20260901T031236.570959Z,2026-09-01T04:08:13.300887+00:00,qwen_coder_3b,structured,encounter,validateEncounterFields,FN_validateEncounterFields_END,src/encounter/encounter.service.ts,65,91,04a941d1,jest,1,jest,unknown,should throw BadRequestException for ADT A03 with Wart: BadRequestException: Ward must not be informed for ADT A03 (discharge),3dc1be9a54850e3d115b9d957507e395ae1bcd1e7e7a373732a7420736fc2bfa,,C:\Users\cdbaz\OneDrive\Documentos\Projetos\usp\tcc\health-microservice-corpus\experiments\logs\errors\run-20260901T031236.570959Z\3dc1be9a54850e3d115b9d957507e395ae1bcd1e7e7a373732a7420736fc2bfa.txt
run-20260901T031236.570959Z,2026-09-01T04:08:13.300887+00:00,qwen_coder_3b,structured,encounter,validateEncounterFields,FN_validateEncounterFields_END,src/encounter/encounter.service.ts,65,91,04a941d1,jest,1,jest,unknown,should throw BadRequestException for ADT A08 with Wart: BadRequestException: Ward must not be informed for ADT A08 (update),3dc1be9a54850e3d115b9d957507e395ae1bcd1e7e7a373732a7420736fc2bfa,,C:\Users\cdbaz\OneDrive\Documentos\Projetos\usp\tcc\health-microservice-corpus\experiments\logs\errors\run-20260901T031236.570959Z\3dc1be9a54850e3d115b9d957507e395ae1bcd1e7e7a373732a7420736fc2bfa.txt
run-20260901T031236.570959Z,2026-09-01T04:08:13.300887+00:00,qwen_coder_3b,structured,encounter,validateEncounterFields,FN_validateEncounterFields_END,src/encounter/encounter.service.ts,65,91,04a941d1,jest,1,jest,unknown,should throw BadRequestException for ADT A08 with no PatientId: BadRequestException: PatientId is required for ADT A08 (update),3dc1be9a54850e3d115b9d957507e395ae1bcd1e7e7a373732a7420736fc2bfa,,C:\Users\cdbaz\OneDrive\Documentos\Projetos\usp\tcc\health-microservice-corpus\experiments\logs\errors\run-20260901T031236.570959Z\3dc1be9a54850e3d115b9d957507e395ae1bcd1e7e7a373732a7420736fc2bfa.txt
run-20260901T031236.570959Z,2026-09-01T04:09:16.142858+00:00,qwen_coder_3b,structured,encounter,validateEncounterFields,FN_validateEncounterFields_END,src/encounter/encounter.service.ts,65,91,04a941d1,jest,2,jest,unknown,should throw BadRequestException for ADT A03 with Wart: BadRequestException: Ward must not be informed for ADT A03 (discharge),d1cad0f770f067f0fa1b8928a3da3a207d537eb12d2055bbb14c3335a9fedd57,,C:\Users\cdbaz\OneDrive\Documentos\Projetos\usp\tcc\health-microservice-corpus\experiments\logs\errors\run-20260901T031236.570959Z\d1cad0f770f067f0fa1b8928a3da3a207d537eb12d2055bbb14c3335a9fedd57.txt
run-20260901T031236.570959Z,2026-09-01T04:09:16.142858+00:00,qwen_coder_3b,structured,encounter,validateEncounterFields,FN_validateEncounterFields_END,src/encounter/encounter.service.ts,65,91,04a941d1,jest,2,jest,unknown,should throw BadRequestException for ADT A08 with Wart: BadRequestException: Ward must not be informed for ADT A08 (update),d1cad0f770f067f0fa1b8928a3da3a207d537eb12d2055bbb14c3335a9fedd57,,C:\Users\cdbaz\OneDrive\Documentos\Projetos\usp\tcc\health-microservice-corpus\experiments\logs\errors\run-20260901T031236.570959Z\d1cad0f770f067f0fa1b8928a3da3a207d537eb12d2055bbb14c3335a9fedd57.txt
run-20260901T031236.570959Z,2026-09-01T04:10:02.065964+00:00,qwen_coder_3b,structured,encounter,listEncountersByPatient,FN_listEncountersByPatient_END,src/encounter/encounter.service.ts,93,99,04a941d1,jest,1,jest,assertion_failure,"should return an empty array if the patient is not found: Error: expect(received).toEqual(expected) // deep equality

Expected: []
Received: undefined",97bb399d5318358b91206e945c5dc7e9a4ad19b6c1dd9e0436481744e120c147,,C:\Users\cdbaz\OneDrive\Documentos\Projetos\usp\tcc\health-microservice-corpus\experiments\logs\errors\run-20260901T031236.570959Z\97bb399d5318358b91206e945c5dc7e9a4ad19b6c1dd9e0436481744e120c147.txt
run-20260901T031236.570959Z,2026-09-01T04:14:05.168657+00:00,qwen_coder_3b,structured,encounter,processAdtMessage,FN_processAdtMessage_END,src/encounter/encounter.service.ts,199,317,04a941d1,jest,1,jest,runtime_error,should create a new patient and encounter for A01 adtType: TypeError: Cannot read properties of null (reading 'id'),b3be52a02cefa615a42c8227ad19f0dcfb30e8b272f60ddd94efd6dbd371855d,,C:\Users\cdbaz\OneDrive\Documentos\Projetos\usp\tcc\health-microservice-corpus\experiments\logs\errors\run-20260901T031236.570959Z\b3be52a02cefa615a42c8227ad19f0dcfb30e8b272f60ddd94efd6dbd371855d.txt
run-20260901T031236.570959Z,2026-09-01T04:14:05.168657+00:00,qwen_coder_3b,structured,encounter,processAdtMessage,FN_processAdtMessage_END,src/encounter/encounter.service.ts,199,317,04a941d1,jest,1,jest,unknown,should find an existing patient and create an encounter for A01 adtType: BadRequestException: Ward is required for ADT A01 (admission),b3be52a02cefa615a42c8227ad19f0dcfb30e8b272f60ddd94efd6dbd371855d,,C:\Users\cdbaz\OneDrive\Documentos\Projetos\usp\tcc\health-microservice-corpus\experiments\logs\errors\run-20260901T031236.570959Z\b3be52a02cefa615a42c8227ad19f0dcfb30e8b272f60ddd94efd6dbd371855d.txt
run-20260901T031236.570959Z,2026-09-01T04:14:05.171888+00:00,qwen_coder_3b,structured,encounter,processAdtMessage,FN_processAdtMessage_END,src/encounter/encounter.service.ts,199,317,04a941d1,jest,1,jest,unknown,should find an existing patient and create an encounter for A02 adtType: NotFoundException: Encounter with id encounterId not found,b3be52a02cefa615a42c8227ad19f0dcfb30e8b272f60ddd94efd6dbd371855d,,C:\Users\cdbaz\OneDrive\Documentos\Projetos\usp\tcc\health-microservice-corpus\experiments\logs\errors\run-20260901T031236.570959Z\b3be52a02cefa615a42c8227ad19f0dcfb30e8b272f60ddd94efd6dbd371855d.txt
run-20260901T031236.570959Z,2026-09-01T04:14:05.171888+00:00,qwen_coder_3b,structured,encounter,processAdtMessage,FN_processAdtMessage_END,src/encounter/encounter.service.ts,199,317,04a941d1,jest,1,jest,unknown,should find an existing patient and create an encounter for A03 adtType: NotFoundException: Encounter with id encounterId not found,b3be52a02cefa615a42c8227ad19f0dcfb30e8b272f60ddd94efd6dbd371855d,,C:\Users\cdbaz\OneDrive\Documentos\Projetos\usp\tcc\health-microservice-corpus\experiments\logs\errors\run-20260901T031236.570959Z\b3be52a02cefa615a42c8227ad19f0dcfb30e8b272f60ddd94efd6dbd371855d.txt
run-20260901T031236.570959Z,2026-09-01T04:14:05.173907+00:00,qwen_coder_3b,structured,encounter,processAdtMessage,FN_processAdtMessage_END,src/encounter/encounter.service.ts,199,317,04a941d1,jest,1,jest,unknown,"should update patient and return updated patient for A08 adtType: Error: expect(received).toEqual(expected) // deep equality

- Expected  - 3
+ Received  + 2

  Object {
-   ""encounter"": undefined,
    ""patient"": Object {
      ""active"": true,
      ""birthDate"": 1990-01-01T00:00:00.000Z,
      ""cpf"": ""1234567890"",
-     ""created_at"": 2026-09-01T04:14:05.020Z,
+     ""created_at"": 2026-09-01T04:14:05.019Z,
      ""email"": ""john.doe@example.com"",
      ""encounters"": Array [],
      ""id"": ""patientId""",b3be52a02cefa615a42c8227ad19f0dcfb30e8b272f60ddd94efd6dbd371855d,,C:\Users\cdbaz\OneDrive\Documentos\Projetos\usp\tcc\health-microservice-corpus\experiments\logs\errors\run-20260901T031236.570959Z\b3be52a02cefa615a42c8227ad19f0dcfb30e8b272f60ddd94efd6dbd371855d.txt
run-20260901T031236.570959Z,2026-09-01T04:16:27.091502+00:00,qwen_coder_3b,structured,encounter,processAdtMessage,FN_processAdtMessage_END,src/encounter/encounter.service.ts,199,317,04a941d1,jest,2,jest,unknown,"should update patient and return updated patient for A08 adtType: Error: expect(received).toEqual(expected) // deep equality

- Expected  - 3
+ Received  + 2

  Object {
-   ""encounter"": undefined,
    ""patient"": Object {
      ""active"": true,
      ""birthDate"": 1990-01-01T00:00:00.000Z,
      ""cpf"": ""1234567890"",
-     ""created_at"": 2026-09-01T04:16:26.974Z,
+     ""created_at"": 2026-09-01T04:16:26.972Z,
      ""email"": ""john.doe@example.com"",
      ""encounters"": Array [],
      ""id"": ""patientId""",e49245f951632d09191e6ec877af1383c8f2f539d84809860e68591b5fc15c25,,C:\Users\cdbaz\OneDrive\Documentos\Projetos\usp\tcc\health-microservice-corpus\experiments\logs\errors\run-20260901T031236.570959Z\e49245f951632d09191e6ec877af1383c8f2f539d84809860e68591b5fc15c25.txt
run-20260901T031236.570959Z,2026-09-01T04:17:12.510106+00:00,qwen_coder_3b,structured,encounter,updateEncounter,FN_updateEncounter_END,src/encounter/encounter.service.ts,319,363,04a941d1,jest,1,jest,assertion_failure,"should throw BadRequestException when admitDate is undefined: Error: expect(received).rejects.toThrow(expected)

Expected constructor: BadRequestException
Received constructor: NotFoundException

Received message: ""Encounter with id 123 not found""

    [0m [90m 102 |[39m     [36mconst[39m encounter [33m=[39m [36mawait[39m [36mthis[39m[33m.[39mencounterRepository[33m.[39mfindById(id)[33m;[39m
     [90m 103 |[39m     [36mif[39m ([33m![39mencounter) {
    [31m[1m>[22m[39m",7514a37ec36c2ac9ac93fc157be8f317ab9fc4bf1a18326f002bc6ccef25d500,,C:\Users\cdbaz\OneDrive\Documentos\Projetos\usp\tcc\health-microservice-corpus\experiments\logs\errors\run-20260901T031236.570959Z\7514a37ec36c2ac9ac93fc157be8f317ab9fc4bf1a18326f002bc6ccef25d500.txt
run-20260901T031236.570959Z,2026-09-01T04:17:12.510106+00:00,qwen_coder_3b,structured,encounter,updateEncounter,FN_updateEncounter_END,src/encounter/encounter.service.ts,319,363,04a941d1,jest,1,jest,unknown,"should throw BadRequestException when admitDate is a future date: Error: expect(received).rejects.toThrow()

Received promise resolved instead of rejected
Resolved to value: undefined",7514a37ec36c2ac9ac93fc157be8f317ab9fc4bf1a18326f002bc6ccef25d500,,C:\Users\cdbaz\OneDrive\Documentos\Projetos\usp\tcc\health-microservice-corpus\experiments\logs\errors\run-20260901T031236.570959Z\7514a37ec36c2ac9ac93fc157be8f317ab9fc4bf1a18326f002bc6ccef25d500.txt
run-20260901T031236.570959Z,2026-09-01T04:18:43.283338+00:00,qwen_coder_3b,structured,encounter,buildEncounterSummary,FN_buildEncounterSummary_END,src/encounter/encounter.service.ts,365,439,04a941d1,jest,1,jest,test_discovery_failure,"FAIL src/encounter/encounter.service.spec.ts
  ● Test suite failed to run

    Jest encountered an unexpected token

    Jest failed to parse a file. This happens e.g. when your code or its dependencies use non-standard JavaScript syntax, or when Jest is not configured to support such syntax.

    Out of the box Jest supports Babel, which will be used to transform your files into valid JS based on your Babel configuration.

    By default ""node_modules"" folder is ignored by transformers.

    He",45705405af26cf1f8eb5a0c787ce74b2256cd82077d50aa6efdead344f0118f9,,C:\Users\cdbaz\OneDrive\Documentos\Projetos\usp\tcc\health-microservice-corpus\experiments\logs\errors\run-20260901T031236.570959Z\45705405af26cf1f8eb5a0c787ce74b2256cd82077d50aa6efdead344f0118f9.txt
run-20260901T031236.570959Z,2026-09-01T04:18:43.283338+00:00,qwen_coder_3b,structured,encounter,buildEncounterSummary,FN_buildEncounterSummary_END,src/encounter/encounter.service.ts,365,439,04a941d1,repair,1,repair,unparseable_failure,0 failures parsed from Jest output; whole-file repair is disabled for this attempt.,2ca322236f16007840cf7e8abfbc15162da7933dc8752f1c6a0b9c76d3d03702,,
run-20260901T031236.570959Z,2026-09-01T04:18:45.779686+00:00,qwen_coder_3b,structured,encounter,buildEncounterSummary,FN_buildEncounterSummary_END,src/encounter/encounter.service.ts,365,439,04a941d1,jest,2,jest,test_discovery_failure,"FAIL src/encounter/encounter.service.spec.ts
  ● Test suite failed to run

    Jest encountered an unexpected token

    Jest failed to parse a file. This happens e.g. when your code or its dependencies use non-standard JavaScript syntax, or when Jest is not configured to support such syntax.

    Out of the box Jest supports Babel, which will be used to transform your files into valid JS based on your Babel configuration.

    By default ""node_modules"" folder is ignored by transformers.

    He",6560e9f2ccdde7063580608961d68686c162424cbbc44366648d1393705b3c2e,,C:\Users\cdbaz\OneDrive\Documentos\Projetos\usp\tcc\health-microservice-corpus\experiments\logs\errors\run-20260901T031236.570959Z\6560e9f2ccdde7063580608961d68686c162424cbbc44366648d1393705b3c2e.txt
run-20260901T031236.570959Z,2026-09-01T04:18:45.779686+00:00,qwen_coder_3b,structured,encounter,buildEncounterSummary,FN_buildEncounterSummary_END,src/encounter/encounter.service.ts,365,439,04a941d1,repair,2,repair,unparseable_failure,0 failures parsed from Jest output; whole-file repair is disabled for this attempt.,2ca322236f16007840cf7e8abfbc15162da7933dc8752f1c6a0b9c76d3d03702,,
run-20260901T031236.570959Z,2026-09-01T04:18:48.242218+00:00,qwen_coder_3b,structured,encounter,buildEncounterSummary,FN_buildEncounterSummary_END,src/encounter/encounter.service.ts,365,439,04a941d1,jest,3,jest,test_discovery_failure,"FAIL src/encounter/encounter.service.spec.ts
  ● Test suite failed to run

    Jest encountered an unexpected token

    Jest failed to parse a file. This happens e.g. when your code or its dependencies use non-standard JavaScript syntax, or when Jest is not configured to support such syntax.

    Out of the box Jest supports Babel, which will be used to transform your files into valid JS based on your Babel configuration.

    By default ""node_modules"" folder is ignored by transformers.

    He",62f5c0012034e7c1b37d44fc0615d01374a5d9abbe9cfb1c2caae5afacecaa90,,C:\Users\cdbaz\OneDrive\Documentos\Projetos\usp\tcc\health-microservice-corpus\experiments\logs\errors\run-20260901T031236.570959Z\62f5c0012034e7c1b37d44fc0615d01374a5d9abbe9cfb1c2caae5afacecaa90.txt
run-20260901T031236.570959Z,2026-09-01T04:18:48.242218+00:00,qwen_coder_3b,structured,encounter,buildEncounterSummary,FN_buildEncounterSummary_END,src/encounter/encounter.service.ts,365,439,04a941d1,repair,3,repair,unparseable_failure,0 failures parsed from Jest output; whole-file repair is disabled for this attempt.,2ca322236f16007840cf7e8abfbc15162da7933dc8752f1c6a0b9c76d3d03702,,
run-20260901T031236.570959Z,2026-09-01T04:18:50.693630+00:00,qwen_coder_3b,structured,encounter,buildEncounterSummary,FN_buildEncounterSummary_END,src/encounter/encounter.service.ts,365,439,04a941d1,jest,4,jest,test_discovery_failure,"FAIL src/encounter/encounter.service.spec.ts
  ● Test suite failed to run

    Jest encountered an unexpected token

    Jest failed to parse a file. This happens e.g. when your code or its dependencies use non-standard JavaScript syntax, or when Jest is not configured to support such syntax.

    Out of the box Jest supports Babel, which will be used to transform your files into valid JS based on your Babel configuration.

    By default ""node_modules"" folder is ignored by transformers.

    He",22f96a51e5fdd8e7e030a2b7596ca4eee5647c60b2bd3bee3566cda7140d7df9,,C:\Users\cdbaz\OneDrive\Documentos\Projetos\usp\tcc\health-microservice-corpus\experiments\logs\errors\run-20260901T031236.570959Z\22f96a51e5fdd8e7e030a2b7596ca4eee5647c60b2bd3bee3566cda7140d7df9.txt
run-20260901T031236.570959Z,2026-09-01T04:18:50.693630+00:00,qwen_coder_3b,structured,encounter,buildEncounterSummary,FN_buildEncounterSummary_END,src/encounter/encounter.service.ts,365,439,04a941d1,repair,4,repair,unparseable_failure,0 failures parsed from Jest output; whole-file repair is disabled for this attempt.,2ca322236f16007840cf7e8abfbc15162da7933dc8752f1c6a0b9c76d3d03702,,
run-20260901T031236.570959Z,2026-09-01T04:18:53.146636+00:00,qwen_coder_3b,structured,encounter,buildEncounterSummary,FN_buildEncounterSummary_END,src/encounter/encounter.service.ts,365,439,04a941d1,jest,5,jest,test_discovery_failure,"FAIL src/encounter/encounter.service.spec.ts
  ● Test suite failed to run

    Jest encountered an unexpected token

    Jest failed to parse a file. This happens e.g. when your code or its dependencies use non-standard JavaScript syntax, or when Jest is not configured to support such syntax.

    Out of the box Jest supports Babel, which will be used to transform your files into valid JS based on your Babel configuration.

    By default ""node_modules"" folder is ignored by transformers.

    He",dc0539119e1f66c1a5ef8b019cdb015d2c95ea7d7b42033c08855ab2ece66831,,C:\Users\cdbaz\OneDrive\Documentos\Projetos\usp\tcc\health-microservice-corpus\experiments\logs\errors\run-20260901T031236.570959Z\dc0539119e1f66c1a5ef8b019cdb015d2c95ea7d7b42033c08855ab2ece66831.txt
run-20260901T031236.570959Z,2026-09-01T04:18:53.146636+00:00,qwen_coder_3b,structured,encounter,buildEncounterSummary,FN_buildEncounterSummary_END,src/encounter/encounter.service.ts,365,439,04a941d1,repair,5,repair,max_repairs_exceeded,Runtime repair exhausted MAX_RUNTIME_REPAIRS=5 attempts,07669857ffb0ce3ee50e620aaa2bdb3e306e87699a96b0b0862427652773b240,,
run-20260901T031236.570959Z,2026-09-01T04:18:53.146636+00:00,qwen_coder_3b,structured,encounter,buildEncounterSummary,FN_buildEncounterSummary_END,src/encounter/encounter.service.ts,365,439,04a941d1,pipeline,,pipeline,rollback,Function 'buildEncounterSummary' failed irrecoverably; rolled back to the last known-good snapshot.,c515d2813418d62554b3bc57ca018c713d1ec00fedacbda2589c150c8bfeb782,restored,
run-20260901T031236.570959Z,2026-09-01T04:19:31.478032+00:00,qwen_coder_3b,structured,order,createOrder,FN_createOrder_END,src/order/order.service.ts,34,70,556cd6ea,jest,1,jest,assertion_failure,"should create and save a new order: Error: expect(jest.fn()).toHaveBeenCalledWith(...expected)

- Expected
+ Received

  Object {
    ""encounterId"": ""123"",
    ""examType"": ""HEMOGRAM"",
-   ""id"": ""456"",
    ""notes"": ""Test notes"",
    ""requestedAt"": 2023-10-01T00:00:00.000Z,
    ""requestedBy"": ""John Doe"",
    ""status"": ""PENDING"",
  },

Number of calls: 1",0980b163aec6c1fb78e1c45abd4b89bd7ade01e65165f0b6148ab8fef431dfb7,,C:\Users\cdbaz\OneDrive\Documentos\Projetos\usp\tcc\health-microservice-corpus\experiments\logs\errors\run-20260901T031236.570959Z\0980b163aec6c1fb78e1c45abd4b89bd7ade01e65165f0b6148ab8fef431dfb7.txt
run-20260901T031236.570959Z,2026-09-01T04:20:05.333953+00:00,qwen_coder_3b,structured,order,searchOrders,FN_searchOrders_END,src/order/order.service.ts,72,74,556cd6ea,jest,1,jest,unknown,"should throw a NotFoundException if no orders are found: Error: expect(received).rejects.toThrow()

Received promise resolved instead of rejected
Resolved to value: []",be82be9e3120ccb03ef391eed26a5093d4e36c42844908911dd10f03c9d07595,,C:\Users\cdbaz\OneDrive\Documentos\Projetos\usp\tcc\health-microservice-corpus\experiments\logs\errors\run-20260901T031236.570959Z\be82be9e3120ccb03ef391eed26a5093d4e36c42844908911dd10f03c9d07595.txt
run-20260901T031236.570959Z,2026-09-01T04:20:38.938239+00:00,qwen_coder_3b,structured,order,searchOrdersAdvanced,FN_searchOrdersAdvanced_END,src/order/order.service.ts,76,78,556cd6ea,jest,1,jest,unknown,"should throw NotFoundException when searchAdvanced returns undefined: Error: expect(received).rejects.toThrow()

Received promise resolved instead of rejected
Resolved to value: undefined",a5ed3230f230b5456e048a503f995f09206f1d6279952be101bcf362ec6283ea,,C:\Users\cdbaz\OneDrive\Documentos\Projetos\usp\tcc\health-microservice-corpus\experiments\logs\errors\run-20260901T031236.570959Z\a5ed3230f230b5456e048a503f995f09206f1d6279952be101bcf362ec6283ea.txt
run-20260901T031236.570959Z,2026-09-01T04:20:38.938239+00:00,qwen_coder_3b,structured,order,searchOrdersAdvanced,FN_searchOrdersAdvanced_END,src/order/order.service.ts,76,78,556cd6ea,jest,1,jest,unknown,"should throw BadRequestException when dto is invalid: Error: expect(received).rejects.toThrow()

Received promise resolved instead of rejected
Resolved to value: undefined",a5ed3230f230b5456e048a503f995f09206f1d6279952be101bcf362ec6283ea,,C:\Users\cdbaz\OneDrive\Documentos\Projetos\usp\tcc\health-microservice-corpus\experiments\logs\errors\run-20260901T031236.570959Z\a5ed3230f230b5456e048a503f995f09206f1d6279952be101bcf362ec6283ea.txt
run-20260901T031236.570959Z,2026-09-01T04:21:04.806157+00:00,qwen_coder_3b,structured,order,searchOrdersAdvanced,FN_searchOrdersAdvanced_END,src/order/order.service.ts,76,78,556cd6ea,jest,2,jest,unknown,"should throw NotFoundException when searchAdvanced returns undefined: Error: expect(received).rejects.toThrow()

Received promise resolved instead of rejected
Resolved to value: undefined",0e89a66b9fd700024d449b9f2a029fde0e2145b8658571902feb77282e1466db,,C:\Users\cdbaz\OneDrive\Documentos\Projetos\usp\tcc\health-microservice-corpus\experiments\logs\errors\run-20260901T031236.570959Z\0e89a66b9fd700024d449b9f2a029fde0e2145b8658571902feb77282e1466db.txt
run-20260901T031236.570959Z,2026-09-01T04:21:53.075871+00:00,qwen_coder_3b,structured,order,validateOrderResult,FN_validateOrderResult_END,src/order/order.service.ts,80,158,556cd6ea,jest,1,jest,runtime_error,should return order when incomingStatus is ResultStatus.CORRECTED: TypeError: Cannot read properties of undefined (reading 'status'),f0a7bd1c1c9fec9713495654702d41f5ce678f25ce86f05af76ee197b223765a,,C:\Users\cdbaz\OneDrive\Documentos\Projetos\usp\tcc\health-microservice-corpus\experiments\logs\errors\run-20260901T031236.570959Z\f0a7bd1c1c9fec9713495654702d41f5ce678f25ce86f05af76ee197b223765a.txt
run-20260901T031236.570959Z,2026-09-01T04:21:53.075871+00:00,qwen_coder_3b,structured,order,validateOrderResult,FN_validateOrderResult_END,src/order/order.service.ts,80,158,556cd6ea,jest,1,jest,runtime_error,"should throw BadRequestException when order.status is not OrderStatus.COMPLETED: Error: expect(received).rejects.toThrow(expected)

Expected constructor: BadRequestException
Received constructor: TypeError

Received message: ""Cannot read properties of undefined (reading 'status')""

    [0m [90m 94 |[39m     )[33m;[39m
     [90m 95 |[39m
    [31m[1m>[22m[39m[90m 96 |[39m     [36mif[39m (encounter[33m.[39mstatus [33m===[39m [33mEncounterStatus[39m[33m.[39m[33mDISCHARGED[39",f0a7bd1c1c9fec9713495654702d41f5ce678f25ce86f05af76ee197b223765a,,C:\Users\cdbaz\OneDrive\Documentos\Projetos\usp\tcc\health-microservice-corpus\experiments\logs\errors\run-20260901T031236.570959Z\f0a7bd1c1c9fec9713495654702d41f5ce678f25ce86f05af76ee197b223765a.txt
run-20260901T031236.570959Z,2026-09-01T04:21:53.075871+00:00,qwen_coder_3b,structured,order,validateOrderResult,FN_validateOrderResult_END,src/order/order.service.ts,80,158,556cd6ea,jest,1,jest,runtime_error,"should throw BadRequestException when hasFinalResult or hasCorrectedResult: Error: expect(received).rejects.toThrow(expected)

Expected constructor: BadRequestException
Received constructor: TypeError

Received message: ""Cannot read properties of undefined (reading 'status')""

    [0m [90m 94 |[39m     )[33m;[39m
     [90m 95 |[39m
    [31m[1m>[22m[39m[90m 96 |[39m     [36mif[39m (encounter[33m.[39mstatus [33m===[39m [33mEncounterStatus[39m[33m.[39m[33mDISCHARGED[39m) {
",f0a7bd1c1c9fec9713495654702d41f5ce678f25ce86f05af76ee197b223765a,,C:\Users\cdbaz\OneDrive\Documentos\Projetos\usp\tcc\health-microservice-corpus\experiments\logs\errors\run-20260901T031236.570959Z\f0a7bd1c1c9fec9713495654702d41f5ce678f25ce86f05af76ee197b223765a.txt
run-20260901T031236.570959Z,2026-09-01T04:21:53.075871+00:00,qwen_coder_3b,structured,order,validateOrderResult,FN_validateOrderResult_END,src/order/order.service.ts,80,158,556cd6ea,jest,1,jest,runtime_error,"should throw BadRequestException when order.status is OrderStatus.COMPLETED: Error: expect(received).rejects.toThrow(expected)

Expected constructor: BadRequestException
Received constructor: TypeError

Received message: ""Cannot read properties of undefined (reading 'status')""

    [0m [90m 94 |[39m     )[33m;[39m
     [90m 95 |[39m
    [31m[1m>[22m[39m[90m 96 |[39m     [36mif[39m (encounter[33m.[39mstatus [33m===[39m [33mEncounterStatus[39m[33m.[39m[33mDISCHARGED[39m) {",f0a7bd1c1c9fec9713495654702d41f5ce678f25ce86f05af76ee197b223765a,,C:\Users\cdbaz\OneDrive\Documentos\Projetos\usp\tcc\health-microservice-corpus\experiments\logs\errors\run-20260901T031236.570959Z\f0a7bd1c1c9fec9713495654702d41f5ce678f25ce86f05af76ee197b223765a.txt
run-20260901T031236.570959Z,2026-09-01T04:21:53.075871+00:00,qwen_coder_3b,structured,order,validateOrderResult,FN_validateOrderResult_END,src/order/order.service.ts,80,158,556cd6ea,jest,1,jest,runtime_error,"should throw BadRequestException when hasFinalResult or hasCorrectedResult: Error: expect(received).rejects.toThrow(expected)

Expected constructor: BadRequestException
Received constructor: TypeError

Received message: ""Cannot read properties of undefined (reading 'status')""

    [0m [90m 94 |[39m     )[33m;[39m
     [90m 95 |[39m
    [31m[1m>[22m[39m[90m 96 |[39m     [36mif[39m (encounter[33m.[39mstatus [33m===[39m [33mEncounterStatus[39m[33m.[39m[33mDISCHARGED[39m) {
",f0a7bd1c1c9fec9713495654702d41f5ce678f25ce86f05af76ee197b223765a,,C:\Users\cdbaz\OneDrive\Documentos\Projetos\usp\tcc\health-microservice-corpus\experiments\logs\errors\run-20260901T031236.570959Z\f0a7bd1c1c9fec9713495654702d41f5ce678f25ce86f05af76ee197b223765a.txt
run-20260901T031236.570959Z,2026-09-01T04:21:53.075871+00:00,qwen_coder_3b,structured,order,validateOrderResult,FN_validateOrderResult_END,src/order/order.service.ts,80,158,556cd6ea,jest,1,jest,runtime_error,"should throw BadRequestException when order.status is OrderStatus.PENDING and incomingStatus is ResultStatus.FINAL: Error: expect(received).rejects.toThrow(expected)

Expected constructor: BadRequestException
Received constructor: TypeError

Received message: ""Cannot read properties of undefined (reading 'status')""

    [0m [90m 94 |[39m     )[33m;[39m
     [90m 95 |[39m
    [31m[1m>[22m[39m[90m 96 |[39m     [36mif[39m (encounter[33m.[39mstatus [33m===[39m [33mEncounterStatus",f0a7bd1c1c9fec9713495654702d41f5ce678f25ce86f05af76ee197b223765a,,C:\Users\cdbaz\OneDrive\Documentos\Projetos\usp\tcc\health-microservice-corpus\experiments\logs\errors\run-20260901T031236.570959Z\f0a7bd1c1c9fec9713495654702d41f5ce678f25ce86f05af76ee197b223765a.txt
run-20260901T031236.570959Z,2026-09-01T04:21:53.075871+00:00,qwen_coder_3b,structured,order,validateOrderResult,FN_validateOrderResult_END,src/order/order.service.ts,80,158,556cd6ea,jest,1,jest,runtime_error,should update order status to IN_PROGRESS and save it: TypeError: Cannot read properties of undefined (reading 'status'),f0a7bd1c1c9fec9713495654702d41f5ce678f25ce86f05af76ee197b223765a,,C:\Users\cdbaz\OneDrive\Documentos\Projetos\usp\tcc\health-microservice-corpus\experiments\logs\errors\run-20260901T031236.570959Z\f0a7bd1c1c9fec9713495654702d41f5ce678f25ce86f05af76ee197b223765a.txt
run-20260901T031236.570959Z,2026-09-01T04:21:53.075871+00:00,qwen_coder_3b,structured,order,validateOrderResult,FN_validateOrderResult_END,src/order/order.service.ts,80,158,556cd6ea,jest,1,jest,runtime_error,should update order status to COMPLETED and save it: TypeError: Cannot read properties of undefined (reading 'status'),f0a7bd1c1c9fec9713495654702d41f5ce678f25ce86f05af76ee197b223765a,,C:\Users\cdbaz\OneDrive\Documentos\Projetos\usp\tcc\health-microservice-corpus\experiments\logs\errors\run-20260901T031236.570959Z\f0a7bd1c1c9fec9713495654702d41f5ce678f25ce86f05af76ee197b223765a.txt
run-20260901T031236.570959Z,2026-09-01T04:23:49.881626+00:00,qwen_coder_3b,structured,order,updateOrder,FN_updateOrder_END,src/order/order.service.ts,170,203,556cd6ea,jest,1,jest,assertion_failure,"should update requestedBy when provided: Error: expect(received).toEqual(expected) // deep equality

Expected: {""requestedBy"": ""John"", ""status"": ""PENDING""}
Received: undefined",38a294a0cfce68fec9c59062a8ebfc79e5ab504db2937bafbd1331f886269ca1,,C:\Users\cdbaz\OneDrive\Documentos\Projetos\usp\tcc\health-microservice-corpus\experiments\logs\errors\run-20260901T031236.570959Z\38a294a0cfce68fec9c59062a8ebfc79e5ab504db2937bafbd1331f886269ca1.txt
run-20260901T031236.570959Z,2026-09-01T04:23:49.889617+00:00,qwen_coder_3b,structured,order,updateOrder,FN_updateOrder_END,src/order/order.service.ts,170,203,556cd6ea,jest,1,jest,assertion_failure,"should update notes when provided: Error: expect(received).toEqual(expected) // deep equality

Expected: {""notes"": ""Some notes"", ""status"": ""PENDING""}
Received: undefined",38a294a0cfce68fec9c59062a8ebfc79e5ab504db2937bafbd1331f886269ca1,,C:\Users\cdbaz\OneDrive\Documentos\Projetos\usp\tcc\health-microservice-corpus\experiments\logs\errors\run-20260901T031236.570959Z\38a294a0cfce68fec9c59062a8ebfc79e5ab504db2937bafbd1331f886269ca1.txt
run-20260901T031236.570959Z,2026-09-01T04:24:36.884077+00:00,qwen_coder_3b,structured,patient,listPatients,FN_listPatients_END,src/patient/patient.service.ts,23,25,0ddb42a2,jest,1,jest,unknown,"should throw a NotFoundException if no patients are found: Error: expect(received).rejects.toThrow()

Received promise resolved instead of rejected
Resolved to value: []",ea4b398e88b58091cd204052ac2a58923c5ac61308a7ecb94b76240803107259,,C:\Users\cdbaz\OneDrive\Documentos\Projetos\usp\tcc\health-microservice-corpus\experiments\logs\errors\run-20260901T031236.570959Z\ea4b398e88b58091cd204052ac2a58923c5ac61308a7ecb94b76240803107259.txt
run-20260901T031236.570959Z,2026-09-01T04:25:09.070436+00:00,qwen_coder_3b,structured,patient,createPatient,FN_createPatient_END,src/patient/patient.service.ts,27,51,0ddb42a2,jest,1,jest,runtime_error,should create and save a new patient: TypeError: patientRepositoryMock.findByEmail.mockResolvedOnce is not a function,1a4227291f74b7af3ff405b8fa6b52b00befeed6c804cbb62629bac183ebe4bb,,C:\Users\cdbaz\OneDrive\Documentos\Projetos\usp\tcc\health-microservice-corpus\experiments\logs\errors\run-20260901T031236.570959Z\1a4227291f74b7af3ff405b8fa6b52b00befeed6c804cbb62629bac183ebe4bb.txt
run-20260901T031236.570959Z,2026-09-01T04:25:44.104573+00:00,qwen_coder_3b,structured,patient,updatePatient,FN_updatePatient_END,src/patient/patient.service.ts,53,75,0ddb42a2,jest,1,jest,unknown,"should throw ConflictException when dto.email is already registered: Error: expect(received).rejects.toThrow()

Received promise resolved instead of rejected
Resolved to value: undefined",6e3eb78210aadd9dd27c2b559236c45f4560d90dbb9462637566c8635071907a,,C:\Users\cdbaz\OneDrive\Documentos\Projetos\usp\tcc\health-microservice-corpus\experiments\logs\errors\run-20260901T031236.570959Z\6e3eb78210aadd9dd27c2b559236c45f4560d90dbb9462637566c8635071907a.txt
run-20260901T031236.570959Z,2026-09-01T04:25:56.911890+00:00,qwen_coder_3b,structured,patient,updatePatient,FN_updatePatient_END,src/patient/patient.service.ts,53,75,0ddb42a2,jest,2,jest,unknown,"should throw ConflictException when dto.email is already registered: Error: expect(received).rejects.toThrow()

Received promise resolved instead of rejected
Resolved to value: undefined",c3d704a307c335fd53c68e74a13fccc94f6de72cc07682a50b54b02cbdaacd45,,C:\Users\cdbaz\OneDrive\Documentos\Projetos\usp\tcc\health-microservice-corpus\experiments\logs\errors\run-20260901T031236.570959Z\c3d704a307c335fd53c68e74a13fccc94f6de72cc07682a50b54b02cbdaacd45.txt
run-20260901T031236.570959Z,2026-09-01T04:26:42.083898+00:00,qwen_coder_3b,structured,result,createResult,FN_createResult_END,src/result/result.service.ts,26,39,357b6b51,jest,1,jest,unknown,"C:\Users\cdbaz\OneDrive\Documentos\Projetos\usp\tcc\health-microservice-corpus\corpus\src\result\result.service.spec.ts:102
                orderServiceMock.validateOrderResult.mockRejectedValue(new Error('Invalid order result'));
                                                                       ^

[Error: Invalid order result]

Node.js v18.16.0",4a3befe1e8dc9bc140804ca1ee34f140c39979b86a81d8a1dd3d95e9ca45ad02,,
run-20260901T031236.570959Z,2026-09-01T04:26:42.083898+00:00,qwen_coder_3b,structured,result,createResult,FN_createResult_END,src/result/result.service.ts,26,39,357b6b51,repair,1,repair,unparseable_failure,0 failures parsed from Jest output; whole-file repair is disabled for this attempt.,2ca322236f16007840cf7e8abfbc15162da7933dc8752f1c6a0b9c76d3d03702,,
run-20260901T031236.570959Z,2026-09-01T04:26:45.095899+00:00,qwen_coder_3b,structured,result,createResult,FN_createResult_END,src/result/result.service.ts,26,39,357b6b51,jest,2,jest,unknown,"C:\Users\cdbaz\OneDrive\Documentos\Projetos\usp\tcc\health-microservice-corpus\corpus\src\result\result.service.spec.ts:102
                orderServiceMock.validateOrderResult.mockRejectedValue(new Error('Invalid order result'));
                                                                       ^

[Error: Invalid order result]

Node.js v18.16.0",4a3befe1e8dc9bc140804ca1ee34f140c39979b86a81d8a1dd3d95e9ca45ad02,,
run-20260901T031236.570959Z,2026-09-01T04:26:45.095899+00:00,qwen_coder_3b,structured,result,createResult,FN_createResult_END,src/result/result.service.ts,26,39,357b6b51,repair,2,repair,unparseable_failure,0 failures parsed from Jest output; whole-file repair is disabled for this attempt.,2ca322236f16007840cf7e8abfbc15162da7933dc8752f1c6a0b9c76d3d03702,,
run-20260901T031236.570959Z,2026-09-01T04:26:48.119504+00:00,qwen_coder_3b,structured,result,createResult,FN_createResult_END,src/result/result.service.ts,26,39,357b6b51,jest,3,jest,unknown,"C:\Users\cdbaz\OneDrive\Documentos\Projetos\usp\tcc\health-microservice-corpus\corpus\src\result\result.service.spec.ts:102
                orderServiceMock.validateOrderResult.mockRejectedValue(new Error('Invalid order result'));
                                                                       ^

[Error: Invalid order result]

Node.js v18.16.0",4a3befe1e8dc9bc140804ca1ee34f140c39979b86a81d8a1dd3d95e9ca45ad02,,
run-20260901T031236.570959Z,2026-09-01T04:26:48.119504+00:00,qwen_coder_3b,structured,result,createResult,FN_createResult_END,src/result/result.service.ts,26,39,357b6b51,repair,3,repair,unparseable_failure,0 failures parsed from Jest output; whole-file repair is disabled for this attempt.,2ca322236f16007840cf7e8abfbc15162da7933dc8752f1c6a0b9c76d3d03702,,
run-20260901T031236.570959Z,2026-09-01T04:26:51.148986+00:00,qwen_coder_3b,structured,result,createResult,FN_createResult_END,src/result/result.service.ts,26,39,357b6b51,jest,4,jest,unknown,"C:\Users\cdbaz\OneDrive\Documentos\Projetos\usp\tcc\health-microservice-corpus\corpus\src\result\result.service.spec.ts:102
                orderServiceMock.validateOrderResult.mockRejectedValue(new Error('Invalid order result'));
                                                                       ^

[Error: Invalid order result]

Node.js v18.16.0",4a3befe1e8dc9bc140804ca1ee34f140c39979b86a81d8a1dd3d95e9ca45ad02,,
run-20260901T031236.570959Z,2026-09-01T04:26:51.148986+00:00,qwen_coder_3b,structured,result,createResult,FN_createResult_END,src/result/result.service.ts,26,39,357b6b51,repair,4,repair,unparseable_failure,0 failures parsed from Jest output; whole-file repair is disabled for this attempt.,2ca322236f16007840cf7e8abfbc15162da7933dc8752f1c6a0b9c76d3d03702,,
run-20260901T031236.570959Z,2026-09-01T04:26:54.243963+00:00,qwen_coder_3b,structured,result,createResult,FN_createResult_END,src/result/result.service.ts,26,39,357b6b51,jest,5,jest,unknown,"C:\Users\cdbaz\OneDrive\Documentos\Projetos\usp\tcc\health-microservice-corpus\corpus\src\result\result.service.spec.ts:102
                orderServiceMock.validateOrderResult.mockRejectedValue(new Error('Invalid order result'));
                                                                       ^

[Error: Invalid order result]

Node.js v18.16.0",4a3befe1e8dc9bc140804ca1ee34f140c39979b86a81d8a1dd3d95e9ca45ad02,,
run-20260901T031236.570959Z,2026-09-01T04:26:54.243963+00:00,qwen_coder_3b,structured,result,createResult,FN_createResult_END,src/result/result.service.ts,26,39,357b6b51,repair,5,repair,max_repairs_exceeded,Runtime repair exhausted MAX_RUNTIME_REPAIRS=5 attempts,07669857ffb0ce3ee50e620aaa2bdb3e306e87699a96b0b0862427652773b240,,
run-20260901T031236.570959Z,2026-09-01T04:26:54.260229+00:00,qwen_coder_3b,structured,result,createResult,FN_createResult_END,src/result/result.service.ts,26,39,357b6b51,pipeline,,pipeline,rollback,Function 'createResult' failed irrecoverably; rolled back to the last known-good snapshot.,7b208f4ec7cbffc8e1ab11f0d59d0f7c512a35fe3dde32288e63a825957c456c,restored,
run-20260901T031236.570959Z,2026-09-01T04:27:05.793610+00:00,qwen_coder_3b,structured,result,searchResults,FN_searchResults_END,src/result/result.service.ts,41,43,357b6b51,jest,1,jest,unknown,"should throw a NotFoundException when no order is found: Error: expect(received).rejects.toThrow()

Received promise resolved instead of rejected
Resolved to value: []",d6d6034a1f46a1a3143dd79d268ce6b6f35fd0bcf464821fc884f62056892f27,,C:\Users\cdbaz\OneDrive\Documentos\Projetos\usp\tcc\health-microservice-corpus\experiments\logs\errors\run-20260901T031236.570959Z\d6d6034a1f46a1a3143dd79d268ce6b6f35fd0bcf464821fc884f62056892f27.txt
run-20260901T031236.570959Z,2026-09-01T04:27:05.793610+00:00,qwen_coder_3b,structured,result,searchResults,FN_searchResults_END,src/result/result.service.ts,41,43,357b6b51,jest,1,jest,unknown,"should throw a BadRequestException when invalid dto is provided: Error: expect(received).rejects.toThrow()

Received promise resolved instead of rejected
Resolved to value: undefined",d6d6034a1f46a1a3143dd79d268ce6b6f35fd0bcf464821fc884f62056892f27,,C:\Users\cdbaz\OneDrive\Documentos\Projetos\usp\tcc\health-microservice-corpus\experiments\logs\errors\run-20260901T031236.570959Z\d6d6034a1f46a1a3143dd79d268ce6b6f35fd0bcf464821fc884f62056892f27.txt
run-20260901T031236.570959Z,2026-09-01T04:27:26.418085+00:00,qwen_coder_3b,structured,result,searchResults,FN_searchResults_END,src/result/result.service.ts,41,43,357b6b51,jest,2,jest,unknown,"should throw a NotFoundException when no order is found: Error: expect(received).rejects.toThrow()

Received promise resolved instead of rejected
Resolved to value: []",948d475510964ca4ec450df8ba6348380ae45c019c0f091ac43f8915c596153c,,C:\Users\cdbaz\OneDrive\Documentos\Projetos\usp\tcc\health-microservice-corpus\experiments\logs\errors\run-20260901T031236.570959Z\948d475510964ca4ec450df8ba6348380ae45c019c0f091ac43f8915c596153c.txt
run-20260901T031236.570959Z,2026-09-01T04:28:57.487737+00:00,qwen_coder_3b,structured,result,updateResult,FN_updateResult_END,src/result/result.service.ts,126,206,357b6b51,jest,1,jest,unknown,"should throw BadRequestException when dto.status is not undefined and status transition is invalid: Error: expect(received).rejects.toThrow()

Received promise resolved instead of rejected
Resolved to value: {""status"": ""FINAL""}",6a99bed459481093e9591335a5d0029ec0615009a3f9e3767c5cf3c4d1047e23,,C:\Users\cdbaz\OneDrive\Documentos\Projetos\usp\tcc\health-microservice-corpus\experiments\logs\errors\run-20260901T031236.570959Z\6a99bed459481093e9591335a5d0029ec0615009a3f9e3767c5cf3c4d1047e23.txt
run-20260901T031236.570959Z,2026-09-01T04:30:35.537587+00:00,qwen_coder_7b,zero_shot,encounter,createEncounter,FN_createEncounter_END,src/encounter/encounter.service.ts,30,63,04a941d1,jest,1,jest,unknown,should validate encounter fields: BadRequestException: Ward is required for ADT A01 (admission),8da24b4cb548d8e54473247a52c59cdbe0f5e07c63c96ce44c9d1201a99f5215,,C:\Users\cdbaz\OneDrive\Documentos\Projetos\usp\tcc\health-microservice-corpus\experiments\logs\errors\run-20260901T031236.570959Z\8da24b4cb548d8e54473247a52c59cdbe0f5e07c63c96ce44c9d1201a99f5215.txt
run-20260901T031236.570959Z,2026-09-01T04:30:35.537587+00:00,qwen_coder_7b,zero_shot,encounter,createEncounter,FN_createEncounter_END,src/encounter/encounter.service.ts,30,63,04a941d1,jest,1,jest,assertion_failure,"should throw ConflictException if patient already has an active encounter: Error: expect(received).rejects.toThrow(expected)

Expected constructor: ConflictException
Received constructor: BadRequestException

Received message: ""Ward is required for ADT A01 (admission)""

    [0m [90m 65 |[39m   validateEncounterFields(dto[33m:[39m [33mCreateEncounterDto[39m)[33m:[39m [36mvoid[39m {
     [90m 66 |[39m     [36mif[39m (dto[33m.[39madtType [33m===[39m [33mAdtType[39m[33m.[39m[",8da24b4cb548d8e54473247a52c59cdbe0f5e07c63c96ce44c9d1201a99f5215,,C:\Users\cdbaz\OneDrive\Documentos\Projetos\usp\tcc\health-microservice-corpus\experiments\logs\errors\run-20260901T031236.570959Z\8da24b4cb548d8e54473247a52c59cdbe0f5e07c63c96ce44c9d1201a99f5215.txt
run-20260901T031236.570959Z,2026-09-01T04:30:35.537587+00:00,qwen_coder_7b,zero_shot,encounter,createEncounter,FN_createEncounter_END,src/encounter/encounter.service.ts,30,63,04a941d1,jest,1,jest,unknown,should create and save encounter if all conditions are met: BadRequestException: Ward is required for ADT A01 (admission),8da24b4cb548d8e54473247a52c59cdbe0f5e07c63c96ce44c9d1201a99f5215,,C:\Users\cdbaz\OneDrive\Documentos\Projetos\usp\tcc\health-microservice-corpus\experiments\logs\errors\run-20260901T031236.570959Z\8da24b4cb548d8e54473247a52c59cdbe0f5e07c63c96ce44c9d1201a99f5215.txt
run-20260901T031236.570959Z,2026-09-01T04:31:38.458136+00:00,qwen_coder_7b,zero_shot,encounter,createEncounter,FN_createEncounter_END,src/encounter/encounter.service.ts,30,63,04a941d1,jest,2,jest,runtime_error,should validate encounter fields: TypeError: Cannot read properties of undefined (reading 'active'),060c84784c9d5d26f93b8495b0b80d1d263b68d8398fcd7095f26d772871e736,,C:\Users\cdbaz\OneDrive\Documentos\Projetos\usp\tcc\health-microservice-corpus\experiments\logs\errors\run-20260901T031236.570959Z\060c84784c9d5d26f93b8495b0b80d1d263b68d8398fcd7095f26d772871e736.txt
run-20260901T031236.570959Z,2026-09-01T04:31:38.458136+00:00,qwen_coder_7b,zero_shot,encounter,createEncounter,FN_createEncounter_END,src/encounter/encounter.service.ts,30,63,04a941d1,jest,2,jest,assertion_failure,"should create and save encounter if all conditions are met: Error: expect(jest.fn()).toHaveBeenCalledWith(...expected)

Expected: Any<Encounter>
Received: {}

Number of calls: 1",060c84784c9d5d26f93b8495b0b80d1d263b68d8398fcd7095f26d772871e736,,C:\Users\cdbaz\OneDrive\Documentos\Projetos\usp\tcc\health-microservice-corpus\experiments\logs\errors\run-20260901T031236.570959Z\060c84784c9d5d26f93b8495b0b80d1d263b68d8398fcd7095f26d772871e736.txt
run-20260901T031236.570959Z,2026-09-01T04:32:24.242997+00:00,qwen_coder_7b,zero_shot,encounter,createEncounter,FN_createEncounter_END,src/encounter/encounter.service.ts,30,63,04a941d1,jest,3,jest,assertion_failure,"should validate encounter fields: Error: expect(received).toHaveBeenCalledWith(...expected)

Matcher error: received value must be a mock or spy function

Received has type:  function
Received has value: [Function validateEncounterFields]",87cf48decd9a4e8fa6c264ca434cad9b4984f505d415e9679632e94bf583f1b8,,C:\Users\cdbaz\OneDrive\Documentos\Projetos\usp\tcc\health-microservice-corpus\experiments\logs\errors\run-20260901T031236.570959Z\87cf48decd9a4e8fa6c264ca434cad9b4984f505d415e9679632e94bf583f1b8.txt
run-20260901T031236.570959Z,2026-09-01T04:32:24.242997+00:00,qwen_coder_7b,zero_shot,encounter,createEncounter,FN_createEncounter_END,src/encounter/encounter.service.ts,30,63,04a941d1,jest,3,jest,assertion_failure,"should create and save encounter if all conditions are met: Error: expect(jest.fn()).toHaveBeenCalledWith(...expected)

Expected: Any<Encounter>
Received: {}

Number of calls: 1",87cf48decd9a4e8fa6c264ca434cad9b4984f505d415e9679632e94bf583f1b8,,C:\Users\cdbaz\OneDrive\Documentos\Projetos\usp\tcc\health-microservice-corpus\experiments\logs\errors\run-20260901T031236.570959Z\87cf48decd9a4e8fa6c264ca434cad9b4984f505d415e9679632e94bf583f1b8.txt
run-20260901T031236.570959Z,2026-09-01T04:37:50.181504+00:00,qwen_coder_7b,zero_shot,encounter,transitionEncounterStatus,FN_transitionEncounterStatus_END,src/encounter/encounter.service.ts,109,197,04a941d1,jest,1,jest,unknown,"should throw BadRequestException if dischargeDate must be after transferDate: Error: expect(received).rejects.toThrow()

Received promise resolved instead of rejected
Resolved to value: undefined",8f31a2f94836aa010a0bbd377f9833393bcb2c8b26de361f25f7f2883cb96749,,C:\Users\cdbaz\OneDrive\Documentos\Projetos\usp\tcc\health-microservice-corpus\experiments\logs\errors\run-20260901T031236.570959Z\8f31a2f94836aa010a0bbd377f9833393bcb2c8b26de361f25f7f2883cb96749.txt
run-20260901T031236.570959Z,2026-09-01T04:41:26.384175+00:00,qwen_coder_7b,zero_shot,encounter,processAdtMessage,FN_processAdtMessage_END,src/encounter/encounter.service.ts,199,317,04a941d1,jest,1,jest,runtime_error,should create a new patient and encounter for A01: TypeError: Cannot read properties of undefined (reading 'active'),e7278f56575a2198435d2734c984b10311ae3f21a108269b6a1555131fdb30b7,,C:\Users\cdbaz\OneDrive\Documentos\Projetos\usp\tcc\health-microservice-corpus\experiments\logs\errors\run-20260901T031236.570959Z\e7278f56575a2198435d2734c984b10311ae3f21a108269b6a1555131fdb30b7.txt
run-20260901T031236.570959Z,2026-09-01T04:41:26.384175+00:00,qwen_coder_7b,zero_shot,encounter,processAdtMessage,FN_processAdtMessage_END,src/encounter/encounter.service.ts,199,317,04a941d1,jest,1,jest,unknown,should update an existing encounter for A02: NotFoundException: Encounter with id encounterId not found,e7278f56575a2198435d2734c984b10311ae3f21a108269b6a1555131fdb30b7,,C:\Users\cdbaz\OneDrive\Documentos\Projetos\usp\tcc\health-microservice-corpus\experiments\logs\errors\run-20260901T031236.570959Z\e7278f56575a2198435d2734c984b10311ae3f21a108269b6a1555131fdb30b7.txt
run-20260901T031236.570959Z,2026-09-01T04:41:26.384175+00:00,qwen_coder_7b,zero_shot,encounter,processAdtMessage,FN_processAdtMessage_END,src/encounter/encounter.service.ts,199,317,04a941d1,jest,1,jest,unknown,should update an existing encounter for A03: NotFoundException: Encounter with id encounterId not found,e7278f56575a2198435d2734c984b10311ae3f21a108269b6a1555131fdb30b7,,C:\Users\cdbaz\OneDrive\Documentos\Projetos\usp\tcc\health-microservice-corpus\experiments\logs\errors\run-20260901T031236.570959Z\e7278f56575a2198435d2734c984b10311ae3f21a108269b6a1555131fdb30b7.txt
run-20260901T031236.570959Z,2026-09-01T04:45:05.419640+00:00,qwen_coder_7b,zero_shot,encounter,updateEncounter,FN_updateEncounter_END,src/encounter/encounter.service.ts,319,363,04a941d1,jest,1,jest,unknown,"should throw BadRequestException if admitDate is before transferDate: Error: expect(received).rejects.toThrow()

Received promise resolved instead of rejected
Resolved to value: undefined",3a392e0169fc82b3038b5a4a8257e12f9f2bfb4bfe8ab614fdc14b1ba873816d,,C:\Users\cdbaz\OneDrive\Documentos\Projetos\usp\tcc\health-microservice-corpus\experiments\logs\errors\run-20260901T031236.570959Z\3a392e0169fc82b3038b5a4a8257e12f9f2bfb4bfe8ab614fdc14b1ba873816d.txt
run-20260901T031236.570959Z,2026-09-01T04:45:05.420656+00:00,qwen_coder_7b,zero_shot,encounter,updateEncounter,FN_updateEncounter_END,src/encounter/encounter.service.ts,319,363,04a941d1,jest,1,jest,unknown,should update encounter and save it: NotFoundException: Encounter with id 123 not found,3a392e0169fc82b3038b5a4a8257e12f9f2bfb4bfe8ab614fdc14b1ba873816d,,C:\Users\cdbaz\OneDrive\Documentos\Projetos\usp\tcc\health-microservice-corpus\experiments\logs\errors\run-20260901T031236.570959Z\3a392e0169fc82b3038b5a4a8257e12f9f2bfb4bfe8ab614fdc14b1ba873816d.txt
run-20260901T031236.570959Z,2026-09-01T04:48:33.728745+00:00,qwen_coder_7b,zero_shot,encounter,buildEncounterSummary,FN_buildEncounterSummary_END,src/encounter/encounter.service.ts,365,439,04a941d1,jest,1,jest,unknown,"should build encounter summary with no abnormal results and active days less than 7: Error: expect(received).toEqual(expected) // deep equality

- Expected  - 2
+ Received  + 2

@@ -1,7 +1,7 @@
  Object {
-   ""activeDays"": 10,
+   ""activeDays"": 1249,
    ""encounter"": Object {
      ""admitDate"": ""2023-04-01T00:00:00Z"",
      ""id"": ""123"",
      ""orders"": Array [
        Object {
@@ -37,7 +37,7 @@
    ""results"": Object {
      ""abnormal"": 0,
      ""preliminary"": 0,
      ""total"": 1,
    },
-   ""ris",730a1178036e412983ef89b32a0ccbd7525d93c9717f1ae2ef48d656bcb6e5f9,,C:\Users\cdbaz\OneDrive\Documentos\Projetos\usp\tcc\health-microservice-corpus\experiments\logs\errors\run-20260901T031236.570959Z\730a1178036e412983ef89b32a0ccbd7525d93c9717f1ae2ef48d656bcb6e5f9.txt
run-20260901T031236.570959Z,2026-09-01T04:48:33.739899+00:00,qwen_coder_7b,zero_shot,encounter,buildEncounterSummary,FN_buildEncounterSummary_END,src/encounter/encounter.service.ts,365,439,04a941d1,jest,1,jest,unknown,"should build encounter summary with abnormal results and active days less than 7: Error: expect(received).toEqual(expected) // deep equality

- Expected  - 2
+ Received  + 2

@@ -1,7 +1,7 @@
  Object {
-   ""activeDays"": 10,
+   ""activeDays"": 1249,
    ""encounter"": Object {
      ""admitDate"": ""2023-04-01T00:00:00Z"",
      ""id"": ""123"",
      ""orders"": Array [
        Object {
@@ -37,7 +37,7 @@
    ""results"": Object {
      ""abnormal"": 1,
      ""preliminary"": 0,
      ""total"": 1,
    },
-   ""riskFl",730a1178036e412983ef89b32a0ccbd7525d93c9717f1ae2ef48d656bcb6e5f9,,C:\Users\cdbaz\OneDrive\Documentos\Projetos\usp\tcc\health-microservice-corpus\experiments\logs\errors\run-20260901T031236.570959Z\730a1178036e412983ef89b32a0ccbd7525d93c9717f1ae2ef48d656bcb6e5f9.txt
run-20260901T031236.570959Z,2026-09-01T04:48:33.741350+00:00,qwen_coder_7b,zero_shot,encounter,buildEncounterSummary,FN_buildEncounterSummary_END,src/encounter/encounter.service.ts,365,439,04a941d1,jest,1,jest,unknown,"should build encounter summary with abnormal results and active days greater than 7: Error: expect(received).toEqual(expected) // deep equality

- Expected  - 2
+ Received  + 2

@@ -1,7 +1,7 @@
  Object {
-   ""activeDays"": 30,
+   ""activeDays"": 1280,
    ""encounter"": Object {
      ""admitDate"": ""2023-03-01T00:00:00Z"",
      ""id"": ""123"",
      ""orders"": Array [
        Object {
@@ -37,7 +37,7 @@
    ""results"": Object {
      ""abnormal"": 1,
      ""preliminary"": 0,
      ""total"": 1,
    },
-   ""ris",730a1178036e412983ef89b32a0ccbd7525d93c9717f1ae2ef48d656bcb6e5f9,,C:\Users\cdbaz\OneDrive\Documentos\Projetos\usp\tcc\health-microservice-corpus\experiments\logs\errors\run-20260901T031236.570959Z\730a1178036e412983ef89b32a0ccbd7525d93c9717f1ae2ef48d656bcb6e5f9.txt
run-20260901T031236.570959Z,2026-09-01T04:48:33.743123+00:00,qwen_coder_7b,zero_shot,encounter,buildEncounterSummary,FN_buildEncounterSummary_END,src/encounter/encounter.service.ts,365,439,04a941d1,jest,1,jest,unknown,"should build encounter summary with no abnormal results and active days greater than 7: Error: expect(received).toEqual(expected) // deep equality

- Expected  - 2
+ Received  + 2

@@ -1,7 +1,7 @@
  Object {
-   ""activeDays"": 30,
+   ""activeDays"": 1280,
    ""encounter"": Object {
      ""admitDate"": ""2023-03-01T00:00:00Z"",
      ""id"": ""123"",
      ""orders"": Array [
        Object {
@@ -37,7 +37,7 @@
    ""results"": Object {
      ""abnormal"": 0,
      ""preliminary"": 0,
      ""total"": 1,
    },
-   """,730a1178036e412983ef89b32a0ccbd7525d93c9717f1ae2ef48d656bcb6e5f9,,C:\Users\cdbaz\OneDrive\Documentos\Projetos\usp\tcc\health-microservice-corpus\experiments\logs\errors\run-20260901T031236.570959Z\730a1178036e412983ef89b32a0ccbd7525d93c9717f1ae2ef48d656bcb6e5f9.txt
run-20260901T031236.570959Z,2026-09-01T04:48:33.743123+00:00,qwen_coder_7b,zero_shot,encounter,buildEncounterSummary,FN_buildEncounterSummary_END,src/encounter/encounter.service.ts,365,439,04a941d1,jest,1,jest,unknown,"should throw NotFoundException if patient not found: Error: expect(received).rejects.toThrow()

Received promise resolved instead of rejected
Resolved to value: {""activeDays"": 1249, ""encounter"": {""admitDate"": ""2023-04-01T00:00:00Z"", ""id"": ""123"", ""orders"": [], ""patientId"": ""patient123""}, ""hasAbnormalResults"": false, ""orders"": {""cancelled"": 0, ""completed"": 0, ""inProgress"": 0, ""pending"": 0, ""total"": 0}, ""patient"": undefined, ""results"": {""abnormal"": 0, ""preliminary"": 0, ""total"": 0}, ""riskFlag"": ""MED",730a1178036e412983ef89b32a0ccbd7525d93c9717f1ae2ef48d656bcb6e5f9,,C:\Users\cdbaz\OneDrive\Documentos\Projetos\usp\tcc\health-microservice-corpus\experiments\logs\errors\run-20260901T031236.570959Z\730a1178036e412983ef89b32a0ccbd7525d93c9717f1ae2ef48d656bcb6e5f9.txt
run-20260901T031236.570959Z,2026-09-01T04:51:16.943759+00:00,qwen_coder_7b,zero_shot,encounter,buildEncounterSummary,FN_buildEncounterSummary_END,src/encounter/encounter.service.ts,365,439,04a941d1,jest,2,jest,unknown,"should build encounter summary with no abnormal results and active days less than 7: Error: expect(received).toEqual(expected) // deep equality

- Expected  - 1
+ Received  + 1

@@ -1,7 +1,7 @@
  Object {
-   ""activeDays"": 10,
+   ""activeDays"": 1249,
    ""encounter"": Object {
      ""admitDate"": ""2023-04-01T00:00:00Z"",
      ""id"": ""123"",
      ""orders"": Array [
        Object {",08a2b113294b61c6a03ad1ce444d5898b21e172ead6f0df69f61619865ce6ed5,,C:\Users\cdbaz\OneDrive\Documentos\Projetos\usp\tcc\health-microservice-corpus\experiments\logs\errors\run-20260901T031236.570959Z\08a2b113294b61c6a03ad1ce444d5898b21e172ead6f0df69f61619865ce6ed5.txt
run-20260901T031236.570959Z,2026-09-01T04:51:16.951302+00:00,qwen_coder_7b,zero_shot,encounter,buildEncounterSummary,FN_buildEncounterSummary_END,src/encounter/encounter.service.ts,365,439,04a941d1,jest,2,jest,unknown,"should build encounter summary with abnormal results and active days less than 7: Error: expect(received).toEqual(expected) // deep equality

- Expected  - 1
+ Received  + 1

@@ -1,7 +1,7 @@
  Object {
-   ""activeDays"": 10,
+   ""activeDays"": 1249,
    ""encounter"": Object {
      ""admitDate"": ""2023-04-01T00:00:00Z"",
      ""id"": ""123"",
      ""orders"": Array [
        Object {",08a2b113294b61c6a03ad1ce444d5898b21e172ead6f0df69f61619865ce6ed5,,C:\Users\cdbaz\OneDrive\Documentos\Projetos\usp\tcc\health-microservice-corpus\experiments\logs\errors\run-20260901T031236.570959Z\08a2b113294b61c6a03ad1ce444d5898b21e172ead6f0df69f61619865ce6ed5.txt
run-20260901T031236.570959Z,2026-09-01T04:52:31.612827+00:00,qwen_coder_7b,zero_shot,encounter,buildEncounterSummary,FN_buildEncounterSummary_END,src/encounter/encounter.service.ts,365,439,04a941d1,jest,3,jest,unknown,"should build encounter summary with abnormal results and active days less than 7: Error: expect(received).toEqual(expected) // deep equality

- Expected  - 2
+ Received  + 2

@@ -1,7 +1,7 @@
  Object {
-   ""activeDays"": 10,
+   ""activeDays"": 1249,
    ""encounter"": Object {
      ""admitDate"": ""2023-04-01T00:00:00Z"",
      ""id"": ""123"",
      ""orders"": Array [
        Object {
@@ -37,7 +37,7 @@
    ""results"": Object {
      ""abnormal"": 1,
      ""preliminary"": 0,
      ""total"": 1,
    },
-   ""riskFl",6a30d47b08af25261817849d4a6fee94c98526a56a96be87f4f29e7ff88ec7ba,,C:\Users\cdbaz\OneDrive\Documentos\Projetos\usp\tcc\health-microservice-corpus\experiments\logs\errors\run-20260901T031236.570959Z\6a30d47b08af25261817849d4a6fee94c98526a56a96be87f4f29e7ff88ec7ba.txt
run-20260901T031236.570959Z,2026-09-01T04:52:35.515141+00:00,qwen_coder_7b,zero_shot,encounter,buildEncounterSummary,FN_buildEncounterSummary_END,src/encounter/encounter.service.ts,365,439,04a941d1,repair,3,repair,repair_failed,1 repair attempt(s) did not produce a valid fix,a19dd2f169fea0f558514ac3dac1b23af029a1260819d762429f620cb291dccb,,
run-20260901T031236.570959Z,2026-09-01T04:54:53.692786+00:00,qwen_coder_7b,zero_shot,order,createOrder,FN_createOrder_END,src/order/order.service.ts,34,70,556cd6ea,jest,1,jest,unknown,"should create and save an order if all conditions are met: Error: expect(received).toEqual(expected) // deep equality

- Expected  - 2
+ Received  + 2

  Object {
-   ""created_at"": 2026-09-01T04:54:53.595Z,
+   ""created_at"": 2026-09-01T04:54:53.594Z,
    ""encounter"": null,
    ""encounterId"": ""encounter123"",
    ""examType"": ""HEMOGRAM"",
    ""id"": ""order123"",
    ""notes"": null,
    ""requestedAt"": 2023-10-01T12:00:00.000Z,
    ""requestedBy"": ""user123"",
    ""results"": Array [],
    ""status"": ""PENDING",1a64da98a4996eb8a0d3eaaf56331b9beda4a0fe2ff2481593e8a9742c8152c3,,C:\Users\cdbaz\OneDrive\Documentos\Projetos\usp\tcc\health-microservice-corpus\experiments\logs\errors\run-20260901T031236.570959Z\1a64da98a4996eb8a0d3eaaf56331b9beda4a0fe2ff2481593e8a9742c8152c3.txt
run-20260901T031236.570959Z,2026-09-01T04:57:17.722428+00:00,qwen_coder_7b,zero_shot,order,searchOrders,FN_searchOrders_END,src/order/order.service.ts,72,74,556cd6ea,jest,1,jest,unknown,"C:\Users\cdbaz\OneDrive\Documentos\Projetos\usp\tcc\health-microservice-corpus\corpus\src\order\order.service.spec.ts:252
                orderRepositoryMock.search.mockRejectedValue(new Error('Repository error'));
                                                             ^

[Error: Repository error]

Node.js v18.16.0",88ba5dbfb24b991639ad11acbba4f51e348f6bab448783e5fa1b382a6221ca2c,,
run-20260901T031236.570959Z,2026-09-01T04:57:17.722428+00:00,qwen_coder_7b,zero_shot,order,searchOrders,FN_searchOrders_END,src/order/order.service.ts,72,74,556cd6ea,repair,1,repair,unparseable_failure,0 failures parsed from Jest output; whole-file repair is disabled for this attempt.,2ca322236f16007840cf7e8abfbc15162da7933dc8752f1c6a0b9c76d3d03702,,
run-20260901T031236.570959Z,2026-09-01T04:57:20.727530+00:00,qwen_coder_7b,zero_shot,order,searchOrders,FN_searchOrders_END,src/order/order.service.ts,72,74,556cd6ea,jest,2,jest,unknown,"C:\Users\cdbaz\OneDrive\Documentos\Projetos\usp\tcc\health-microservice-corpus\corpus\src\order\order.service.spec.ts:252
                orderRepositoryMock.search.mockRejectedValue(new Error('Repository error'));
                                                             ^

[Error: Repository error]

Node.js v18.16.0",88ba5dbfb24b991639ad11acbba4f51e348f6bab448783e5fa1b382a6221ca2c,,
run-20260901T031236.570959Z,2026-09-01T04:57:20.727530+00:00,qwen_coder_7b,zero_shot,order,searchOrders,FN_searchOrders_END,src/order/order.service.ts,72,74,556cd6ea,repair,2,repair,unparseable_failure,0 failures parsed from Jest output; whole-file repair is disabled for this attempt.,2ca322236f16007840cf7e8abfbc15162da7933dc8752f1c6a0b9c76d3d03702,,
run-20260901T031236.570959Z,2026-09-01T04:57:23.709072+00:00,qwen_coder_7b,zero_shot,order,searchOrders,FN_searchOrders_END,src/order/order.service.ts,72,74,556cd6ea,jest,3,jest,unknown,"C:\Users\cdbaz\OneDrive\Documentos\Projetos\usp\tcc\health-microservice-corpus\corpus\src\order\order.service.spec.ts:252
                orderRepositoryMock.search.mockRejectedValue(new Error('Repository error'));
                                                             ^

[Error: Repository error]

Node.js v18.16.0",88ba5dbfb24b991639ad11acbba4f51e348f6bab448783e5fa1b382a6221ca2c,,
run-20260901T031236.570959Z,2026-09-01T04:57:23.709072+00:00,qwen_coder_7b,zero_shot,order,searchOrders,FN_searchOrders_END,src/order/order.service.ts,72,74,556cd6ea,repair,3,repair,unparseable_failure,0 failures parsed from Jest output; whole-file repair is disabled for this attempt.,2ca322236f16007840cf7e8abfbc15162da7933dc8752f1c6a0b9c76d3d03702,,
run-20260901T031236.570959Z,2026-09-01T04:57:26.716273+00:00,qwen_coder_7b,zero_shot,order,searchOrders,FN_searchOrders_END,src/order/order.service.ts,72,74,556cd6ea,jest,4,jest,unknown,"C:\Users\cdbaz\OneDrive\Documentos\Projetos\usp\tcc\health-microservice-corpus\corpus\src\order\order.service.spec.ts:252
                orderRepositoryMock.search.mockRejectedValue(new Error('Repository error'));
                                                             ^

[Error: Repository error]

Node.js v18.16.0",88ba5dbfb24b991639ad11acbba4f51e348f6bab448783e5fa1b382a6221ca2c,,
run-20260901T031236.570959Z,2026-09-01T04:57:26.716273+00:00,qwen_coder_7b,zero_shot,order,searchOrders,FN_searchOrders_END,src/order/order.service.ts,72,74,556cd6ea,repair,4,repair,unparseable_failure,0 failures parsed from Jest output; whole-file repair is disabled for this attempt.,2ca322236f16007840cf7e8abfbc15162da7933dc8752f1c6a0b9c76d3d03702,,
run-20260901T031236.570959Z,2026-09-01T04:57:29.690940+00:00,qwen_coder_7b,zero_shot,order,searchOrders,FN_searchOrders_END,src/order/order.service.ts,72,74,556cd6ea,jest,5,jest,unknown,"C:\Users\cdbaz\OneDrive\Documentos\Projetos\usp\tcc\health-microservice-corpus\corpus\src\order\order.service.spec.ts:252
                orderRepositoryMock.search.mockRejectedValue(new Error('Repository error'));
                                                             ^

[Error: Repository error]

Node.js v18.16.0",88ba5dbfb24b991639ad11acbba4f51e348f6bab448783e5fa1b382a6221ca2c,,
run-20260901T031236.570959Z,2026-09-01T04:57:29.690940+00:00,qwen_coder_7b,zero_shot,order,searchOrders,FN_searchOrders_END,src/order/order.service.ts,72,74,556cd6ea,repair,5,repair,max_repairs_exceeded,Runtime repair exhausted MAX_RUNTIME_REPAIRS=5 attempts,07669857ffb0ce3ee50e620aaa2bdb3e306e87699a96b0b0862427652773b240,,
run-20260901T031236.570959Z,2026-09-01T04:57:29.690940+00:00,qwen_coder_7b,zero_shot,order,searchOrders,FN_searchOrders_END,src/order/order.service.ts,72,74,556cd6ea,pipeline,,pipeline,rollback,Function 'searchOrders' failed irrecoverably; rolled back to the last known-good snapshot.,25dacf637547e47a97d5599057300b8e49d5e168aa0afb1c90da695504320b1a,restored,
run-20260901T031236.570959Z,2026-09-01T04:59:52.653948+00:00,qwen_coder_7b,zero_shot,order,validateOrderResult,FN_validateOrderResult_END,src/order/order.service.ts,80,158,556cd6ea,jest,1,jest,runtime_error,"should throw BadRequestException if incoming status is CORRECTED and order is not completed: Error: expect(received).rejects.toThrow(expected)

Expected constructor: BadRequestException
Received constructor: TypeError

Received message: ""Cannot read properties of undefined (reading 'status')""

    [0m [90m 94 |[39m     )[33m;[39m
     [90m 95 |[39m
    [31m[1m>[22m[39m[90m 96 |[39m     [36mif[39m (encounter[33m.[39mstatus [33m===[39m [33mEncounterStatus[39m[33m.[39m[33mDI",14404a04a01b5f6ffaaa8907b5ad056fb6cc86001e012f208f0779e046e9416f,,C:\Users\cdbaz\OneDrive\Documentos\Projetos\usp\tcc\health-microservice-corpus\experiments\logs\errors\run-20260901T031236.570959Z\14404a04a01b5f6ffaaa8907b5ad056fb6cc86001e012f208f0779e046e9416f.txt
run-20260901T031236.570959Z,2026-09-01T04:59:52.653948+00:00,qwen_coder_7b,zero_shot,order,validateOrderResult,FN_validateOrderResult_END,src/order/order.service.ts,80,158,556cd6ea,jest,1,jest,runtime_error,"should throw BadRequestException if incoming status is CORRECTED and order does not have exactly one final result: Error: expect(received).rejects.toThrow(expected)

Expected constructor: BadRequestException
Received constructor: TypeError

Received message: ""Cannot read properties of undefined (reading 'status')""

    [0m [90m 94 |[39m     )[33m;[39m
     [90m 95 |[39m
    [31m[1m>[22m[39m[90m 96 |[39m     [36mif[39m (encounter[33m.[39mstatus [33m===[39m [33mEncounterStatus",14404a04a01b5f6ffaaa8907b5ad056fb6cc86001e012f208f0779e046e9416f,,C:\Users\cdbaz\OneDrive\Documentos\Projetos\usp\tcc\health-microservice-corpus\experiments\logs\errors\run-20260901T031236.570959Z\14404a04a01b5f6ffaaa8907b5ad056fb6cc86001e012f208f0779e046e9416f.txt
run-20260901T031236.570959Z,2026-09-01T04:59:52.653948+00:00,qwen_coder_7b,zero_shot,order,validateOrderResult,FN_validateOrderResult_END,src/order/order.service.ts,80,158,556cd6ea,jest,1,jest,runtime_error,"should throw BadRequestException if order is already completed: Error: expect(received).rejects.toThrow(expected)

Expected constructor: BadRequestException
Received constructor: TypeError

Received message: ""Cannot read properties of undefined (reading 'status')""

    [0m [90m 94 |[39m     )[33m;[39m
     [90m 95 |[39m
    [31m[1m>[22m[39m[90m 96 |[39m     [36mif[39m (encounter[33m.[39mstatus [33m===[39m [33mEncounterStatus[39m[33m.[39m[33mDISCHARGED[39m) {
     [90m  ",14404a04a01b5f6ffaaa8907b5ad056fb6cc86001e012f208f0779e046e9416f,,C:\Users\cdbaz\OneDrive\Documentos\Projetos\usp\tcc\health-microservice-corpus\experiments\logs\errors\run-20260901T031236.570959Z\14404a04a01b5f6ffaaa8907b5ad056fb6cc86001e012f208f0779e046e9416f.txt
run-20260901T031236.570959Z,2026-09-01T04:59:52.653948+00:00,qwen_coder_7b,zero_shot,order,validateOrderResult,FN_validateOrderResult_END,src/order/order.service.ts,80,158,556cd6ea,jest,1,jest,runtime_error,"should throw BadRequestException if order already has a final or corrected result: Error: expect(received).rejects.toThrow(expected)

Expected constructor: BadRequestException
Received constructor: TypeError

Received message: ""Cannot read properties of undefined (reading 'status')""

    [0m [90m 94 |[39m     )[33m;[39m
     [90m 95 |[39m
    [31m[1m>[22m[39m[90m 96 |[39m     [36mif[39m (encounter[33m.[39mstatus [33m===[39m [33mEncounterStatus[39m[33m.[39m[33mDISCHARGED[",14404a04a01b5f6ffaaa8907b5ad056fb6cc86001e012f208f0779e046e9416f,,C:\Users\cdbaz\OneDrive\Documentos\Projetos\usp\tcc\health-microservice-corpus\experiments\logs\errors\run-20260901T031236.570959Z\14404a04a01b5f6ffaaa8907b5ad056fb6cc86001e012f208f0779e046e9416f.txt
run-20260901T031236.570959Z,2026-09-01T04:59:52.653948+00:00,qwen_coder_7b,zero_shot,order,validateOrderResult,FN_validateOrderResult_END,src/order/order.service.ts,80,158,556cd6ea,jest,1,jest,runtime_error,"should throw BadRequestException if incoming status is FINAL and order is PENDING: Error: expect(received).rejects.toThrow(expected)

Expected constructor: BadRequestException
Received constructor: TypeError

Received message: ""Cannot read properties of undefined (reading 'status')""

    [0m [90m 94 |[39m     )[33m;[39m
     [90m 95 |[39m
    [31m[1m>[22m[39m[90m 96 |[39m     [36mif[39m (encounter[33m.[39mstatus [33m===[39m [33mEncounterStatus[39m[33m.[39m[33mDISCHARGED[",14404a04a01b5f6ffaaa8907b5ad056fb6cc86001e012f208f0779e046e9416f,,C:\Users\cdbaz\OneDrive\Documentos\Projetos\usp\tcc\health-microservice-corpus\experiments\logs\errors\run-20260901T031236.570959Z\14404a04a01b5f6ffaaa8907b5ad056fb6cc86001e012f208f0779e046e9416f.txt
run-20260901T031236.570959Z,2026-09-01T04:59:52.653948+00:00,qwen_coder_7b,zero_shot,order,validateOrderResult,FN_validateOrderResult_END,src/order/order.service.ts,80,158,556cd6ea,jest,1,jest,runtime_error,should update order status to IN_PROGRESS if incoming status is FINAL and order is PENDING: TypeError: Cannot read properties of undefined (reading 'status'),14404a04a01b5f6ffaaa8907b5ad056fb6cc86001e012f208f0779e046e9416f,,C:\Users\cdbaz\OneDrive\Documentos\Projetos\usp\tcc\health-microservice-corpus\experiments\logs\errors\run-20260901T031236.570959Z\14404a04a01b5f6ffaaa8907b5ad056fb6cc86001e012f208f0779e046e9416f.txt
run-20260901T031236.570959Z,2026-09-01T04:59:52.653948+00:00,qwen_coder_7b,zero_shot,order,validateOrderResult,FN_validateOrderResult_END,src/order/order.service.ts,80,158,556cd6ea,jest,1,jest,runtime_error,should update order status to COMPLETED if incoming status is FINAL and order is IN_PROGRESS: TypeError: Cannot read properties of undefined (reading 'status'),14404a04a01b5f6ffaaa8907b5ad056fb6cc86001e012f208f0779e046e9416f,,C:\Users\cdbaz\OneDrive\Documentos\Projetos\usp\tcc\health-microservice-corpus\experiments\logs\errors\run-20260901T031236.570959Z\14404a04a01b5f6ffaaa8907b5ad056fb6cc86001e012f208f0779e046e9416f.txt
run-20260901T031236.570959Z,2026-09-01T04:59:52.653948+00:00,qwen_coder_7b,zero_shot,order,validateOrderResult,FN_validateOrderResult_END,src/order/order.service.ts,80,158,556cd6ea,jest,1,jest,runtime_error,should return order if incoming status is not FINAL and order status is PENDING: TypeError: Cannot read properties of undefined (reading 'status'),14404a04a01b5f6ffaaa8907b5ad056fb6cc86001e012f208f0779e046e9416f,,C:\Users\cdbaz\OneDrive\Documentos\Projetos\usp\tcc\health-microservice-corpus\experiments\logs\errors\run-20260901T031236.570959Z\14404a04a01b5f6ffaaa8907b5ad056fb6cc86001e012f208f0779e046e9416f.txt
run-20260901T031236.570959Z,2026-09-01T05:04:44.003471+00:00,qwen_coder_7b,zero_shot,patient,listPatients,FN_listPatients_END,src/patient/patient.service.ts,23,25,0ddb42a2,jest,1,jest,unknown,"should throw NotFoundException if no patients are found: Error: expect(received).rejects.toThrow()

Received promise resolved instead of rejected
Resolved to value: []",57528c7c06807ad054e18bb6e88db238e60874d68baa3af74fa1f539ad46a648,,C:\Users\cdbaz\OneDrive\Documentos\Projetos\usp\tcc\health-microservice-corpus\experiments\logs\errors\run-20260901T031236.570959Z\57528c7c06807ad054e18bb6e88db238e60874d68baa3af74fa1f539ad46a648.txt
run-20260901T031236.570959Z,2026-09-01T05:09:08.784342+00:00,qwen_coder_7b,zero_shot,patient,updatePatient,FN_updatePatient_END,src/patient/patient.service.ts,53,75,0ddb42a2,jest,1,jest,runtime_error,should update patient with new email if email is different and not already registered: TypeError: Cannot read properties of undefined (reading 'mockResolvedValue'),a2a9986fc185c906d10d04eae588c3ea6642e8d3cf52e768e2f215cfd5c98e9c,,C:\Users\cdbaz\OneDrive\Documentos\Projetos\usp\tcc\health-microservice-corpus\experiments\logs\errors\run-20260901T031236.570959Z\a2a9986fc185c906d10d04eae588c3ea6642e8d3cf52e768e2f215cfd5c98e9c.txt
run-20260901T031236.570959Z,2026-09-01T05:09:08.784342+00:00,qwen_coder_7b,zero_shot,patient,updatePatient,FN_updatePatient_END,src/patient/patient.service.ts,53,75,0ddb42a2,jest,1,jest,runtime_error,should throw ConflictException if new email is already registered: TypeError: Cannot read properties of undefined (reading 'mockResolvedValue'),a2a9986fc185c906d10d04eae588c3ea6642e8d3cf52e768e2f215cfd5c98e9c,,C:\Users\cdbaz\OneDrive\Documentos\Projetos\usp\tcc\health-microservice-corpus\experiments\logs\errors\run-20260901T031236.570959Z\a2a9986fc185c906d10d04eae588c3ea6642e8d3cf52e768e2f215cfd5c98e9c.txt
run-20260901T031236.570959Z,2026-09-01T05:09:08.784342+00:00,qwen_coder_7b,zero_shot,patient,updatePatient,FN_updatePatient_END,src/patient/patient.service.ts,53,75,0ddb42a2,jest,1,jest,runtime_error,should update patient with new name if provided: TypeError: Cannot read properties of undefined (reading 'mockResolvedValue'),a2a9986fc185c906d10d04eae588c3ea6642e8d3cf52e768e2f215cfd5c98e9c,,C:\Users\cdbaz\OneDrive\Documentos\Projetos\usp\tcc\health-microservice-corpus\experiments\logs\errors\run-20260901T031236.570959Z\a2a9986fc185c906d10d04eae588c3ea6642e8d3cf52e768e2f215cfd5c98e9c.txt
run-20260901T031236.570959Z,2026-09-01T05:09:08.784342+00:00,qwen_coder_7b,zero_shot,patient,updatePatient,FN_updatePatient_END,src/patient/patient.service.ts,53,75,0ddb42a2,jest,1,jest,runtime_error,should update patient with new phone if provided: TypeError: Cannot read properties of undefined (reading 'mockResolvedValue'),a2a9986fc185c906d10d04eae588c3ea6642e8d3cf52e768e2f215cfd5c98e9c,,C:\Users\cdbaz\OneDrive\Documentos\Projetos\usp\tcc\health-microservice-corpus\experiments\logs\errors\run-20260901T031236.570959Z\a2a9986fc185c906d10d04eae588c3ea6642e8d3cf52e768e2f215cfd5c98e9c.txt
run-20260901T031236.570959Z,2026-09-01T05:09:08.784342+00:00,qwen_coder_7b,zero_shot,patient,updatePatient,FN_updatePatient_END,src/patient/patient.service.ts,53,75,0ddb42a2,jest,1,jest,runtime_error,should update patient with new active status if provided: TypeError: Cannot read properties of undefined (reading 'mockResolvedValue'),a2a9986fc185c906d10d04eae588c3ea6642e8d3cf52e768e2f215cfd5c98e9c,,C:\Users\cdbaz\OneDrive\Documentos\Projetos\usp\tcc\health-microservice-corpus\experiments\logs\errors\run-20260901T031236.570959Z\a2a9986fc185c906d10d04eae588c3ea6642e8d3cf52e768e2f215cfd5c98e9c.txt
run-20260901T031236.570959Z,2026-09-01T05:09:08.784342+00:00,qwen_coder_7b,zero_shot,patient,updatePatient,FN_updatePatient_END,src/patient/patient.service.ts,53,75,0ddb42a2,jest,1,jest,runtime_error,should update patient with new birthDate if provided: TypeError: Cannot read properties of undefined (reading 'mockResolvedValue'),a2a9986fc185c906d10d04eae588c3ea6642e8d3cf52e768e2f215cfd5c98e9c,,C:\Users\cdbaz\OneDrive\Documentos\Projetos\usp\tcc\health-microservice-corpus\experiments\logs\errors\run-20260901T031236.570959Z\a2a9986fc185c906d10d04eae588c3ea6642e8d3cf52e768e2f215cfd5c98e9c.txt
run-20260901T031236.570959Z,2026-09-01T05:09:08.784342+00:00,qwen_coder_7b,zero_shot,patient,updatePatient,FN_updatePatient_END,src/patient/patient.service.ts,53,75,0ddb42a2,jest,1,jest,runtime_error,should update patient with new sex if provided: TypeError: Cannot read properties of undefined (reading 'mockResolvedValue'),a2a9986fc185c906d10d04eae588c3ea6642e8d3cf52e768e2f215cfd5c98e9c,,C:\Users\cdbaz\OneDrive\Documentos\Projetos\usp\tcc\health-microservice-corpus\experiments\logs\errors\run-20260901T031236.570959Z\a2a9986fc185c906d10d04eae588c3ea6642e8d3cf52e768e2f215cfd5c98e9c.txt
run-20260901T031236.570959Z,2026-09-01T05:13:37.845840+00:00,qwen_coder_7b,zero_shot,result,createResult,FN_createResult_END,src/result/result.service.ts,26,39,357b6b51,jest,1,jest,assertion_failure,"should create and save a result: Error: expect(jest.fn()).toHaveBeenCalledWith(...expected)

- Expected
+ Received

  Object {
-   ""notes"": null,
+   ""notes"": ""Initial result"",
    ""orderId"": ""order123"",
    ""referenceMax"": null,
    ""referenceMin"": null,
    ""resultDate"": 2023-04-01T12:00:00.000Z,
-   ""sourceSystem"": null,
+   ""sourceSystem"": ""systemA"",
    ""status"": ""PRELIMINARY"",
    ""unit"": ""mg/L"",
    ""value"": 100,
  },

Number of calls: 1",98924919449bdc1a9341c6297e9e4641f255fee4dd478a846bae5d1170804e5d,,C:\Users\cdbaz\OneDrive\Documentos\Projetos\usp\tcc\health-microservice-corpus\experiments\logs\errors\run-20260901T031236.570959Z\98924919449bdc1a9341c6297e9e4641f255fee4dd478a846bae5d1170804e5d.txt
run-20260901T031236.570959Z,2026-09-01T05:15:52.743563+00:00,qwen_coder_7b,zero_shot,result,buildResultReport,FN_buildResultReport_END,src/result/result.service.ts,53,124,357b6b51,jest,1,jest,unknown,"should return ResultReport with correct data: Error: expect(received).toEqual(expected) // deep equality

- Expected  - 10
+ Received  + 10

@@ -1,28 +1,28 @@
  Object {
    ""examType"": ""GLUCOSE"",
    ""items"": Array [
      Object {
        ""examType"": ""GLUCOSE"",
-       ""flag"": ""UNKNOWN"",
-       ""referenceMax"": null,
-       ""referenceMin"": null,
-       ""resultDate"": Any<Date>,
+       ""flag"": ""NORMAL"",
+       ""referenceMax"": 99,
+       ""referenceMin"": 70,
+       ""resultDate"": undefined,
 ",eac8a0732d96ef25c795bb9826d9ef117424bba75222f6eb6b87a313a13031a4,,C:\Users\cdbaz\OneDrive\Documentos\Projetos\usp\tcc\health-microservice-corpus\experiments\logs\errors\run-20260901T031236.570959Z\eac8a0732d96ef25c795bb9826d9ef117424bba75222f6eb6b87a313a13031a4.txt
run-20260901T031236.570959Z,2026-09-01T05:19:01.287414+00:00,qwen_coder_7b,zero_shot,result,updateResult,FN_updateResult_END,src/result/result.service.ts,126,206,357b6b51,jest,1,jest,unknown,"should throw BadRequestException if invalid status transition is provided: Error: expect(received).rejects.toThrow()

Received promise resolved instead of rejected
Resolved to value: undefined",c076371f9005eda70f8228f1b2bee9164824e37c13eec0bb8ff8b5ec3c1f5686,,C:\Users\cdbaz\OneDrive\Documentos\Projetos\usp\tcc\health-microservice-corpus\experiments\logs\errors\run-20260901T031236.570959Z\c076371f9005eda70f8228f1b2bee9164824e37c13eec0bb8ff8b5ec3c1f5686.txt
run-20260901T031236.570959Z,2026-09-01T05:19:26.422835+00:00,qwen_coder_7b,zero_shot,result,updateResult,FN_updateResult_END,src/result/result.service.ts,126,206,357b6b51,jest,2,jest,unknown,"should throw BadRequestException if invalid status transition is provided: Error: expect(received).rejects.toThrow()

Received promise resolved instead of rejected
Resolved to value: undefined",c84837b84d381bd25667d0f387ec5b16f0c76d160ad43905bc1aca9f9769526e,,C:\Users\cdbaz\OneDrive\Documentos\Projetos\usp\tcc\health-microservice-corpus\experiments\logs\errors\run-20260901T031236.570959Z\c84837b84d381bd25667d0f387ec5b16f0c76d160ad43905bc1aca9f9769526e.txt
run-20260901T031236.570959Z,2026-09-01T05:21:05.712698+00:00,qwen_coder_7b,few_shot,encounter,createEncounter,FN_createEncounter_END,src/encounter/encounter.service.ts,30,63,04a941d1,jest,1,jest,assertion_failure,"should throw ConflictException when patient already has an active encounter: Error: expect(received).rejects.toThrow(expected)

Expected constructor: ConflictException
Received constructor: BadRequestException

Received message: ""Ward is required for ADT A01 (admission)""

    [0m [90m 65 |[39m   validateEncounterFields(dto[33m:[39m [33mCreateEncounterDto[39m)[33m:[39m [36mvoid[39m {
     [90m 66 |[39m     [36mif[39m (dto[33m.[39madtType [33m===[39m [33mAdtType[39m[33m.[39m",3460913db036528f329f6d44f061a73e541e86f70ae588abc98a290a3c0a068d,,C:\Users\cdbaz\OneDrive\Documentos\Projetos\usp\tcc\health-microservice-corpus\experiments\logs\errors\run-20260901T031236.570959Z\3460913db036528f329f6d44f061a73e541e86f70ae588abc98a290a3c0a068d.txt
run-20260901T031236.570959Z,2026-09-01T05:21:05.712698+00:00,qwen_coder_7b,few_shot,encounter,createEncounter,FN_createEncounter_END,src/encounter/encounter.service.ts,30,63,04a941d1,jest,1,jest,unknown,should create and save encounter when all checks pass: BadRequestException: Ward is required for ADT A01 (admission),3460913db036528f329f6d44f061a73e541e86f70ae588abc98a290a3c0a068d,,C:\Users\cdbaz\OneDrive\Documentos\Projetos\usp\tcc\health-microservice-corpus\experiments\logs\errors\run-20260901T031236.570959Z\3460913db036528f329f6d44f061a73e541e86f70ae588abc98a290a3c0a068d.txt
run-20260901T031236.570959Z,2026-09-01T05:23:21.486983+00:00,qwen_coder_7b,few_shot,encounter,listEncountersByPatient,FN_listEncountersByPatient_END,src/encounter/encounter.service.ts,93,99,04a941d1,jest,1,jest,unknown,"should throw NotFoundException when patient does not exist: Error: expect(received).rejects.toThrow()

Received promise resolved instead of rejected
Resolved to value: undefined",ff26fbe3560b65c0189e8c4c42878f5bcc3eaa8c8d1628f85f70e9a53415cac8,,C:\Users\cdbaz\OneDrive\Documentos\Projetos\usp\tcc\health-microservice-corpus\experiments\logs\errors\run-20260901T031236.570959Z\ff26fbe3560b65c0189e8c4c42878f5bcc3eaa8c8d1628f85f70e9a53415cac8.txt
run-20260901T031236.570959Z,2026-09-01T05:27:11.907154+00:00,qwen_coder_7b,few_shot,encounter,transitionEncounterStatus,FN_transitionEncounterStatus_END,src/encounter/encounter.service.ts,109,197,04a941d1,jest,1,jest,unknown,should save and return the updated encounter when status is valid: BadRequestException: transferDate must be after admitDate,e19bce3837bb2b5abbfc8717bed3b073941d1c741c4da60f420965ac440ba31b,,C:\Users\cdbaz\OneDrive\Documentos\Projetos\usp\tcc\health-microservice-corpus\experiments\logs\errors\run-20260901T031236.570959Z\e19bce3837bb2b5abbfc8717bed3b073941d1c741c4da60f420965ac440ba31b.txt
run-20260901T031236.570959Z,2026-09-01T05:31:07.133057+00:00,qwen_coder_7b,few_shot,encounter,processAdtMessage,FN_processAdtMessage_END,src/encounter/encounter.service.ts,199,317,04a941d1,jest,1,jest,runtime_error,should create and return a new patient and encounter for A01: TypeError: Cannot read properties of undefined (reading 'active'),97e060e54d0b6bc9e8b93948dd1bbb52577d6ea4cdc664a0dab1e4a821e11cee,,C:\Users\cdbaz\OneDrive\Documentos\Projetos\usp\tcc\health-microservice-corpus\experiments\logs\errors\run-20260901T031236.570959Z\97e060e54d0b6bc9e8b93948dd1bbb52577d6ea4cdc664a0dab1e4a821e11cee.txt
run-20260901T031236.570959Z,2026-09-01T05:31:07.133057+00:00,qwen_coder_7b,few_shot,encounter,processAdtMessage,FN_processAdtMessage_END,src/encounter/encounter.service.ts,199,317,04a941d1,jest,1,jest,runtime_error,should update and return an existing patient and encounter for A02: TypeError: Cannot read properties of undefined (reading 'id'),97e060e54d0b6bc9e8b93948dd1bbb52577d6ea4cdc664a0dab1e4a821e11cee,,C:\Users\cdbaz\OneDrive\Documentos\Projetos\usp\tcc\health-microservice-corpus\experiments\logs\errors\run-20260901T031236.570959Z\97e060e54d0b6bc9e8b93948dd1bbb52577d6ea4cdc664a0dab1e4a821e11cee.txt
run-20260901T031236.570959Z,2026-09-01T05:31:07.133057+00:00,qwen_coder_7b,few_shot,encounter,processAdtMessage,FN_processAdtMessage_END,src/encounter/encounter.service.ts,199,317,04a941d1,jest,1,jest,runtime_error,should update and return an existing patient and encounter for A03: TypeError: Cannot read properties of undefined (reading 'id'),97e060e54d0b6bc9e8b93948dd1bbb52577d6ea4cdc664a0dab1e4a821e11cee,,C:\Users\cdbaz\OneDrive\Documentos\Projetos\usp\tcc\health-microservice-corpus\experiments\logs\errors\run-20260901T031236.570959Z\97e060e54d0b6bc9e8b93948dd1bbb52577d6ea4cdc664a0dab1e4a821e11cee.txt
run-20260901T031236.570959Z,2026-09-01T05:34:38.659425+00:00,qwen_coder_7b,few_shot,encounter,updateEncounter,FN_updateEncounter_END,src/encounter/encounter.service.ts,319,363,04a941d1,jest,1,jest,unknown,"should throw BadRequestException when admitDate is in the future: Error: expect(received).rejects.toThrow()

Received promise resolved instead of rejected
Resolved to value: undefined",86e8a44f36272d3e721a36a8a392bc31bd6c899157fe9f086290c85809ec7092,,C:\Users\cdbaz\OneDrive\Documentos\Projetos\usp\tcc\health-microservice-corpus\experiments\logs\errors\run-20260901T031236.570959Z\86e8a44f36272d3e721a36a8a392bc31bd6c899157fe9f086290c85809ec7092.txt
run-20260901T031236.570959Z,2026-09-01T05:34:38.659425+00:00,qwen_coder_7b,few_shot,encounter,updateEncounter,FN_updateEncounter_END,src/encounter/encounter.service.ts,319,363,04a941d1,jest,1,jest,unknown,"should throw BadRequestException when admitDate is before transferDate: Error: expect(received).rejects.toThrow()

Received promise resolved instead of rejected
Resolved to value: undefined",86e8a44f36272d3e721a36a8a392bc31bd6c899157fe9f086290c85809ec7092,,C:\Users\cdbaz\OneDrive\Documentos\Projetos\usp\tcc\health-microservice-corpus\experiments\logs\errors\run-20260901T031236.570959Z\86e8a44f36272d3e721a36a8a392bc31bd6c899157fe9f086290c85809ec7092.txt
run-20260901T031236.570959Z,2026-09-01T05:35:14.852053+00:00,qwen_coder_7b,few_shot,encounter,updateEncounter,FN_updateEncounter_END,src/encounter/encounter.service.ts,319,363,04a941d1,jest,2,jest,unknown,"should throw BadRequestException when admitDate is in the future: Error: expect(received).rejects.toThrow()

Received promise resolved instead of rejected
Resolved to value: undefined",23a52977c19e213b3d4417d4c0eb37686c677305d8b9f53ce397936058a7a22c,,C:\Users\cdbaz\OneDrive\Documentos\Projetos\usp\tcc\health-microservice-corpus\experiments\logs\errors\run-20260901T031236.570959Z\23a52977c19e213b3d4417d4c0eb37686c677305d8b9f53ce397936058a7a22c.txt
run-20260901T031236.570959Z,2026-09-01T05:36:26.679115+00:00,qwen_coder_7b,few_shot,encounter,buildEncounterSummary,FN_buildEncounterSummary_END,src/encounter/encounter.service.ts,365,439,04a941d1,jest,1,jest,unknown,"should throw BadRequestException when patient does not exist: Error: expect(received).rejects.toThrow()

Received promise resolved instead of rejected
Resolved to value: {""activeDays"": NaN, ""encounter"": {""id"": ""1"", ""patientId"": ""2""}, ""hasAbnormalResults"": false, ""orders"": {""cancelled"": 0, ""completed"": 0, ""inProgress"": 0, ""pending"": 0, ""total"": 0}, ""patient"": null, ""results"": {""abnormal"": 0, ""preliminary"": 0, ""total"": 0}, ""riskFlag"": ""LOW""}",37f5d8e7692f94aeeb653d23bd442097ecad29751a5069139786f75891b2c657,,C:\Users\cdbaz\OneDrive\Documentos\Projetos\usp\tcc\health-microservice-corpus\experiments\logs\errors\run-20260901T031236.570959Z\37f5d8e7692f94aeeb653d23bd442097ecad29751a5069139786f75891b2c657.txt
run-20260901T031236.570959Z,2026-09-01T05:36:26.679115+00:00,qwen_coder_7b,few_shot,encounter,buildEncounterSummary,FN_buildEncounterSummary_END,src/encounter/encounter.service.ts,365,439,04a941d1,jest,1,jest,assertion_failure,"should return encounter summary when encounter and patient exist: Error: expect(received).toBe(expected) // Object.is equality

Expected: 365
Received: 1339",37f5d8e7692f94aeeb653d23bd442097ecad29751a5069139786f75891b2c657,,C:\Users\cdbaz\OneDrive\Documentos\Projetos\usp\tcc\health-microservice-corpus\experiments\logs\errors\run-20260901T031236.570959Z\37f5d8e7692f94aeeb653d23bd442097ecad29751a5069139786f75891b2c657.txt
run-20260901T031236.570959Z,2026-09-01T05:37:21.662467+00:00,qwen_coder_7b,few_shot,encounter,buildEncounterSummary,FN_buildEncounterSummary_END,src/encounter/encounter.service.ts,365,439,04a941d1,jest,2,jest,assertion_failure,"should return encounter summary when encounter and patient exist: Error: expect(received).toBe(expected) // Object.is equality

Expected: ""LOW""
Received: ""MEDIUM""",93246f89ca09b392ca5eb557ab37c2e67c9d0ceba84ee9b6068ef461f22cb23b,,C:\Users\cdbaz\OneDrive\Documentos\Projetos\usp\tcc\health-microservice-corpus\experiments\logs\errors\run-20260901T031236.570959Z\93246f89ca09b392ca5eb557ab37c2e67c9d0ceba84ee9b6068ef461f22cb23b.txt
run-20260901T031236.570959Z,2026-09-01T05:40:02.515809+00:00,qwen_coder_7b,few_shot,order,createOrder,FN_createOrder_END,src/order/order.service.ts,34,70,556cd6ea,jest,1,jest,assertion_failure,"should create and save the order when all checks pass: Error: expect(jest.fn()).toHaveBeenCalledWith(...expected)

- Expected
+ Received

  Object {
-   ""created_at"": 2026-09-01T05:40:02.429Z,
    ""encounterId"": ""1"",
    ""examType"": ""HEMOGRAM"",
    ""notes"": null,
-   ""requestedAt"": 2026-09-01T05:40:02.429Z,
+   ""requestedAt"": 2026-09-01T05:40:02.427Z,
    ""requestedBy"": ""user1"",
    ""status"": ""PENDING"",
-   ""updated_at"": 2026-09-01T05:40:02.429Z,
  },

Number of calls: 1",1900f79e2396de9691861d65d1c3b59a81f07bf864afd734f6b6cc4b74b24656,,C:\Users\cdbaz\OneDrive\Documentos\Projetos\usp\tcc\health-microservice-corpus\experiments\logs\errors\run-20260901T031236.570959Z\1900f79e2396de9691861d65d1c3b59a81f07bf864afd734f6b6cc4b74b24656.txt
run-20260901T031236.570959Z,2026-09-01T05:44:00.633237+00:00,qwen_coder_7b,few_shot,order,validateOrderResult,FN_validateOrderResult_END,src/order/order.service.ts,80,158,556cd6ea,jest,1,jest,runtime_error,"should throw BadRequestException when incoming status is CORRECTED and order is not completed: Error: expect(received).rejects.toThrow(expected)

Expected constructor: BadRequestException
Received constructor: TypeError

Received message: ""Cannot read properties of undefined (reading 'status')""

    [0m [90m 94 |[39m     )[33m;[39m
     [90m 95 |[39m
    [31m[1m>[22m[39m[90m 96 |[39m     [36mif[39m (encounter[33m.[39mstatus [33m===[39m [33mEncounterStatus[39m[33m.[39m[33m",1525108a51973fc28669c92fc81cbf66e59463b3dfbf9c0fe77bb78268301505,,C:\Users\cdbaz\OneDrive\Documentos\Projetos\usp\tcc\health-microservice-corpus\experiments\logs\errors\run-20260901T031236.570959Z\1525108a51973fc28669c92fc81cbf66e59463b3dfbf9c0fe77bb78268301505.txt
run-20260901T031236.570959Z,2026-09-01T05:44:00.633237+00:00,qwen_coder_7b,few_shot,order,validateOrderResult,FN_validateOrderResult_END,src/order/order.service.ts,80,158,556cd6ea,jest,1,jest,runtime_error,"should throw BadRequestException when incoming status is CORRECTED and order does not have exactly one final result: Error: expect(received).rejects.toThrow(expected)

Expected constructor: BadRequestException
Received constructor: TypeError

Received message: ""Cannot read properties of undefined (reading 'status')""

    [0m [90m 94 |[39m     )[33m;[39m
     [90m 95 |[39m
    [31m[1m>[22m[39m[90m 96 |[39m     [36mif[39m (encounter[33m.[39mstatus [33m===[39m [33mEncounterStatu",1525108a51973fc28669c92fc81cbf66e59463b3dfbf9c0fe77bb78268301505,,C:\Users\cdbaz\OneDrive\Documentos\Projetos\usp\tcc\health-microservice-corpus\experiments\logs\errors\run-20260901T031236.570959Z\1525108a51973fc28669c92fc81cbf66e59463b3dfbf9c0fe77bb78268301505.txt
run-20260901T031236.570959Z,2026-09-01T05:44:00.633237+00:00,qwen_coder_7b,few_shot,order,validateOrderResult,FN_validateOrderResult_END,src/order/order.service.ts,80,158,556cd6ea,jest,1,jest,runtime_error,"should throw BadRequestException when order is already completed: Error: expect(received).rejects.toThrow(expected)

Expected constructor: BadRequestException
Received constructor: TypeError

Received message: ""Cannot read properties of undefined (reading 'status')""

    [0m [90m 94 |[39m     )[33m;[39m
     [90m 95 |[39m
    [31m[1m>[22m[39m[90m 96 |[39m     [36mif[39m (encounter[33m.[39mstatus [33m===[39m [33mEncounterStatus[39m[33m.[39m[33mDISCHARGED[39m) {
     [90m",1525108a51973fc28669c92fc81cbf66e59463b3dfbf9c0fe77bb78268301505,,C:\Users\cdbaz\OneDrive\Documentos\Projetos\usp\tcc\health-microservice-corpus\experiments\logs\errors\run-20260901T031236.570959Z\1525108a51973fc28669c92fc81cbf66e59463b3dfbf9c0fe77bb78268301505.txt
run-20260901T031236.570959Z,2026-09-01T05:44:00.633237+00:00,qwen_coder_7b,few_shot,order,validateOrderResult,FN_validateOrderResult_END,src/order/order.service.ts,80,158,556cd6ea,jest,1,jest,runtime_error,"should throw BadRequestException when order already has a final or corrected result: Error: expect(received).rejects.toThrow(expected)

Expected constructor: BadRequestException
Received constructor: TypeError

Received message: ""Cannot read properties of undefined (reading 'status')""

    [0m [90m 94 |[39m     )[33m;[39m
     [90m 95 |[39m
    [31m[1m>[22m[39m[90m 96 |[39m     [36mif[39m (encounter[33m.[39mstatus [33m===[39m [33mEncounterStatus[39m[33m.[39m[33mDISCHARGED",1525108a51973fc28669c92fc81cbf66e59463b3dfbf9c0fe77bb78268301505,,C:\Users\cdbaz\OneDrive\Documentos\Projetos\usp\tcc\health-microservice-corpus\experiments\logs\errors\run-20260901T031236.570959Z\1525108a51973fc28669c92fc81cbf66e59463b3dfbf9c0fe77bb78268301505.txt
run-20260901T031236.570959Z,2026-09-01T05:44:00.633237+00:00,qwen_coder_7b,few_shot,order,validateOrderResult,FN_validateOrderResult_END,src/order/order.service.ts,80,158,556cd6ea,jest,1,jest,runtime_error,"should throw BadRequestException when order is PENDING and incoming status is FINAL: Error: expect(received).rejects.toThrow(expected)

Expected constructor: BadRequestException
Received constructor: TypeError

Received message: ""Cannot read properties of undefined (reading 'status')""

    [0m [90m 94 |[39m     )[33m;[39m
     [90m 95 |[39m
    [31m[1m>[22m[39m[90m 96 |[39m     [36mif[39m (encounter[33m.[39mstatus [33m===[39m [33mEncounterStatus[39m[33m.[39m[33mDISCHARGED",1525108a51973fc28669c92fc81cbf66e59463b3dfbf9c0fe77bb78268301505,,C:\Users\cdbaz\OneDrive\Documentos\Projetos\usp\tcc\health-microservice-corpus\experiments\logs\errors\run-20260901T031236.570959Z\1525108a51973fc28669c92fc81cbf66e59463b3dfbf9c0fe77bb78268301505.txt
run-20260901T031236.570959Z,2026-09-01T05:44:00.633237+00:00,qwen_coder_7b,few_shot,order,validateOrderResult,FN_validateOrderResult_END,src/order/order.service.ts,80,158,556cd6ea,jest,1,jest,runtime_error,should update order status to IN_PROGRESS when incoming status is FINAL and order is PENDING: TypeError: Cannot read properties of undefined (reading 'status'),1525108a51973fc28669c92fc81cbf66e59463b3dfbf9c0fe77bb78268301505,,C:\Users\cdbaz\OneDrive\Documentos\Projetos\usp\tcc\health-microservice-corpus\experiments\logs\errors\run-20260901T031236.570959Z\1525108a51973fc28669c92fc81cbf66e59463b3dfbf9c0fe77bb78268301505.txt
run-20260901T031236.570959Z,2026-09-01T05:44:00.633237+00:00,qwen_coder_7b,few_shot,order,validateOrderResult,FN_validateOrderResult_END,src/order/order.service.ts,80,158,556cd6ea,jest,1,jest,runtime_error,should update order status to COMPLETED when incoming status is FINAL and order is IN_PROGRESS: TypeError: Cannot read properties of undefined (reading 'status'),1525108a51973fc28669c92fc81cbf66e59463b3dfbf9c0fe77bb78268301505,,C:\Users\cdbaz\OneDrive\Documentos\Projetos\usp\tcc\health-microservice-corpus\experiments\logs\errors\run-20260901T031236.570959Z\1525108a51973fc28669c92fc81cbf66e59463b3dfbf9c0fe77bb78268301505.txt
run-20260901T031236.570959Z,2026-09-01T05:44:00.633237+00:00,qwen_coder_7b,few_shot,order,validateOrderResult,FN_validateOrderResult_END,src/order/order.service.ts,80,158,556cd6ea,jest,1,jest,runtime_error,should return the order when incoming status is PRELIMINARY and order is PENDING: TypeError: Cannot read properties of undefined (reading 'status'),1525108a51973fc28669c92fc81cbf66e59463b3dfbf9c0fe77bb78268301505,,C:\Users\cdbaz\OneDrive\Documentos\Projetos\usp\tcc\health-microservice-corpus\experiments\logs\errors\run-20260901T031236.570959Z\1525108a51973fc28669c92fc81cbf66e59463b3dfbf9c0fe77bb78268301505.txt
run-20260901T031236.570959Z,2026-09-01T05:46:25.053113+00:00,qwen_coder_7b,few_shot,order,validateOrderResult,FN_validateOrderResult_END,src/order/order.service.ts,80,158,556cd6ea,jest,2,jest,runtime_error,"should throw BadRequestException when incoming status is CORRECTED and order does not have exactly one final result: Error: expect(received).rejects.toThrow(expected)

Expected constructor: BadRequestException
Received constructor: TypeError

Received message: ""Cannot read properties of undefined (reading 'status')""

    [0m [90m 94 |[39m     )[33m;[39m
     [90m 95 |[39m
    [31m[1m>[22m[39m[90m 96 |[39m     [36mif[39m (encounter[33m.[39mstatus [33m===[39m [33mEncounterStatu",3a491cbfb8f8044b352908dc794ced329a395ccf5edb714c5f28e37d126dd54d,,C:\Users\cdbaz\OneDrive\Documentos\Projetos\usp\tcc\health-microservice-corpus\experiments\logs\errors\run-20260901T031236.570959Z\3a491cbfb8f8044b352908dc794ced329a395ccf5edb714c5f28e37d126dd54d.txt
run-20260901T031236.570959Z,2026-09-01T05:46:25.053113+00:00,qwen_coder_7b,few_shot,order,validateOrderResult,FN_validateOrderResult_END,src/order/order.service.ts,80,158,556cd6ea,jest,2,jest,runtime_error,should update order status to COMPLETED when incoming status is FINAL and order is IN_PROGRESS: TypeError: Cannot read properties of undefined (reading 'status'),3a491cbfb8f8044b352908dc794ced329a395ccf5edb714c5f28e37d126dd54d,,C:\Users\cdbaz\OneDrive\Documentos\Projetos\usp\tcc\health-microservice-corpus\experiments\logs\errors\run-20260901T031236.570959Z\3a491cbfb8f8044b352908dc794ced329a395ccf5edb714c5f28e37d126dd54d.txt
run-20260901T031236.570959Z,2026-09-01T05:46:25.053113+00:00,qwen_coder_7b,few_shot,order,validateOrderResult,FN_validateOrderResult_END,src/order/order.service.ts,80,158,556cd6ea,jest,2,jest,runtime_error,should return the order when incoming status is PRELIMINARY and order is PENDING: TypeError: Cannot read properties of undefined (reading 'status'),3a491cbfb8f8044b352908dc794ced329a395ccf5edb714c5f28e37d126dd54d,,C:\Users\cdbaz\OneDrive\Documentos\Projetos\usp\tcc\health-microservice-corpus\experiments\logs\errors\run-20260901T031236.570959Z\3a491cbfb8f8044b352908dc794ced329a395ccf5edb714c5f28e37d126dd54d.txt
run-20260901T031236.570959Z,2026-09-01T05:47:20.869367+00:00,qwen_coder_7b,few_shot,order,validateOrderResult,FN_validateOrderResult_END,src/order/order.service.ts,80,158,556cd6ea,jest,3,jest,runtime_error,"should throw BadRequestException when incoming status is CORRECTED and order does not have exactly one final result: Error: expect(received).rejects.toThrow(expected)

Expected constructor: BadRequestException
Received constructor: TypeError

Received message: ""Cannot read properties of undefined (reading 'status')""

    [0m [90m 94 |[39m     )[33m;[39m
     [90m 95 |[39m
    [31m[1m>[22m[39m[90m 96 |[39m     [36mif[39m (encounter[33m.[39mstatus [33m===[39m [33mEncounterStatu",9861ca053b69d867a6c17101548619e656b1785c8cb3bf0fbbc849f04b952be4,,C:\Users\cdbaz\OneDrive\Documentos\Projetos\usp\tcc\health-microservice-corpus\experiments\logs\errors\run-20260901T031236.570959Z\9861ca053b69d867a6c17101548619e656b1785c8cb3bf0fbbc849f04b952be4.txt
run-20260901T031236.570959Z,2026-09-01T05:47:20.869367+00:00,qwen_coder_7b,few_shot,order,validateOrderResult,FN_validateOrderResult_END,src/order/order.service.ts,80,158,556cd6ea,jest,3,jest,runtime_error,should return the order when incoming status is PRELIMINARY and order is PENDING: TypeError: Cannot read properties of undefined (reading 'status'),9861ca053b69d867a6c17101548619e656b1785c8cb3bf0fbbc849f04b952be4,,C:\Users\cdbaz\OneDrive\Documentos\Projetos\usp\tcc\health-microservice-corpus\experiments\logs\errors\run-20260901T031236.570959Z\9861ca053b69d867a6c17101548619e656b1785c8cb3bf0fbbc849f04b952be4.txt
run-20260901T031236.570959Z,2026-09-01T05:47:28.509373+00:00,qwen_coder_7b,few_shot,order,validateOrderResult,FN_validateOrderResult_END,src/order/order.service.ts,80,158,556cd6ea,repair,3,repair,repair_failed,2 repair attempt(s) did not produce a valid fix,2b4174000bb2ce09b371befe017029260089b679a199f81a21ab39398057e434,,
run-20260901T031236.570959Z,2026-09-01T05:50:50.341613+00:00,qwen_coder_7b,few_shot,patient,createPatient,FN_createPatient_END,src/patient/patient.service.ts,27,51,0ddb42a2,jest,1,jest,assertion_failure,"should create and save the patient when CPF and email are unique: Error: expect(jest.fn()).toHaveBeenCalledWith(...expected)

- Expected
+ Received

  Object {
    ""birthDate"": 1990-01-01T00:00:00.000Z,
    ""cpf"": ""12345678900"",
-   ""email"": ""johndoe@example.com"",
+   ""email"": ""john.doe@example.com"",
    ""name"": ""John Doe"",
    ""sex"": ""M"",
  },

Number of calls: 1",3f072c5dd7b1db3b3d7a5e3cbc35dd147d2924eda387c20be15632ff89edf945,,C:\Users\cdbaz\OneDrive\Documentos\Projetos\usp\tcc\health-microservice-corpus\experiments\logs\errors\run-20260901T031236.570959Z\3f072c5dd7b1db3b3d7a5e3cbc35dd147d2924eda387c20be15632ff89edf945.txt
run-20260901T031236.570959Z,2026-09-01T05:52:10.251381+00:00,qwen_coder_7b,few_shot,patient,updatePatient,FN_updatePatient_END,src/patient/patient.service.ts,53,75,0ddb42a2,jest,1,jest,unknown,"should throw ConflictException when email already exists: Error: expect(received).rejects.toThrow()

Received promise resolved instead of rejected
Resolved to value: undefined",18f6e1d6247c363ebfc0e746a41095b2e7564c4314cb5d7405647e6048b1f1b7,,C:\Users\cdbaz\OneDrive\Documentos\Projetos\usp\tcc\health-microservice-corpus\experiments\logs\errors\run-20260901T031236.570959Z\18f6e1d6247c363ebfc0e746a41095b2e7564c4314cb5d7405647e6048b1f1b7.txt
run-20260901T031236.570959Z,2026-09-01T05:53:40.051817+00:00,qwen_coder_7b,few_shot,result,createResult,FN_createResult_END,src/result/result.service.ts,26,39,357b6b51,jest,1,jest,assertion_failure,"should create and save the result when order result validation passes: Error: expect(jest.fn()).toHaveBeenCalledWith(...expected)

- Expected
+ Received

@@ -1,7 +1,6 @@
  Object {
-   ""id"": ""1"",
    ""notes"": null,
    ""orderId"": ""1"",
    ""referenceMax"": null,
    ""referenceMin"": null,
    ""resultDate"": 2023-04-01T12:00:00.000Z,,

Number of calls: 1",b9cd0161212377835e43150861691d74a313aae97434b2867b66009f2b7d8f97,,C:\Users\cdbaz\OneDrive\Documentos\Projetos\usp\tcc\health-microservice-corpus\experiments\logs\errors\run-20260901T031236.570959Z\b9cd0161212377835e43150861691d74a313aae97434b2867b66009f2b7d8f97.txt
run-20260901T031236.570959Z,2026-09-01T05:55:59.225940+00:00,qwen_coder_7b,few_shot,result,buildResultReport,FN_buildResultReport_END,src/result/result.service.ts,53,124,357b6b51,jest,1,jest,unknown,"should return ResultReport with summary and items: Error: expect(received).toEqual(expected) // deep equality

- Expected  - 7
+ Received  + 7

@@ -1,36 +1,36 @@
  Object {
    ""examType"": ""GLUCOSE"",
    ""items"": Array [
      Object {
        ""examType"": ""GLUCOSE"",
-       ""flag"": ""UNKNOWN"",
-       ""referenceMax"": null,
-       ""referenceMin"": null,
+       ""flag"": ""NORMAL"",
+       ""referenceMax"": 99,
+       ""referenceMin"": 70,
        ""resultDate"": Any<Date>,
        ""resultId"": ""1"",
      ",abb6736d8f755b4fab3a71566bd75353ecd9158bf6eabf098edf54e4e3f875a7,,C:\Users\cdbaz\OneDrive\Documentos\Projetos\usp\tcc\health-microservice-corpus\experiments\logs\errors\run-20260901T031236.570959Z\abb6736d8f755b4fab3a71566bd75353ecd9158bf6eabf098edf54e4e3f875a7.txt
run-20260901T031236.570959Z,2026-09-01T05:56:48.079620+00:00,qwen_coder_7b,few_shot,result,buildResultReport,FN_buildResultReport_END,src/result/result.service.ts,53,124,357b6b51,jest,2,jest,unknown,"should return ResultReport with summary and items: Error: expect(received).toEqual(expected) // deep equality

- Expected  - 4
+ Received  + 4

@@ -2,24 +2,24 @@
    ""examType"": ""GLUCOSE"",
    ""items"": Array [
      Object {
        ""examType"": ""GLUCOSE"",
        ""flag"": ""NORMAL"",
-       ""referenceMax"": null,
-       ""referenceMin"": null,
+       ""referenceMax"": 99,
+       ""referenceMin"": 70,
        ""resultDate"": Any<Date>,
        ""resultId"": ""1"",
        ""sourceSystem"": null,
        ""statu",3b1530be4d61bcfd8b5b431be61db9bc4be35f6f45bdae7b69bfd29cfb324158,,C:\Users\cdbaz\OneDrive\Documentos\Projetos\usp\tcc\health-microservice-corpus\experiments\logs\errors\run-20260901T031236.570959Z\3b1530be4d61bcfd8b5b431be61db9bc4be35f6f45bdae7b69bfd29cfb324158.txt
run-20260901T031236.570959Z,2026-09-01T06:00:17.067634+00:00,qwen_coder_7b,structured,encounter,createEncounter,FN_createEncounter_END,src/encounter/encounter.service.ts,30,63,04a941d1,jest,1,jest,assertion_failure,"should throw ConflictException if patient already has an active encounter: Error: expect(received).rejects.toThrow(expected)

Expected constructor: ConflictException
Received constructor: BadRequestException

Received message: ""Ward is required for ADT A01 (admission)""

    [0m [90m 65 |[39m   validateEncounterFields(dto[33m:[39m [33mCreateEncounterDto[39m)[33m:[39m [36mvoid[39m {
     [90m 66 |[39m     [36mif[39m (dto[33m.[39madtType [33m===[39m [33mAdtType[39m[33m.[39m[",e927eab3d9375d0359611646fe72f8917b27cd9288a9b36d8524a8ef0e212587,,C:\Users\cdbaz\OneDrive\Documentos\Projetos\usp\tcc\health-microservice-corpus\experiments\logs\errors\run-20260901T031236.570959Z\e927eab3d9375d0359611646fe72f8917b27cd9288a9b36d8524a8ef0e212587.txt
run-20260901T031236.570959Z,2026-09-01T06:00:17.067634+00:00,qwen_coder_7b,structured,encounter,createEncounter,FN_createEncounter_END,src/encounter/encounter.service.ts,30,63,04a941d1,jest,1,jest,unknown,should create and save an encounter if all conditions are met: BadRequestException: Ward is required for ADT A01 (admission),e927eab3d9375d0359611646fe72f8917b27cd9288a9b36d8524a8ef0e212587,,C:\Users\cdbaz\OneDrive\Documentos\Projetos\usp\tcc\health-microservice-corpus\experiments\logs\errors\run-20260901T031236.570959Z\e927eab3d9375d0359611646fe72f8917b27cd9288a9b36d8524a8ef0e212587.txt
run-20260901T031236.570959Z,2026-09-01T06:02:55.696117+00:00,qwen_coder_7b,structured,encounter,listEncountersByPatient,FN_listEncountersByPatient_END,src/encounter/encounter.service.ts,93,99,04a941d1,jest,1,jest,unknown,"should throw NotFoundException if patient is not found: Error: expect(received).rejects.toThrow()

Received promise resolved instead of rejected
Resolved to value: undefined",21f2a86aaaa9e5a0806c81dc091c4ec92b2a6055b8f5aa93fe994dc7bccfe611,,C:\Users\cdbaz\OneDrive\Documentos\Projetos\usp\tcc\health-microservice-corpus\experiments\logs\errors\run-20260901T031236.570959Z\21f2a86aaaa9e5a0806c81dc091c4ec92b2a6055b8f5aa93fe994dc7bccfe611.txt
run-20260901T031236.570959Z,2026-09-01T06:10:12.936029+00:00,qwen_coder_7b,structured,encounter,processAdtMessage,FN_processAdtMessage_END,src/encounter/encounter.service.ts,199,317,04a941d1,jest,1,jest,runtime_error,should create a new patient and encounter for A01: TypeError: Cannot read properties of undefined (reading 'id'),5e750be22535b94ead3aa28b283c6937f55c15891e6160ec768ae24ef6f6c97e,,C:\Users\cdbaz\OneDrive\Documentos\Projetos\usp\tcc\health-microservice-corpus\experiments\logs\errors\run-20260901T031236.570959Z\5e750be22535b94ead3aa28b283c6937f55c15891e6160ec768ae24ef6f6c97e.txt
run-20260901T031236.570959Z,2026-09-01T06:13:02.980807+00:00,qwen_coder_7b,structured,encounter,updateEncounter,FN_updateEncounter_END,src/encounter/encounter.service.ts,319,363,04a941d1,jest,1,jest,unknown,"should throw BadRequestException when admitDate is provided but encounter is not admitted: Error: expect(received).rejects.toThrow()

Received promise resolved instead of rejected
Resolved to value: undefined",3e1f1055c290934786aacd997591f0dc162ca824c401634c60046a31f11aab23,,C:\Users\cdbaz\OneDrive\Documentos\Projetos\usp\tcc\health-microservice-corpus\experiments\logs\errors\run-20260901T031236.570959Z\3e1f1055c290934786aacd997591f0dc162ca824c401634c60046a31f11aab23.txt
run-20260901T031236.570959Z,2026-09-01T06:13:02.982620+00:00,qwen_coder_7b,structured,encounter,updateEncounter,FN_updateEncounter_END,src/encounter/encounter.service.ts,319,363,04a941d1,jest,1,jest,unknown,"should throw BadRequestException when admitDate is a future date: Error: expect(received).rejects.toThrow()

Received promise resolved instead of rejected
Resolved to value: undefined",3e1f1055c290934786aacd997591f0dc162ca824c401634c60046a31f11aab23,,C:\Users\cdbaz\OneDrive\Documentos\Projetos\usp\tcc\health-microservice-corpus\experiments\logs\errors\run-20260901T031236.570959Z\3e1f1055c290934786aacd997591f0dc162ca824c401634c60046a31f11aab23.txt
run-20260901T031236.570959Z,2026-09-01T06:13:02.982620+00:00,qwen_coder_7b,structured,encounter,updateEncounter,FN_updateEncounter_END,src/encounter/encounter.service.ts,319,363,04a941d1,jest,1,jest,unknown,"should throw BadRequestException when admitDate is before transferDate: Error: expect(received).rejects.toThrow()

Received promise resolved instead of rejected
Resolved to value: undefined",3e1f1055c290934786aacd997591f0dc162ca824c401634c60046a31f11aab23,,C:\Users\cdbaz\OneDrive\Documentos\Projetos\usp\tcc\health-microservice-corpus\experiments\logs\errors\run-20260901T031236.570959Z\3e1f1055c290934786aacd997591f0dc162ca824c401634c60046a31f11aab23.txt
run-20260901T031236.570959Z,2026-09-01T06:14:18.192325+00:00,qwen_coder_7b,structured,encounter,updateEncounter,FN_updateEncounter_END,src/encounter/encounter.service.ts,319,363,04a941d1,jest,2,jest,unknown,"should throw BadRequestException when admitDate is before transferDate: Error: expect(received).rejects.toThrow()

Received promise resolved instead of rejected
Resolved to value: undefined",79b7b1a62b7a0f4fd6e89c872802a934ae7435e3c976658df2c0cfc327d807aa,,C:\Users\cdbaz\OneDrive\Documentos\Projetos\usp\tcc\health-microservice-corpus\experiments\logs\errors\run-20260901T031236.570959Z\79b7b1a62b7a0f4fd6e89c872802a934ae7435e3c976658df2c0cfc327d807aa.txt
run-20260901T031236.570959Z,2026-09-01T06:17:57.398635+00:00,qwen_coder_7b,structured,encounter,buildEncounterSummary,FN_buildEncounterSummary_END,src/encounter/encounter.service.ts,365,439,04a941d1,jest,1,jest,assertion_failure,"should return encounter summary with correct values: Error: expect(received).toBe(expected) // Object.is equality

Expected: 2
Received: 1249",971753e8513adfce4ead57482ad2aaeae368dc75905f5fe6430f74b2981733c9,,C:\Users\cdbaz\OneDrive\Documentos\Projetos\usp\tcc\health-microservice-corpus\experiments\logs\errors\run-20260901T031236.570959Z\971753e8513adfce4ead57482ad2aaeae368dc75905f5fe6430f74b2981733c9.txt
run-20260901T031236.570959Z,2026-09-01T06:17:57.398635+00:00,qwen_coder_7b,structured,encounter,buildEncounterSummary,FN_buildEncounterSummary_END,src/encounter/encounter.service.ts,365,439,04a941d1,jest,1,jest,assertion_failure,"should handle encounter with no orders: Error: expect(received).toBe(expected) // Object.is equality

Expected: 2
Received: 1249",971753e8513adfce4ead57482ad2aaeae368dc75905f5fe6430f74b2981733c9,,C:\Users\cdbaz\OneDrive\Documentos\Projetos\usp\tcc\health-microservice-corpus\experiments\logs\errors\run-20260901T031236.570959Z\971753e8513adfce4ead57482ad2aaeae368dc75905f5fe6430f74b2981733c9.txt
run-20260901T031236.570959Z,2026-09-01T06:17:57.398635+00:00,qwen_coder_7b,structured,encounter,buildEncounterSummary,FN_buildEncounterSummary_END,src/encounter/encounter.service.ts,365,439,04a941d1,jest,1,jest,assertion_failure,"should handle encounter with no results: Error: expect(received).toBe(expected) // Object.is equality

Expected: 2
Received: 1249",971753e8513adfce4ead57482ad2aaeae368dc75905f5fe6430f74b2981733c9,,C:\Users\cdbaz\OneDrive\Documentos\Projetos\usp\tcc\health-microservice-corpus\experiments\logs\errors\run-20260901T031236.570959Z\971753e8513adfce4ead57482ad2aaeae368dc75905f5fe6430f74b2981733c9.txt
run-20260901T031236.570959Z,2026-09-01T06:17:57.398635+00:00,qwen_coder_7b,structured,encounter,buildEncounterSummary,FN_buildEncounterSummary_END,src/encounter/encounter.service.ts,365,439,04a941d1,jest,1,jest,assertion_failure,"should handle encounter with abnormal results: Error: expect(received).toBe(expected) // Object.is equality

Expected: 2
Received: 1249",971753e8513adfce4ead57482ad2aaeae368dc75905f5fe6430f74b2981733c9,,C:\Users\cdbaz\OneDrive\Documentos\Projetos\usp\tcc\health-microservice-corpus\experiments\logs\errors\run-20260901T031236.570959Z\971753e8513adfce4ead57482ad2aaeae368dc75905f5fe6430f74b2981733c9.txt
run-20260901T031236.570959Z,2026-09-01T06:17:57.398635+00:00,qwen_coder_7b,structured,encounter,buildEncounterSummary,FN_buildEncounterSummary_END,src/encounter/encounter.service.ts,365,439,04a941d1,jest,1,jest,assertion_failure,"should handle encounter with abnormal results and active days > 7: Error: expect(received).toBe(expected) // Object.is equality

Expected: 32
Received: 1280",971753e8513adfce4ead57482ad2aaeae368dc75905f5fe6430f74b2981733c9,,C:\Users\cdbaz\OneDrive\Documentos\Projetos\usp\tcc\health-microservice-corpus\experiments\logs\errors\run-20260901T031236.570959Z\971753e8513adfce4ead57482ad2aaeae368dc75905f5fe6430f74b2981733c9.txt
run-20260901T031236.570959Z,2026-09-01T06:20:28.684285+00:00,qwen_coder_7b,structured,encounter,buildEncounterSummary,FN_buildEncounterSummary_END,src/encounter/encounter.service.ts,365,439,04a941d1,jest,2,jest,assertion_failure,"should handle encounter with abnormal results and active days > 7: Error: expect(received).toBe(expected) // Object.is equality

Expected: 32
Received: 1280",93b23c5e8b4f97b0f235ac82f67216e22f534d1aac1b2355e721b13671ba9133,,C:\Users\cdbaz\OneDrive\Documentos\Projetos\usp\tcc\health-microservice-corpus\experiments\logs\errors\run-20260901T031236.570959Z\93b23c5e8b4f97b0f235ac82f67216e22f534d1aac1b2355e721b13671ba9133.txt
run-20260901T031236.570959Z,2026-09-01T06:20:28.708452+00:00,qwen_coder_7b,structured,encounter,buildEncounterSummary,FN_buildEncounterSummary_END,src/encounter/encounter.service.ts,365,439,04a941d1,repair,2,repair,repair_failed,1 repair attempt(s) did not produce a valid fix,a19dd2f169fea0f558514ac3dac1b23af029a1260819d762429f620cb291dccb,,
run-20260901T031236.570959Z,2026-09-01T06:20:31.784563+00:00,qwen_coder_7b,structured,encounter,buildEncounterSummary,FN_buildEncounterSummary_END,src/encounter/encounter.service.ts,365,439,04a941d1,jest,3,jest,assertion_failure,"should handle encounter with abnormal results and active days > 7: Error: expect(received).toBe(expected) // Object.is equality

Expected: 32
Received: 1280",d2058efec08b33af746a35531e49623e213ca9fab6c9d9fb58ab2a45847b1094,,C:\Users\cdbaz\OneDrive\Documentos\Projetos\usp\tcc\health-microservice-corpus\experiments\logs\errors\run-20260901T031236.570959Z\d2058efec08b33af746a35531e49623e213ca9fab6c9d9fb58ab2a45847b1094.txt
run-20260901T031236.570959Z,2026-09-01T06:20:31.827168+00:00,qwen_coder_7b,structured,encounter,buildEncounterSummary,FN_buildEncounterSummary_END,src/encounter/encounter.service.ts,365,439,04a941d1,repair,3,repair,repair_failed,1 repair attempt(s) did not produce a valid fix,a19dd2f169fea0f558514ac3dac1b23af029a1260819d762429f620cb291dccb,,
run-20260901T031236.570959Z,2026-09-01T06:20:34.860779+00:00,qwen_coder_7b,structured,encounter,buildEncounterSummary,FN_buildEncounterSummary_END,src/encounter/encounter.service.ts,365,439,04a941d1,jest,4,jest,assertion_failure,"should handle encounter with abnormal results and active days > 7: Error: expect(received).toBe(expected) // Object.is equality

Expected: 32
Received: 1280",ab857ca0f96632a6b5097d1904e23144adcc5bb0a52f01feeb0d183d2745fa02,,C:\Users\cdbaz\OneDrive\Documentos\Projetos\usp\tcc\health-microservice-corpus\experiments\logs\errors\run-20260901T031236.570959Z\ab857ca0f96632a6b5097d1904e23144adcc5bb0a52f01feeb0d183d2745fa02.txt
run-20260901T031236.570959Z,2026-09-01T06:20:34.881386+00:00,qwen_coder_7b,structured,encounter,buildEncounterSummary,FN_buildEncounterSummary_END,src/encounter/encounter.service.ts,365,439,04a941d1,repair,4,repair,repair_failed,1 repair attempt(s) did not produce a valid fix,a19dd2f169fea0f558514ac3dac1b23af029a1260819d762429f620cb291dccb,,
run-20260901T031236.570959Z,2026-09-01T06:20:37.973979+00:00,qwen_coder_7b,structured,encounter,buildEncounterSummary,FN_buildEncounterSummary_END,src/encounter/encounter.service.ts,365,439,04a941d1,jest,5,jest,assertion_failure,"should handle encounter with abnormal results and active days > 7: Error: expect(received).toBe(expected) // Object.is equality

Expected: 32
Received: 1280",dc635254844c00fd98b582d71784d16b49c2ee3d654da9b754ed3a2db782271a,,C:\Users\cdbaz\OneDrive\Documentos\Projetos\usp\tcc\health-microservice-corpus\experiments\logs\errors\run-20260901T031236.570959Z\dc635254844c00fd98b582d71784d16b49c2ee3d654da9b754ed3a2db782271a.txt
run-20260901T031236.570959Z,2026-09-01T06:20:37.973979+00:00,qwen_coder_7b,structured,encounter,buildEncounterSummary,FN_buildEncounterSummary_END,src/encounter/encounter.service.ts,365,439,04a941d1,repair,5,repair,max_repairs_exceeded,Runtime repair exhausted MAX_RUNTIME_REPAIRS=5 attempts,07669857ffb0ce3ee50e620aaa2bdb3e306e87699a96b0b0862427652773b240,,
run-20260901T031236.570959Z,2026-09-01T06:20:37.997114+00:00,qwen_coder_7b,structured,encounter,buildEncounterSummary,FN_buildEncounterSummary_END,src/encounter/encounter.service.ts,365,439,04a941d1,pipeline,,pipeline,rollback,Function 'buildEncounterSummary' failed irrecoverably; rolled back to the last known-good snapshot.,c515d2813418d62554b3bc57ca018c713d1ec00fedacbda2589c150c8bfeb782,restored,
run-20260901T031236.570959Z,2026-09-01T06:26:16.478586+00:00,qwen_coder_7b,structured,order,validateOrderResult,FN_validateOrderResult_END,src/order/order.service.ts,80,158,556cd6ea,jest,1,jest,runtime_error,should return order if incoming status is corrected: TypeError: Cannot read properties of undefined (reading 'status'),d35fe0cf64cb747d85949eeb4b4add6d7f682a4a9721d252399d6fd0f5b81f3d,,C:\Users\cdbaz\OneDrive\Documentos\Projetos\usp\tcc\health-microservice-corpus\experiments\logs\errors\run-20260901T031236.570959Z\d35fe0cf64cb747d85949eeb4b4add6d7f682a4a9721d252399d6fd0f5b81f3d.txt
run-20260901T031236.570959Z,2026-09-01T06:26:16.478586+00:00,qwen_coder_7b,structured,order,validateOrderResult,FN_validateOrderResult_END,src/order/order.service.ts,80,158,556cd6ea,jest,1,jest,runtime_error,"should throw BadRequestException if order status is not completed for corrected result: Error: expect(received).rejects.toThrow(expected)

Expected constructor: BadRequestException
Received constructor: TypeError

Received message: ""Cannot read properties of undefined (reading 'status')""

    [0m [90m 94 |[39m     )[33m;[39m
     [90m 95 |[39m
    [31m[1m>[22m[39m[90m 96 |[39m     [36mif[39m (encounter[33m.[39mstatus [33m===[39m [33mEncounterStatus[39m[33m.[39m[33mDISCHAR",d35fe0cf64cb747d85949eeb4b4add6d7f682a4a9721d252399d6fd0f5b81f3d,,C:\Users\cdbaz\OneDrive\Documentos\Projetos\usp\tcc\health-microservice-corpus\experiments\logs\errors\run-20260901T031236.570959Z\d35fe0cf64cb747d85949eeb4b4add6d7f682a4a9721d252399d6fd0f5b81f3d.txt
run-20260901T031236.570959Z,2026-09-01T06:26:16.478586+00:00,qwen_coder_7b,structured,order,validateOrderResult,FN_validateOrderResult_END,src/order/order.service.ts,80,158,556cd6ea,jest,1,jest,runtime_error,"should throw BadRequestException if order already has a final result for correction: Error: expect(received).rejects.toThrow(expected)

Expected constructor: BadRequestException
Received constructor: TypeError

Received message: ""Cannot read properties of undefined (reading 'status')""

    [0m [90m 94 |[39m     )[33m;[39m
     [90m 95 |[39m
    [31m[1m>[22m[39m[90m 96 |[39m     [36mif[39m (encounter[33m.[39mstatus [33m===[39m [33mEncounterStatus[39m[33m.[39m[33mDISCHARGED",d35fe0cf64cb747d85949eeb4b4add6d7f682a4a9721d252399d6fd0f5b81f3d,,C:\Users\cdbaz\OneDrive\Documentos\Projetos\usp\tcc\health-microservice-corpus\experiments\logs\errors\run-20260901T031236.570959Z\d35fe0cf64cb747d85949eeb4b4add6d7f682a4a9721d252399d6fd0f5b81f3d.txt
run-20260901T031236.570959Z,2026-09-01T06:26:16.478586+00:00,qwen_coder_7b,structured,order,validateOrderResult,FN_validateOrderResult_END,src/order/order.service.ts,80,158,556cd6ea,jest,1,jest,runtime_error,"should throw BadRequestException if order already has a corrected result: Error: expect(received).rejects.toThrow(expected)

Expected constructor: BadRequestException
Received constructor: TypeError

Received message: ""Cannot read properties of undefined (reading 'status')""

    [0m [90m 94 |[39m     )[33m;[39m
     [90m 95 |[39m
    [31m[1m>[22m[39m[90m 96 |[39m     [36mif[39m (encounter[33m.[39mstatus [33m===[39m [33mEncounterStatus[39m[33m.[39m[33mDISCHARGED[39m) {
  ",d35fe0cf64cb747d85949eeb4b4add6d7f682a4a9721d252399d6fd0f5b81f3d,,C:\Users\cdbaz\OneDrive\Documentos\Projetos\usp\tcc\health-microservice-corpus\experiments\logs\errors\run-20260901T031236.570959Z\d35fe0cf64cb747d85949eeb4b4add6d7f682a4a9721d252399d6fd0f5b81f3d.txt
run-20260901T031236.570959Z,2026-09-01T06:26:16.486766+00:00,qwen_coder_7b,structured,order,validateOrderResult,FN_validateOrderResult_END,src/order/order.service.ts,80,158,556cd6ea,jest,1,jest,runtime_error,"should throw BadRequestException if order is already completed: Error: expect(received).rejects.toThrow(expected)

Expected constructor: BadRequestException
Received constructor: TypeError

Received message: ""Cannot read properties of undefined (reading 'status')""

    [0m [90m 94 |[39m     )[33m;[39m
     [90m 95 |[39m
    [31m[1m>[22m[39m[90m 96 |[39m     [36mif[39m (encounter[33m.[39mstatus [33m===[39m [33mEncounterStatus[39m[33m.[39m[33mDISCHARGED[39m) {
     [90m  ",d35fe0cf64cb747d85949eeb4b4add6d7f682a4a9721d252399d6fd0f5b81f3d,,C:\Users\cdbaz\OneDrive\Documentos\Projetos\usp\tcc\health-microservice-corpus\experiments\logs\errors\run-20260901T031236.570959Z\d35fe0cf64cb747d85949eeb4b4add6d7f682a4a9721d252399d6fd0f5b81f3d.txt
run-20260901T031236.570959Z,2026-09-01T06:26:16.488507+00:00,qwen_coder_7b,structured,order,validateOrderResult,FN_validateOrderResult_END,src/order/order.service.ts,80,158,556cd6ea,jest,1,jest,runtime_error,"should throw BadRequestException if order already has a final or corrected result: Error: expect(received).rejects.toThrow(expected)

Expected constructor: BadRequestException
Received constructor: TypeError

Received message: ""Cannot read properties of undefined (reading 'status')""

    [0m [90m 94 |[39m     )[33m;[39m
     [90m 95 |[39m
    [31m[1m>[22m[39m[90m 96 |[39m     [36mif[39m (encounter[33m.[39mstatus [33m===[39m [33mEncounterStatus[39m[33m.[39m[33mDISCHARGED[",d35fe0cf64cb747d85949eeb4b4add6d7f682a4a9721d252399d6fd0f5b81f3d,,C:\Users\cdbaz\OneDrive\Documentos\Projetos\usp\tcc\health-microservice-corpus\experiments\logs\errors\run-20260901T031236.570959Z\d35fe0cf64cb747d85949eeb4b4add6d7f682a4a9721d252399d6fd0f5b81f3d.txt
run-20260901T031236.570959Z,2026-09-01T06:26:16.489529+00:00,qwen_coder_7b,structured,order,validateOrderResult,FN_validateOrderResult_END,src/order/order.service.ts,80,158,556cd6ea,jest,1,jest,runtime_error,"should throw BadRequestException if order status is pending and incoming status is final: Error: expect(received).rejects.toThrow(expected)

Expected constructor: BadRequestException
Received constructor: TypeError

Received message: ""Cannot read properties of undefined (reading 'status')""

    [0m [90m 94 |[39m     )[33m;[39m
     [90m 95 |[39m
    [31m[1m>[22m[39m[90m 96 |[39m     [36mif[39m (encounter[33m.[39mstatus [33m===[39m [33mEncounterStatus[39m[33m.[39m[33mDISCH",d35fe0cf64cb747d85949eeb4b4add6d7f682a4a9721d252399d6fd0f5b81f3d,,C:\Users\cdbaz\OneDrive\Documentos\Projetos\usp\tcc\health-microservice-corpus\experiments\logs\errors\run-20260901T031236.570959Z\d35fe0cf64cb747d85949eeb4b4add6d7f682a4a9721d252399d6fd0f5b81f3d.txt
run-20260901T031236.570959Z,2026-09-01T06:26:16.490525+00:00,qwen_coder_7b,structured,order,validateOrderResult,FN_validateOrderResult_END,src/order/order.service.ts,80,158,556cd6ea,jest,1,jest,runtime_error,should update order status to in progress and save if order status is pending and incoming status is final: TypeError: Cannot read properties of undefined (reading 'status'),d35fe0cf64cb747d85949eeb4b4add6d7f682a4a9721d252399d6fd0f5b81f3d,,C:\Users\cdbaz\OneDrive\Documentos\Projetos\usp\tcc\health-microservice-corpus\experiments\logs\errors\run-20260901T031236.570959Z\d35fe0cf64cb747d85949eeb4b4add6d7f682a4a9721d252399d6fd0f5b81f3d.txt
run-20260901T031236.570959Z,2026-09-01T06:26:16.490525+00:00,qwen_coder_7b,structured,order,validateOrderResult,FN_validateOrderResult_END,src/order/order.service.ts,80,158,556cd6ea,jest,1,jest,runtime_error,should update order status to completed and save if order status is in progress and incoming status is final: TypeError: Cannot read properties of undefined (reading 'status'),d35fe0cf64cb747d85949eeb4b4add6d7f682a4a9721d252399d6fd0f5b81f3d,,C:\Users\cdbaz\OneDrive\Documentos\Projetos\usp\tcc\health-microservice-corpus\experiments\logs\errors\run-20260901T031236.570959Z\d35fe0cf64cb747d85949eeb4b4add6d7f682a4a9721d252399d6fd0f5b81f3d.txt
run-20260901T031236.570959Z,2026-09-01T06:26:16.492571+00:00,qwen_coder_7b,structured,order,validateOrderResult,FN_validateOrderResult_END,src/order/order.service.ts,80,158,556cd6ea,jest,1,jest,runtime_error,should return order if order status is in progress and incoming status is not final: TypeError: Cannot read properties of undefined (reading 'status'),d35fe0cf64cb747d85949eeb4b4add6d7f682a4a9721d252399d6fd0f5b81f3d,,C:\Users\cdbaz\OneDrive\Documentos\Projetos\usp\tcc\health-microservice-corpus\experiments\logs\errors\run-20260901T031236.570959Z\d35fe0cf64cb747d85949eeb4b4add6d7f682a4a9721d252399d6fd0f5b81f3d.txt
run-20260901T031236.570959Z,2026-09-01T06:29:20.450918+00:00,qwen_coder_7b,structured,order,validateOrderResult,FN_validateOrderResult_END,src/order/order.service.ts,80,158,556cd6ea,jest,2,jest,runtime_error,should update order status to in progress and save if order status is pending and incoming status is final: TypeError: Cannot read properties of undefined (reading 'status'),bd5bd3cb9c699b84550592c645676c753e2ff97c2bd4e92a8237388e87da2d1e,,C:\Users\cdbaz\OneDrive\Documentos\Projetos\usp\tcc\health-microservice-corpus\experiments\logs\errors\run-20260901T031236.570959Z\bd5bd3cb9c699b84550592c645676c753e2ff97c2bd4e92a8237388e87da2d1e.txt
run-20260901T031236.570959Z,2026-09-01T06:29:20.450918+00:00,qwen_coder_7b,structured,order,validateOrderResult,FN_validateOrderResult_END,src/order/order.service.ts,80,158,556cd6ea,jest,2,jest,runtime_error,should update order status to completed and save if order status is in progress and incoming status is final: TypeError: Cannot read properties of undefined (reading 'status'),bd5bd3cb9c699b84550592c645676c753e2ff97c2bd4e92a8237388e87da2d1e,,C:\Users\cdbaz\OneDrive\Documentos\Projetos\usp\tcc\health-microservice-corpus\experiments\logs\errors\run-20260901T031236.570959Z\bd5bd3cb9c699b84550592c645676c753e2ff97c2bd4e92a8237388e87da2d1e.txt
run-20260901T031236.570959Z,2026-09-01T06:30:02.589965+00:00,qwen_coder_7b,structured,order,validateOrderResult,FN_validateOrderResult_END,src/order/order.service.ts,80,158,556cd6ea,jest,3,jest,runtime_error,should update order status to completed and save if order status is in progress and incoming status is final: TypeError: Cannot read properties of undefined (reading 'status'),c5cdf2f46dfa5062aeb1dbbf1e644a99b9c71810db894b6555bb6ffe14e02472,,C:\Users\cdbaz\OneDrive\Documentos\Projetos\usp\tcc\health-microservice-corpus\experiments\logs\errors\run-20260901T031236.570959Z\c5cdf2f46dfa5062aeb1dbbf1e644a99b9c71810db894b6555bb6ffe14e02472.txt
run-20260901T031236.570959Z,2026-09-01T06:30:06.436957+00:00,qwen_coder_7b,structured,order,validateOrderResult,FN_validateOrderResult_END,src/order/order.service.ts,80,158,556cd6ea,repair,3,repair,repair_failed,1 repair attempt(s) did not produce a valid fix,a19dd2f169fea0f558514ac3dac1b23af029a1260819d762429f620cb291dccb,,
run-20260901T031236.570959Z,2026-09-01T06:33:22.386944+00:00,qwen_coder_7b,structured,patient,listPatients,FN_listPatients_END,src/patient/patient.service.ts,23,25,0ddb42a2,jest,1,jest,unknown,"should throw NotFoundException if no patients are found: Error: expect(received).rejects.toThrow()

Received promise resolved instead of rejected
Resolved to value: []",1c621f028477799b213c7dfde20d580ef4fe5623ba8d664fe78e381f3a39234e,,C:\Users\cdbaz\OneDrive\Documentos\Projetos\usp\tcc\health-microservice-corpus\experiments\logs\errors\run-20260901T031236.570959Z\1c621f028477799b213c7dfde20d580ef4fe5623ba8d664fe78e381f3a39234e.txt
run-20260901T031236.570959Z,2026-09-01T06:35:28.310472+00:00,qwen_coder_7b,structured,patient,updatePatient,FN_updatePatient_END,src/patient/patient.service.ts,53,75,0ddb42a2,jest,1,jest,runtime_error,should update patient with valid data: TypeError: Cannot read properties of undefined (reading 'mockResolvedValue'),0144d5deb3b78f1110a96f6d106c512e0fab1a5d036d23dd42c58308c6aaa8cb,,C:\Users\cdbaz\OneDrive\Documentos\Projetos\usp\tcc\health-microservice-corpus\experiments\logs\errors\run-20260901T031236.570959Z\0144d5deb3b78f1110a96f6d106c512e0fab1a5d036d23dd42c58308c6aaa8cb.txt
run-20260901T031236.570959Z,2026-09-01T06:35:28.310472+00:00,qwen_coder_7b,structured,patient,updatePatient,FN_updatePatient_END,src/patient/patient.service.ts,53,75,0ddb42a2,jest,1,jest,runtime_error,should throw ConflictException if email is already registered: TypeError: Cannot read properties of undefined (reading 'mockResolvedValue'),0144d5deb3b78f1110a96f6d106c512e0fab1a5d036d23dd42c58308c6aaa8cb,,C:\Users\cdbaz\OneDrive\Documentos\Projetos\usp\tcc\health-microservice-corpus\experiments\logs\errors\run-20260901T031236.570959Z\0144d5deb3b78f1110a96f6d106c512e0fab1a5d036d23dd42c58308c6aaa8cb.txt
run-20260901T031236.570959Z,2026-09-01T06:38:36.652260+00:00,qwen_coder_7b,structured,result,createResult,FN_createResult_END,src/result/result.service.ts,26,39,357b6b51,jest,1,jest,assertion_failure,"should save the created result: Error: expect(received).toEqual(expected) // deep equality

Expected: {""created_at"": 2026-09-01T06:38:36.547Z, ""id"": ""1"", ""notes"": null, ""order"": null, ""orderId"": ""123"", ""referenceMax"": null, ""referenceMin"": null, ""resultDate"": 2023-10-01T00:00:00.000Z, ""sourceSystem"": null, ""status"": ""PRELIMINARY"", ""unit"": ""mg"", ""updated_at"": 2026-09-01T06:38:36.547Z, ""value"": 100}
Received: undefined",42f8a06bfaf6099ae529e9d47b47c44c5ce7e8129003a24f6a3b1ecd507f88ee,,C:\Users\cdbaz\OneDrive\Documentos\Projetos\usp\tcc\health-microservice-corpus\experiments\logs\errors\run-20260901T031236.570959Z\42f8a06bfaf6099ae529e9d47b47c44c5ce7e8129003a24f6a3b1ecd507f88ee.txt
run-20260901T031236.570959Z,2026-09-01T06:42:09.849432+00:00,qwen_coder_7b,structured,result,buildResultReport,FN_buildResultReport_END,src/result/result.service.ts,53,124,357b6b51,jest,1,jest,unknown,"should return result report with correct summary and items when results are found: Error: expect(received).toEqual(expected) // deep equality

- Expected  - 4
+ Received  + 4

@@ -2,24 +2,24 @@
    ""examType"": ""GLUCOSE"",
    ""items"": Array [
      Object {
        ""examType"": ""GLUCOSE"",
        ""flag"": ""NORMAL"",
-       ""referenceMax"": null,
-       ""referenceMin"": null,
+       ""referenceMax"": 99,
+       ""referenceMin"": 70,
        ""resultDate"": Any<Date>,
        ""resultId"": ""1"",
        ""sou",0197f8b878f9028ce210819790360bbaa05d6fc6b0b1667755a5b1d422224e9f,,C:\Users\cdbaz\OneDrive\Documentos\Projetos\usp\tcc\health-microservice-corpus\experiments\logs\errors\run-20260901T031236.570959Z\0197f8b878f9028ce210819790360bbaa05d6fc6b0b1667755a5b1d422224e9f.txt
run-20260901T031236.570959Z,2026-09-01T06:42:09.849432+00:00,qwen_coder_7b,structured,result,buildResultReport,FN_buildResultReport_END,src/result/result.service.ts,53,124,357b6b51,jest,1,jest,unknown,"should handle preliminary results correctly: Error: expect(received).toEqual(expected) // deep equality

- Expected  - 3
+ Received  + 3

@@ -1,13 +1,13 @@
  Object {
    ""examType"": ""GLUCOSE"",
    ""items"": Array [
      Object {
        ""examType"": ""GLUCOSE"",
-       ""flag"": ""UNKNOWN"",
-       ""referenceMax"": null,
-       ""referenceMin"": null,
+       ""flag"": ""NORMAL"",
+       ""referenceMax"": 99,
+       ""referenceMin"": 70,
        ""resultDate"": Any<Date>,
        ""resultId"": ""1"",
        ""sou",0197f8b878f9028ce210819790360bbaa05d6fc6b0b1667755a5b1d422224e9f,,C:\Users\cdbaz\OneDrive\Documentos\Projetos\usp\tcc\health-microservice-corpus\experiments\logs\errors\run-20260901T031236.570959Z\0197f8b878f9028ce210819790360bbaa05d6fc6b0b1667755a5b1d422224e9f.txt
run-20260901T031236.570959Z,2026-09-01T06:42:09.849432+00:00,qwen_coder_7b,structured,result,buildResultReport,FN_buildResultReport_END,src/result/result.service.ts,53,124,357b6b51,jest,1,jest,unknown,"should handle abnormal results correctly: Error: expect(received).toEqual(expected) // deep equality

- Expected  - 4
+ Received  + 4

@@ -1,24 +1,24 @@
  Object {
    ""examType"": ""GLUCOSE"",
    ""items"": Array [
      Object {
        ""examType"": ""GLUCOSE"",
-       ""flag"": ""LOW"",
-       ""referenceMax"": null,
-       ""referenceMin"": null,
+       ""flag"": ""NORMAL"",
+       ""referenceMax"": 99,
+       ""referenceMin"": 70,
        ""resultDate"": Any<Date>,
        ""resultId"": ""1"",
        ""sourceSyst",0197f8b878f9028ce210819790360bbaa05d6fc6b0b1667755a5b1d422224e9f,,C:\Users\cdbaz\OneDrive\Documentos\Projetos\usp\tcc\health-microservice-corpus\experiments\logs\errors\run-20260901T031236.570959Z\0197f8b878f9028ce210819790360bbaa05d6fc6b0b1667755a5b1d422224e9f.txt
run-20260901T031236.570959Z,2026-09-01T06:44:07.371236+00:00,qwen_coder_7b,structured,result,buildResultReport,FN_buildResultReport_END,src/result/result.service.ts,53,124,357b6b51,jest,2,jest,unknown,"should handle preliminary results correctly: Error: expect(received).toEqual(expected) // deep equality

- Expected  - 2
+ Received  + 2

@@ -2,12 +2,12 @@
    ""examType"": ""GLUCOSE"",
    ""items"": Array [
      Object {
        ""examType"": ""GLUCOSE"",
        ""flag"": ""NORMAL"",
-       ""referenceMax"": null,
-       ""referenceMin"": null,
+       ""referenceMax"": 99,
+       ""referenceMin"": 70,
        ""resultDate"": Any<Date>,
        ""resultId"": ""1"",
        ""sourceSystem"": null,
        ""status"": ""P",61a2f016d12c281209a3fe6aba863d7363d0138a2f5329b1b07e44fcc9996538,,C:\Users\cdbaz\OneDrive\Documentos\Projetos\usp\tcc\health-microservice-corpus\experiments\logs\errors\run-20260901T031236.570959Z\61a2f016d12c281209a3fe6aba863d7363d0138a2f5329b1b07e44fcc9996538.txt
run-20260901T031236.570959Z,2026-09-01T06:44:07.371236+00:00,qwen_coder_7b,structured,result,buildResultReport,FN_buildResultReport_END,src/result/result.service.ts,53,124,357b6b51,jest,2,jest,unknown,"should handle abnormal results correctly: Error: expect(received).toEqual(expected) // deep equality

- Expected  - 2
+ Received  + 2

@@ -2,12 +2,12 @@
    ""examType"": ""GLUCOSE"",
    ""items"": Array [
      Object {
        ""examType"": ""GLUCOSE"",
        ""flag"": ""NORMAL"",
-       ""referenceMax"": null,
-       ""referenceMin"": null,
+       ""referenceMax"": 99,
+       ""referenceMin"": 70,
        ""resultDate"": Any<Date>,
        ""resultId"": ""1"",
        ""sourceSystem"": null,
        ""status"": ""FINA",61a2f016d12c281209a3fe6aba863d7363d0138a2f5329b1b07e44fcc9996538,,C:\Users\cdbaz\OneDrive\Documentos\Projetos\usp\tcc\health-microservice-corpus\experiments\logs\errors\run-20260901T031236.570959Z\61a2f016d12c281209a3fe6aba863d7363d0138a2f5329b1b07e44fcc9996538.txt
run-20260901T031236.570959Z,2026-09-01T06:47:36.789580+00:00,qwen_coder_7b,structured,result,updateResult,FN_updateResult_END,src/result/result.service.ts,126,206,357b6b51,jest,1,jest,unknown,"should throw BadRequestException when dto status is provided and not a valid transition: Error: expect(received).rejects.toThrow()

Received promise resolved instead of rejected
Resolved to value: undefined",56a483263b0634693f7197926d718e7edc86ff899915508d7d242fba8da39378,,C:\Users\cdbaz\OneDrive\Documentos\Projetos\usp\tcc\health-microservice-corpus\experiments\logs\errors\run-20260901T031236.570959Z\56a483263b0634693f7197926d718e7edc86ff899915508d7d242fba8da39378.txt
run-20260901T031236.570959Z,2026-09-01T06:49:16.244114+00:00,gemma_4,zero_shot,encounter,createEncounter,FN_createEncounter_END,src/encounter/encounter.service.ts,30,63,04a941d1,jest,1,jest,assertion_failure,"should throw BadRequestException if the patient is inactive: Error: expect(received).rejects.toThrow(expected)

Expected substring: ""Cannot admit an inactive patient""
Received message:   ""Ward is required for ADT A01 (admission)""

    [0m [90m 65 |[39m   validateEncounterFields(dto[33m:[39m [33mCreateEncounterDto[39m)[33m:[39m [36mvoid[39m {
     [90m 66 |[39m     [36mif[39m (dto[33m.[39madtType [33m===[39m [33mAdtType[39m[33m.[39m[33mA01[39m [33m&&[39m [33m![39mdto",ff4012f92f473356ef2a1d0f7409aed09ff49b0861e27b7de6fb1be75f71c710,,C:\Users\cdbaz\OneDrive\Documentos\Projetos\usp\tcc\health-microservice-corpus\experiments\logs\errors\run-20260901T031236.570959Z\ff4012f92f473356ef2a1d0f7409aed09ff49b0861e27b7de6fb1be75f71c710.txt
run-20260901T031236.570959Z,2026-09-01T06:49:16.244114+00:00,gemma_4,zero_shot,encounter,createEncounter,FN_createEncounter_END,src/encounter/encounter.service.ts,30,63,04a941d1,jest,1,jest,assertion_failure,"should throw ConflictException if the patient already has an active encounter: Error: expect(received).rejects.toThrow(expected)

Expected constructor: ConflictException
Received constructor: BadRequestException

Received message: ""Ward is required for ADT A01 (admission)""

    [0m [90m 65 |[39m   validateEncounterFields(dto[33m:[39m [33mCreateEncounterDto[39m)[33m:[39m [36mvoid[39m {
     [90m 66 |[39m     [36mif[39m (dto[33m.[39madtType [33m===[39m [33mAdtType[39m[33m.[3",ff4012f92f473356ef2a1d0f7409aed09ff49b0861e27b7de6fb1be75f71c710,,C:\Users\cdbaz\OneDrive\Documentos\Projetos\usp\tcc\health-microservice-corpus\experiments\logs\errors\run-20260901T031236.570959Z\ff4012f92f473356ef2a1d0f7409aed09ff49b0861e27b7de6fb1be75f71c710.txt
run-20260901T031236.570959Z,2026-09-01T06:50:30.718819+00:00,gemma_4,zero_shot,encounter,createEncounter,FN_createEncounter_END,src/encounter/encounter.service.ts,30,63,04a941d1,repair,1,repair,repair_failed,2 repair attempt(s) did not produce a valid fix,2b4174000bb2ce09b371befe017029260089b679a199f81a21ab39398057e434,,
run-20260901T031236.570959Z,2026-09-01T06:53:17.446082+00:00,gemma_4,zero_shot,encounter,transitionEncounterStatus,FN_transitionEncounterStatus_END,src/encounter/encounter.service.ts,109,197,04a941d1,jest,1,jest,runtime_error,should successfully transition the encounter status when the transition is valid: TypeError: service.transitionEncounterStatus is not a function,615ada9272a81140f9a5a423a82c2d6d1a70a6a70f42e8ab3051cab1f592dde0,,C:\Users\cdbaz\OneDrive\Documentos\Projetos\usp\tcc\health-microservice-corpus\experiments\logs\errors\run-20260901T031236.570959Z\615ada9272a81140f9a5a423a82c2d6d1a70a6a70f42e8ab3051cab1f592dde0.txt
run-20260901T031236.570959Z,2026-09-01T06:53:17.446082+00:00,gemma_4,zero_shot,encounter,transitionEncounterStatus,FN_transitionEncounterStatus_END,src/encounter/encounter.service.ts,109,197,04a941d1,jest,1,jest,runtime_error,should throw BadRequestException if the status transition is invalid: TypeError: service.transitionEncounterStatus is not a function,615ada9272a81140f9a5a423a82c2d6d1a70a6a70f42e8ab3051cab1f592dde0,,C:\Users\cdbaz\OneDrive\Documentos\Projetos\usp\tcc\health-microservice-corpus\experiments\logs\errors\run-20260901T031236.570959Z\615ada9272a81140f9a5a423a82c2d6d1a70a6a70f42e8ab3051cab1f592dde0.txt
run-20260901T031236.570959Z,2026-09-01T06:53:17.446082+00:00,gemma_4,zero_shot,encounter,transitionEncounterStatus,FN_transitionEncounterStatus_END,src/encounter/encounter.service.ts,109,197,04a941d1,jest,1,jest,runtime_error,should throw BadRequestException if discharging an encounter with pending orders: TypeError: service.transitionEncounterStatus is not a function,615ada9272a81140f9a5a423a82c2d6d1a70a6a70f42e8ab3051cab1f592dde0,,C:\Users\cdbaz\OneDrive\Documentos\Projetos\usp\tcc\health-microservice-corpus\experiments\logs\errors\run-20260901T031236.570959Z\615ada9272a81140f9a5a423a82c2d6d1a70a6a70f42e8ab3051cab1f592dde0.txt
run-20260901T031236.570959Z,2026-09-01T06:53:17.446082+00:00,gemma_4,zero_shot,encounter,transitionEncounterStatus,FN_transitionEncounterStatus_END,src/encounter/encounter.service.ts,109,197,04a941d1,jest,1,jest,runtime_error,should throw BadRequestException if transfer requires ward and ward is missing: TypeError: service.transitionEncounterStatus is not a function,615ada9272a81140f9a5a423a82c2d6d1a70a6a70f42e8ab3051cab1f592dde0,,C:\Users\cdbaz\OneDrive\Documentos\Projetos\usp\tcc\health-microservice-corpus\experiments\logs\errors\run-20260901T031236.570959Z\615ada9272a81140f9a5a423a82c2d6d1a70a6a70f42e8ab3051cab1f592dde0.txt
run-20260901T031236.570959Z,2026-09-01T06:53:17.446082+00:00,gemma_4,zero_shot,encounter,transitionEncounterStatus,FN_transitionEncounterStatus_END,src/encounter/encounter.service.ts,109,197,04a941d1,jest,1,jest,runtime_error,should throw BadRequestException if transfer ward is the same as the current ward: TypeError: service.transitionEncounterStatus is not a function,615ada9272a81140f9a5a423a82c2d6d1a70a6a70f42e8ab3051cab1f592dde0,,C:\Users\cdbaz\OneDrive\Documentos\Projetos\usp\tcc\health-microservice-corpus\experiments\logs\errors\run-20260901T031236.570959Z\615ada9272a81140f9a5a423a82c2d6d1a70a6a70f42e8ab3051cab1f592dde0.txt
run-20260901T031236.570959Z,2026-09-01T06:53:17.446082+00:00,gemma_4,zero_shot,encounter,transitionEncounterStatus,FN_transitionEncounterStatus_END,src/encounter/encounter.service.ts,109,197,04a941d1,jest,1,jest,runtime_error,should throw BadRequestException if transferDate is missing: TypeError: service.transitionEncounterStatus is not a function,615ada9272a81140f9a5a423a82c2d6d1a70a6a70f42e8ab3051cab1f592dde0,,C:\Users\cdbaz\OneDrive\Documentos\Projetos\usp\tcc\health-microservice-corpus\experiments\logs\errors\run-20260901T031236.570959Z\615ada9272a81140f9a5a423a82c2d6d1a70a6a70f42e8ab3051cab1f592dde0.txt
run-20260901T031236.570959Z,2026-09-01T06:53:17.462196+00:00,gemma_4,zero_shot,encounter,transitionEncounterStatus,FN_transitionEncounterStatus_END,src/encounter/encounter.service.ts,109,197,04a941d1,jest,1,jest,runtime_error,should throw BadRequestException if transferDate is before admitDate: TypeError: service.transitionEncounterStatus is not a function,615ada9272a81140f9a5a423a82c2d6d1a70a6a70f42e8ab3051cab1f592dde0,,C:\Users\cdbaz\OneDrive\Documentos\Projetos\usp\tcc\health-microservice-corpus\experiments\logs\errors\run-20260901T031236.570959Z\615ada9272a81140f9a5a423a82c2d6d1a70a6a70f42e8ab3051cab1f592dde0.txt
run-20260901T031236.570959Z,2026-09-01T06:53:17.463923+00:00,gemma_4,zero_shot,encounter,transitionEncounterStatus,FN_transitionEncounterStatus_END,src/encounter/encounter.service.ts,109,197,04a941d1,jest,1,jest,runtime_error,should successfully transition status to DISCHARGED with required dischargeDate: TypeError: service.transitionEncounterStatus is not a function,615ada9272a81140f9a5a423a82c2d6d1a70a6a70f42e8ab3051cab1f592dde0,,C:\Users\cdbaz\OneDrive\Documentos\Projetos\usp\tcc\health-microservice-corpus\experiments\logs\errors\run-20260901T031236.570959Z\615ada9272a81140f9a5a423a82c2d6d1a70a6a70f42e8ab3051cab1f592dde0.txt
run-20260901T031236.570959Z,2026-09-01T06:53:17.464976+00:00,gemma_4,zero_shot,encounter,transitionEncounterStatus,FN_transitionEncounterStatus_END,src/encounter/encounter.service.ts,109,197,04a941d1,jest,1,jest,runtime_error,should throw BadRequestException if dischargeDate is missing: TypeError: service.transitionEncounterStatus is not a function,615ada9272a81140f9a5a423a82c2d6d1a70a6a70f42e8ab3051cab1f592dde0,,C:\Users\cdbaz\OneDrive\Documentos\Projetos\usp\tcc\health-microservice-corpus\experiments\logs\errors\run-20260901T031236.570959Z\615ada9272a81140f9a5a423a82c2d6d1a70a6a70f42e8ab3051cab1f592dde0.txt
run-20260901T031236.570959Z,2026-09-01T06:53:17.466303+00:00,gemma_4,zero_shot,encounter,transitionEncounterStatus,FN_transitionEncounterStatus_END,src/encounter/encounter.service.ts,109,197,04a941d1,jest,1,jest,runtime_error,should throw BadRequestException if dischargeDate is before transferDate: TypeError: service.transitionEncounterStatus is not a function,615ada9272a81140f9a5a423a82c2d6d1a70a6a70f42e8ab3051cab1f592dde0,,C:\Users\cdbaz\OneDrive\Documentos\Projetos\usp\tcc\health-microservice-corpus\experiments\logs\errors\run-20260901T031236.570959Z\615ada9272a81140f9a5a423a82c2d6d1a70a6a70f42e8ab3051cab1f592dde0.txt
run-20260901T031236.570959Z,2026-09-01T06:53:17.467059+00:00,gemma_4,zero_shot,encounter,transitionEncounterStatus,FN_transitionEncounterStatus_END,src/encounter/encounter.service.ts,109,197,04a941d1,jest,1,jest,runtime_error,should throw BadRequestException if ADT A08 encounters attempt a status transition: TypeError: service.transitionEncounterStatus is not a function,615ada9272a81140f9a5a423a82c2d6d1a70a6a70f42e8ab3051cab1f592dde0,,C:\Users\cdbaz\OneDrive\Documentos\Projetos\usp\tcc\health-microservice-corpus\experiments\logs\errors\run-20260901T031236.570959Z\615ada9272a81140f9a5a423a82c2d6d1a70a6a70f42e8ab3051cab1f592dde0.txt
run-20260901T031236.570959Z,2026-09-01T07:07:29.284467+00:00,gemma_4,zero_shot,encounter,transitionEncounterStatus,FN_transitionEncounterStatus_END,src/encounter/encounter.service.ts,109,197,04a941d1,jest,2,jest,assertion_failure,"should successfully transition the encounter status when the transition is valid: Error: expect(jest.fn()).toHaveBeenCalledWith(...expected)

Expected: ""encounter-123""

Number of calls: 0",9f690eb608aba831e37df377de13ee4d3082f9cecbb46b51375bee55f8e94115,,C:\Users\cdbaz\OneDrive\Documentos\Projetos\usp\tcc\health-microservice-corpus\experiments\logs\errors\run-20260901T031236.570959Z\9f690eb608aba831e37df377de13ee4d3082f9cecbb46b51375bee55f8e94115.txt
run-20260901T031236.570959Z,2026-09-01T07:07:29.284467+00:00,gemma_4,zero_shot,encounter,transitionEncounterStatus,FN_transitionEncounterStatus_END,src/encounter/encounter.service.ts,109,197,04a941d1,jest,2,jest,runtime_error,should throw BadRequestException if the status transition is invalid: TypeError: service.transitionEncounterStatus is not a function,9f690eb608aba831e37df377de13ee4d3082f9cecbb46b51375bee55f8e94115,,C:\Users\cdbaz\OneDrive\Documentos\Projetos\usp\tcc\health-microservice-corpus\experiments\logs\errors\run-20260901T031236.570959Z\9f690eb608aba831e37df377de13ee4d3082f9cecbb46b51375bee55f8e94115.txt
run-20260901T031236.570959Z,2026-09-01T07:07:29.284467+00:00,gemma_4,zero_shot,encounter,transitionEncounterStatus,FN_transitionEncounterStatus_END,src/encounter/encounter.service.ts,109,197,04a941d1,jest,2,jest,runtime_error,should throw BadRequestException if discharging an encounter with pending orders: TypeError: Cannot read properties of undefined (reading 'mockRejectedValue'),9f690eb608aba831e37df377de13ee4d3082f9cecbb46b51375bee55f8e94115,,C:\Users\cdbaz\OneDrive\Documentos\Projetos\usp\tcc\health-microservice-corpus\experiments\logs\errors\run-20260901T031236.570959Z\9f690eb608aba831e37df377de13ee4d3082f9cecbb46b51375bee55f8e94115.txt
run-20260901T031236.570959Z,2026-09-01T07:07:29.284467+00:00,gemma_4,zero_shot,encounter,transitionEncounterStatus,FN_transitionEncounterStatus_END,src/encounter/encounter.service.ts,109,197,04a941d1,jest,2,jest,runtime_error,should throw BadRequestException if transferDate is before admitDate: TypeError: Cannot read properties of undefined (reading 'mockRejectedValue'),9f690eb608aba831e37df377de13ee4d3082f9cecbb46b51375bee55f8e94115,,C:\Users\cdbaz\OneDrive\Documentos\Projetos\usp\tcc\health-microservice-corpus\experiments\logs\errors\run-20260901T031236.570959Z\9f690eb608aba831e37df377de13ee4d3082f9cecbb46b51375bee55f8e94115.txt
run-20260901T031236.570959Z,2026-09-01T07:13:16.307590+00:00,gemma_4,zero_shot,encounter,transitionEncounterStatus,FN_transitionEncounterStatus_END,src/encounter/encounter.service.ts,109,197,04a941d1,jest,3,jest,unknown,should successfully transition the encounter status when the transition is valid: Error: Property `getEncounterById` does not exist in the provided object,0573cf6e0281394dd63bfaa8c0b8628f9117196aa0be416731ddada39f0a651d,,C:\Users\cdbaz\OneDrive\Documentos\Projetos\usp\tcc\health-microservice-corpus\experiments\logs\errors\run-20260901T031236.570959Z\0573cf6e0281394dd63bfaa8c0b8628f9117196aa0be416731ddada39f0a651d.txt
run-20260901T031236.570959Z,2026-09-01T07:14:20.895049+00:00,gemma_4,zero_shot,encounter,transitionEncounterStatus,FN_transitionEncounterStatus_END,src/encounter/encounter.service.ts,109,197,04a941d1,repair,3,repair,repair_failed,1 repair attempt(s) did not produce a valid fix,a19dd2f169fea0f558514ac3dac1b23af029a1260819d762429f620cb291dccb,,
run-20260901T031236.570959Z,2026-09-01T07:15:53.619924+00:00,gemma_4,zero_shot,encounter,processAdtMessage,FN_processAdtMessage_END,src/encounter/encounter.service.ts,199,317,04a941d1,jest,1,jest,unknown,should handle ADT type A01 by creating a new patient and an encounter: BadRequestException: Ward is required for ADT A01 (admission),f398f5e846b6f7b5f516768bb0e52f951682761512f120455c3bca4e9e4f144c,,C:\Users\cdbaz\OneDrive\Documentos\Projetos\usp\tcc\health-microservice-corpus\experiments\logs\errors\run-20260901T031236.570959Z\f398f5e846b6f7b5f516768bb0e52f951682761512f120455c3bca4e9e4f144c.txt
run-20260901T031236.570959Z,2026-09-01T07:15:53.619924+00:00,gemma_4,zero_shot,encounter,processAdtMessage,FN_processAdtMessage_END,src/encounter/encounter.service.ts,199,317,04a941d1,jest,1,jest,unknown,"should handle ADT type A02 by transferring an existing encounter: Error: expect(received).toHaveProperty(path, value)

Expected path: ""encounter""

- Expected value  - 2
+ Received value  + 2

  Object {
    ""id"": ""encounter-1"",
    ""status"": ""TRANSFERRED"",
-   ""transferDate"": ""2023-01-02"",
-   ""ward"": ""SURGERY"",
+   ""transferDate"": ""2023-01-01"",
+   ""ward"": ""INPATIENT"",
  }",f398f5e846b6f7b5f516768bb0e52f951682761512f120455c3bca4e9e4f144c,,C:\Users\cdbaz\OneDrive\Documentos\Projetos\usp\tcc\health-microservice-corpus\experiments\logs\errors\run-20260901T031236.570959Z\f398f5e846b6f7b5f516768bb0e52f951682761512f120455c3bca4e9e4f144c.txt
run-20260901T031236.570959Z,2026-09-01T07:15:53.619924+00:00,gemma_4,zero_shot,encounter,processAdtMessage,FN_processAdtMessage_END,src/encounter/encounter.service.ts,199,317,04a941d1,jest,1,jest,unknown,"should throw NotFoundException if no active encounter is found for ADT type A02: Error: expect(received).not.toHaveBeenCalled()

Matcher error: received value must be a mock or spy function

Received has type:  function
Received has value: [Function transitionEncounterStatus]",f398f5e846b6f7b5f516768bb0e52f951682761512f120455c3bca4e9e4f144c,,C:\Users\cdbaz\OneDrive\Documentos\Projetos\usp\tcc\health-microservice-corpus\experiments\logs\errors\run-20260901T031236.570959Z\f398f5e846b6f7b5f516768bb0e52f951682761512f120455c3bca4e9e4f144c.txt
run-20260901T031236.570959Z,2026-09-01T07:18:25.938204+00:00,gemma_4,zero_shot,encounter,processAdtMessage,FN_processAdtMessage_END,src/encounter/encounter.service.ts,199,317,04a941d1,repair,1,repair,repair_failed,3 repair attempt(s) did not produce a valid fix,d8ba1fa0ec9695177e6e597b73a69a2b8a644506f6047ca08f9b9bc3027218a7,,
run-20260901T031236.570959Z,2026-09-01T07:19:33.161429+00:00,gemma_4,zero_shot,encounter,updateEncounter,FN_updateEncounter_END,src/encounter/encounter.service.ts,319,363,04a941d1,jest,1,jest,unknown,"should throw BadRequestException if the encounter is discharged: Error: Nest can't resolve dependencies of the EncounterService (EncounterRepository, ?). Please make sure that the argument PatientService at index [1] is available in the RootTestModule module.

Potential solutions:
- Is RootTestModule a valid NestJS module?
- If PatientService is a provider, is it part of the current RootTestModule?
- If PatientService is exported from a separate @Module, is that module imported within RootTestMo",2f94207ccff0f814975b6522a696c58bb87e3d60fdfcad3386ad1d1088edb7e0,,C:\Users\cdbaz\OneDrive\Documentos\Projetos\usp\tcc\health-microservice-corpus\experiments\logs\errors\run-20260901T031236.570959Z\2f94207ccff0f814975b6522a696c58bb87e3d60fdfcad3386ad1d1088edb7e0.txt
run-20260901T031236.570959Z,2026-09-01T07:19:33.161429+00:00,gemma_4,zero_shot,encounter,updateEncounter,FN_updateEncounter_END,src/encounter/encounter.service.ts,319,363,04a941d1,jest,1,jest,unknown,"should update admitDate if provided and valid: Error: Nest can't resolve dependencies of the EncounterService (EncounterRepository, ?). Please make sure that the argument PatientService at index [1] is available in the RootTestModule module.

Potential solutions:
- Is RootTestModule a valid NestJS module?
- If PatientService is a provider, is it part of the current RootTestModule?
- If PatientService is exported from a separate @Module, is that module imported within RootTestModule?
  @Module({
",2f94207ccff0f814975b6522a696c58bb87e3d60fdfcad3386ad1d1088edb7e0,,C:\Users\cdbaz\OneDrive\Documentos\Projetos\usp\tcc\health-microservice-corpus\experiments\logs\errors\run-20260901T031236.570959Z\2f94207ccff0f814975b6522a696c58bb87e3d60fdfcad3386ad1d1088edb7e0.txt
run-20260901T031236.570959Z,2026-09-01T07:19:33.161429+00:00,gemma_4,zero_shot,encounter,updateEncounter,FN_updateEncounter_END,src/encounter/encounter.service.ts,319,363,04a941d1,jest,1,jest,unknown,"should throw BadRequestException if admitDate is provided but encounter is not ADMITTED: Error: Nest can't resolve dependencies of the EncounterService (EncounterRepository, ?). Please make sure that the argument PatientService at index [1] is available in the RootTestModule module.

Potential solutions:
- Is RootTestModule a valid NestJS module?
- If PatientService is a provider, is it part of the current RootTestModule?
- If PatientService is exported from a separate @Module, is that module im",2f94207ccff0f814975b6522a696c58bb87e3d60fdfcad3386ad1d1088edb7e0,,C:\Users\cdbaz\OneDrive\Documentos\Projetos\usp\tcc\health-microservice-corpus\experiments\logs\errors\run-20260901T031236.570959Z\2f94207ccff0f814975b6522a696c58bb87e3d60fdfcad3386ad1d1088edb7e0.txt
run-20260901T031236.570959Z,2026-09-01T07:19:33.161429+00:00,gemma_4,zero_shot,encounter,updateEncounter,FN_updateEncounter_END,src/encounter/encounter.service.ts,319,363,04a941d1,jest,1,jest,unknown,"should throw BadRequestException if admitDate is a future date: Error: Nest can't resolve dependencies of the EncounterService (EncounterRepository, ?). Please make sure that the argument PatientService at index [1] is available in the RootTestModule module.

Potential solutions:
- Is RootTestModule a valid NestJS module?
- If PatientService is a provider, is it part of the current RootTestModule?
- If PatientService is exported from a separate @Module, is that module imported within RootTestMod",2f94207ccff0f814975b6522a696c58bb87e3d60fdfcad3386ad1d1088edb7e0,,C:\Users\cdbaz\OneDrive\Documentos\Projetos\usp\tcc\health-microservice-corpus\experiments\logs\errors\run-20260901T031236.570959Z\2f94207ccff0f814975b6522a696c58bb87e3d60fdfcad3386ad1d1088edb7e0.txt
run-20260901T031236.570959Z,2026-09-01T07:19:33.169300+00:00,gemma_4,zero_shot,encounter,updateEncounter,FN_updateEncounter_END,src/encounter/encounter.service.ts,319,363,04a941d1,jest,1,jest,unknown,"should throw BadRequestException if admitDate is not before transferDate: Error: Nest can't resolve dependencies of the EncounterService (EncounterRepository, ?). Please make sure that the argument PatientService at index [1] is available in the RootTestModule module.

Potential solutions:
- Is RootTestModule a valid NestJS module?
- If PatientService is a provider, is it part of the current RootTestModule?
- If PatientService is exported from a separate @Module, is that module imported within R",2f94207ccff0f814975b6522a696c58bb87e3d60fdfcad3386ad1d1088edb7e0,,C:\Users\cdbaz\OneDrive\Documentos\Projetos\usp\tcc\health-microservice-corpus\experiments\logs\errors\run-20260901T031236.570959Z\2f94207ccff0f814975b6522a696c58bb87e3d60fdfcad3386ad1d1088edb7e0.txt
run-20260901T031236.570959Z,2026-09-01T07:19:33.171307+00:00,gemma_4,zero_shot,encounter,updateEncounter,FN_updateEncounter_END,src/encounter/encounter.service.ts,319,363,04a941d1,jest,1,jest,unknown,"should update ward if provided and different from current ward: Error: Nest can't resolve dependencies of the EncounterService (EncounterRepository, ?). Please make sure that the argument PatientService at index [1] is available in the RootTestModule module.

Potential solutions:
- Is RootTestModule a valid NestJS module?
- If PatientService is a provider, is it part of the current RootTestModule?
- If PatientService is exported from a separate @Module, is that module imported within RootTestMod",2f94207ccff0f814975b6522a696c58bb87e3d60fdfcad3386ad1d1088edb7e0,,C:\Users\cdbaz\OneDrive\Documentos\Projetos\usp\tcc\health-microservice-corpus\experiments\logs\errors\run-20260901T031236.570959Z\2f94207ccff0f814975b6522a696c58bb87e3d60fdfcad3386ad1d1088edb7e0.txt
run-20260901T031236.570959Z,2026-09-01T07:19:33.172980+00:00,gemma_4,zero_shot,encounter,updateEncounter,FN_updateEncounter_END,src/encounter/encounter.service.ts,319,363,04a941d1,jest,1,jest,unknown,"should throw BadRequestException if ward is provided and is the same as current ward: Error: Nest can't resolve dependencies of the EncounterService (EncounterRepository, ?). Please make sure that the argument PatientService at index [1] is available in the RootTestModule module.

Potential solutions:
- Is RootTestModule a valid NestJS module?
- If PatientService is a provider, is it part of the current RootTestModule?
- If PatientService is exported from a separate @Module, is that module impor",2f94207ccff0f814975b6522a696c58bb87e3d60fdfcad3386ad1d1088edb7e0,,C:\Users\cdbaz\OneDrive\Documentos\Projetos\usp\tcc\health-microservice-corpus\experiments\logs\errors\run-20260901T031236.570959Z\2f94207ccff0f814975b6522a696c58bb87e3d60fdfcad3386ad1d1088edb7e0.txt
run-20260901T031236.570959Z,2026-09-01T07:24:32.931626+00:00,gemma_4,zero_shot,encounter,updateEncounter,FN_updateEncounter_END,src/encounter/encounter.service.ts,319,363,04a941d1,jest,2,jest,unknown,"should throw BadRequestException if admitDate is a future date: Error: Nest can't resolve dependencies of the EncounterService (EncounterRepository, ?). Please make sure that the argument PatientService at index [1] is available in the RootTestModule module.

Potential solutions:
- Is RootTestModule a valid NestJS module?
- If PatientService is a provider, is it part of the current RootTestModule?
- If PatientService is exported from a separate @Module, is that module imported within RootTestMod",ef7fa74637bfc48a04a41b9e5317691992f1b8f3f2e9c0310ce22040d7dabeb2,,C:\Users\cdbaz\OneDrive\Documentos\Projetos\usp\tcc\health-microservice-corpus\experiments\logs\errors\run-20260901T031236.570959Z\ef7fa74637bfc48a04a41b9e5317691992f1b8f3f2e9c0310ce22040d7dabeb2.txt
run-20260901T031236.570959Z,2026-09-01T07:24:32.936069+00:00,gemma_4,zero_shot,encounter,updateEncounter,FN_updateEncounter_END,src/encounter/encounter.service.ts,319,363,04a941d1,jest,2,jest,unknown,"should throw BadRequestException if admitDate is not before transferDate: Error: Nest can't resolve dependencies of the EncounterService (EncounterRepository, ?). Please make sure that the argument PatientService at index [1] is available in the RootTestModule module.

Potential solutions:
- Is RootTestModule a valid NestJS module?
- If PatientService is a provider, is it part of the current RootTestModule?
- If PatientService is exported from a separate @Module, is that module imported within R",ef7fa74637bfc48a04a41b9e5317691992f1b8f3f2e9c0310ce22040d7dabeb2,,C:\Users\cdbaz\OneDrive\Documentos\Projetos\usp\tcc\health-microservice-corpus\experiments\logs\errors\run-20260901T031236.570959Z\ef7fa74637bfc48a04a41b9e5317691992f1b8f3f2e9c0310ce22040d7dabeb2.txt
run-20260901T031236.570959Z,2026-09-01T07:24:32.938076+00:00,gemma_4,zero_shot,encounter,updateEncounter,FN_updateEncounter_END,src/encounter/encounter.service.ts,319,363,04a941d1,jest,2,jest,unknown,"should update ward if provided and different from current ward: Error: Nest can't resolve dependencies of the EncounterService (EncounterRepository, ?). Please make sure that the argument PatientService at index [1] is available in the RootTestModule module.

Potential solutions:
- Is RootTestModule a valid NestJS module?
- If PatientService is a provider, is it part of the current RootTestModule?
- If PatientService is exported from a separate @Module, is that module imported within RootTestMod",ef7fa74637bfc48a04a41b9e5317691992f1b8f3f2e9c0310ce22040d7dabeb2,,C:\Users\cdbaz\OneDrive\Documentos\Projetos\usp\tcc\health-microservice-corpus\experiments\logs\errors\run-20260901T031236.570959Z\ef7fa74637bfc48a04a41b9e5317691992f1b8f3f2e9c0310ce22040d7dabeb2.txt
run-20260901T031236.570959Z,2026-09-01T07:27:48.215438+00:00,gemma_4,zero_shot,encounter,buildEncounterSummary,FN_buildEncounterSummary_END,src/encounter/encounter.service.ts,365,439,04a941d1,generation,,generation,invalid_output,invalid_block: forbidden pattern or unclosed scopes,c314a144fd59488c659ae2e97b6e4ef7248016338fdecb8cbe1febe12fa5729b,,C:\Users\cdbaz\OneDrive\Documentos\Projetos\usp\tcc\health-microservice-corpus\experiments\logs\errors\run-20260901T031236.570959Z\c314a144fd59488c659ae2e97b6e4ef7248016338fdecb8cbe1febe12fa5729b.txt
run-20260901T031236.570959Z,2026-09-01T07:28:12.687620+00:00,gemma_4,zero_shot,order,getOrderById,FN_getOrderById_END,src/order/order.service.ts,26,32,556cd6ea,jest,1,jest,runtime_error,should return the order if found: TypeError: this.getOrderById is not a function,3fac426fa215679624cff39b144f00a027597189268a95e2569fca10d6cd08e4,,C:\Users\cdbaz\OneDrive\Documentos\Projetos\usp\tcc\health-microservice-corpus\experiments\logs\errors\run-20260901T031236.570959Z\3fac426fa215679624cff39b144f00a027597189268a95e2569fca10d6cd08e4.txt
run-20260901T031236.570959Z,2026-09-01T07:28:12.687620+00:00,gemma_4,zero_shot,order,getOrderById,FN_getOrderById_END,src/order/order.service.ts,26,32,556cd6ea,jest,1,jest,runtime_error,should throw NotFoundException if the order is not found: TypeError: this.getOrderById is not a function,3fac426fa215679624cff39b144f00a027597189268a95e2569fca10d6cd08e4,,C:\Users\cdbaz\OneDrive\Documentos\Projetos\usp\tcc\health-microservice-corpus\experiments\logs\errors\run-20260901T031236.570959Z\3fac426fa215679624cff39b144f00a027597189268a95e2569fca10d6cd08e4.txt
run-20260901T031236.570959Z,2026-09-01T07:32:13.593182+00:00,gemma_4,zero_shot,order,getOrderById,FN_getOrderById_END,src/order/order.service.ts,26,32,556cd6ea,repair,1,repair,repair_failed,2 repair attempt(s) did not produce a valid fix,2b4174000bb2ce09b371befe017029260089b679a199f81a21ab39398057e434,,
run-20260901T031236.570959Z,2026-09-01T07:33:03.856184+00:00,gemma_4,zero_shot,order,createOrder,FN_createOrder_END,src/order/order.service.ts,34,70,556cd6ea,jest,1,jest,unknown,should be able to create an order successfully: BadRequestException: Order date cannot be before admission date,bc99277e2a06b5c2707860cc5adde8d97acd2fb5c7f8c76e986bd900bd8d04ef,,C:\Users\cdbaz\OneDrive\Documentos\Projetos\usp\tcc\health-microservice-corpus\experiments\logs\errors\run-20260901T031236.570959Z\bc99277e2a06b5c2707860cc5adde8d97acd2fb5c7f8c76e986bd900bd8d04ef.txt
run-20260901T031236.570959Z,2026-09-01T07:33:03.856184+00:00,gemma_4,zero_shot,order,createOrder,FN_createOrder_END,src/order/order.service.ts,34,70,556cd6ea,jest,1,jest,unknown,"should throw BadRequestException if requestedAt is before admitDate: Error: expect(received).rejects.toThrow()

Received promise resolved instead of rejected
Resolved to value: undefined",bc99277e2a06b5c2707860cc5adde8d97acd2fb5c7f8c76e986bd900bd8d04ef,,C:\Users\cdbaz\OneDrive\Documentos\Projetos\usp\tcc\health-microservice-corpus\experiments\logs\errors\run-20260901T031236.570959Z\bc99277e2a06b5c2707860cc5adde8d97acd2fb5c7f8c76e986bd900bd8d04ef.txt
run-20260901T031236.570959Z,2026-09-01T07:33:03.856184+00:00,gemma_4,zero_shot,order,createOrder,FN_createOrder_END,src/order/order.service.ts,34,70,556cd6ea,jest,1,jest,assertion_failure,"should throw ConflictException if a pending order already exists: Error: expect(received).rejects.toThrow(expected)

Expected constructor: ConflictException
Received constructor: BadRequestException

Received message: ""Order date cannot be before admission date""

    [0m [90m 44 |[39m
     [90m 45 |[39m     [36mif[39m ([36mnew[39m [33mDate[39m(dto[33m.[39mrequestedAt) [33m<[39m [36mnew[39m [33mDate[39m(encounter[33m.[39madmitDate)) {
    [31m[1m>[22m[39m[90m 46 |[39m  ",bc99277e2a06b5c2707860cc5adde8d97acd2fb5c7f8c76e986bd900bd8d04ef,,C:\Users\cdbaz\OneDrive\Documentos\Projetos\usp\tcc\health-microservice-corpus\experiments\logs\errors\run-20260901T031236.570959Z\bc99277e2a06b5c2707860cc5adde8d97acd2fb5c7f8c76e986bd900bd8d04ef.txt
run-20260901T031236.570959Z,2026-09-01T07:36:57.940436+00:00,gemma_4,zero_shot,order,validateOrderResult,FN_validateOrderResult_END,src/order/order.service.ts,80,158,556cd6ea,jest,1,jest,runtime_error,"should throw BadRequestException if trying to register a CORRECTED result when order is not COMPLETED: Error: expect(received).rejects.toThrow(expected)

Expected constructor: BadRequestException
Received constructor: TypeError

Received message: ""Cannot read properties of undefined (reading 'status')""

    [0m [90m 94 |[39m     )[33m;[39m
     [90m 95 |[39m
    [31m[1m>[22m[39m[90m 96 |[39m     [36mif[39m (encounter[33m.[39mstatus [33m===[39m [33mEncounterStatus[39m[33m.[",f2fd256eb596d10e0130c7eed0e71a41725b285c3697f15a3bc178473b2f1539,,C:\Users\cdbaz\OneDrive\Documentos\Projetos\usp\tcc\health-microservice-corpus\experiments\logs\errors\run-20260901T031236.570959Z\f2fd256eb596d10e0130c7eed0e71a41725b285c3697f15a3bc178473b2f1539.txt
run-20260901T031236.570959Z,2026-09-01T07:36:57.940436+00:00,gemma_4,zero_shot,order,validateOrderResult,FN_validateOrderResult_END,src/order/order.service.ts,80,158,556cd6ea,jest,1,jest,runtime_error,"should throw BadRequestException if order is already COMPLETED and trying to add another result: Error: expect(received).rejects.toThrow(expected)

Expected constructor: BadRequestException
Received constructor: TypeError

Received message: ""Cannot read properties of undefined (reading 'status')""

    [0m [90m 94 |[39m     )[33m;[39m
     [90m 95 |[39m
    [31m[1m>[22m[39m[90m 96 |[39m     [36mif[39m (encounter[33m.[39mstatus [33m===[39m [33mEncounterStatus[39m[33m.[39m[3",f2fd256eb596d10e0130c7eed0e71a41725b285c3697f15a3bc178473b2f1539,,C:\Users\cdbaz\OneDrive\Documentos\Projetos\usp\tcc\health-microservice-corpus\experiments\logs\errors\run-20260901T031236.570959Z\f2fd256eb596d10e0130c7eed0e71a41725b285c3697f15a3bc178473b2f1539.txt
run-20260901T031236.570959Z,2026-09-01T07:36:57.954267+00:00,gemma_4,zero_shot,order,validateOrderResult,FN_validateOrderResult_END,src/order/order.service.ts,80,158,556cd6ea,jest,1,jest,runtime_error,"should throw BadRequestException if order already has a final result: Error: expect(received).rejects.toThrow(expected)

Expected constructor: BadRequestException
Received constructor: TypeError

Received message: ""Cannot read properties of undefined (reading 'status')""

    [0m [90m 94 |[39m     )[33m;[39m
     [90m 95 |[39m
    [31m[1m>[22m[39m[90m 96 |[39m     [36mif[39m (encounter[33m.[39mstatus [33m===[39m [33mEncounterStatus[39m[33m.[39m[33mDISCHARGED[39m) {
     ",f2fd256eb596d10e0130c7eed0e71a41725b285c3697f15a3bc178473b2f1539,,C:\Users\cdbaz\OneDrive\Documentos\Projetos\usp\tcc\health-microservice-corpus\experiments\logs\errors\run-20260901T031236.570959Z\f2fd256eb596d10e0130c7eed0e71a41725b285c3697f15a3bc178473b2f1539.txt
run-20260901T031236.570959Z,2026-09-01T07:36:57.954267+00:00,gemma_4,zero_shot,order,validateOrderResult,FN_validateOrderResult_END,src/order/order.service.ts,80,158,556cd6ea,jest,1,jest,runtime_error,"should throw BadRequestException if order is PENDING and trying to register a FINAL result: Error: expect(received).rejects.toThrow(expected)

Expected constructor: BadRequestException
Received constructor: TypeError

Received message: ""Cannot read properties of undefined (reading 'status')""

    [0m [90m 94 |[39m     )[33m;[39m
     [90m 95 |[39m
    [31m[1m>[22m[39m[90m 96 |[39m     [36mif[39m (encounter[33m.[39mstatus [33m===[39m [33mEncounterStatus[39m[33m.[39m[33mDIS",f2fd256eb596d10e0130c7eed0e71a41725b285c3697f15a3bc178473b2f1539,,C:\Users\cdbaz\OneDrive\Documentos\Projetos\usp\tcc\health-microservice-corpus\experiments\logs\errors\run-20260901T031236.570959Z\f2fd256eb596d10e0130c7eed0e71a41725b285c3697f15a3bc178473b2f1539.txt
run-20260901T031236.570959Z,2026-09-01T07:36:57.954267+00:00,gemma_4,zero_shot,order,validateOrderResult,FN_validateOrderResult_END,src/order/order.service.ts,80,158,556cd6ea,jest,1,jest,runtime_error,should transition PENDING order to IN_PROGRESS when registering a FINAL result: TypeError: Cannot read properties of undefined (reading 'status'),f2fd256eb596d10e0130c7eed0e71a41725b285c3697f15a3bc178473b2f1539,,C:\Users\cdbaz\OneDrive\Documentos\Projetos\usp\tcc\health-microservice-corpus\experiments\logs\errors\run-20260901T031236.570959Z\f2fd256eb596d10e0130c7eed0e71a41725b285c3697f15a3bc178473b2f1539.txt
run-20260901T031236.570959Z,2026-09-01T07:36:57.954267+00:00,gemma_4,zero_shot,order,validateOrderResult,FN_validateOrderResult_END,src/order/order.service.ts,80,158,556cd6ea,jest,1,jest,runtime_error,should transition IN_PROGRESS order to COMPLETED when registering a FINAL result: TypeError: Cannot read properties of undefined (reading 'status'),f2fd256eb596d10e0130c7eed0e71a41725b285c3697f15a3bc178473b2f1539,,C:\Users\cdbaz\OneDrive\Documentos\Projetos\usp\tcc\health-microservice-corpus\experiments\logs\errors\run-20260901T031236.570959Z\f2fd256eb596d10e0130c7eed0e71a41725b285c3697f15a3bc178473b2f1539.txt
run-20260901T031236.570959Z,2026-09-01T07:36:57.954267+00:00,gemma_4,zero_shot,order,validateOrderResult,FN_validateOrderResult_END,src/order/order.service.ts,80,158,556cd6ea,jest,1,jest,runtime_error,"should return the order unmodified if no status transition is required (e.g., result is PRELIMINARY): TypeError: Cannot read properties of undefined (reading 'status')",f2fd256eb596d10e0130c7eed0e71a41725b285c3697f15a3bc178473b2f1539,,C:\Users\cdbaz\OneDrive\Documentos\Projetos\usp\tcc\health-microservice-corpus\experiments\logs\errors\run-20260901T031236.570959Z\f2fd256eb596d10e0130c7eed0e71a41725b285c3697f15a3bc178473b2f1539.txt
run-20260901T031236.570959Z,2026-09-01T07:44:58.651995+00:00,gemma_4,zero_shot,order,updateOrder,FN_updateOrder_END,src/order/order.service.ts,170,203,556cd6ea,jest,1,jest,runtime_error,should throw BadRequestException if the order status is CANCELLED: TypeError: service.updateOrder is not a function,821dcc648589441fd2a1f45350e7aba8eb8331e2e7b560fc2457eb6dbe9da236,,C:\Users\cdbaz\OneDrive\Documentos\Projetos\usp\tcc\health-microservice-corpus\experiments\logs\errors\run-20260901T031236.570959Z\821dcc648589441fd2a1f45350e7aba8eb8331e2e7b560fc2457eb6dbe9da236.txt
run-20260901T031236.570959Z,2026-09-01T07:44:58.651995+00:00,gemma_4,zero_shot,order,updateOrder,FN_updateOrder_END,src/order/order.service.ts,170,203,556cd6ea,jest,1,jest,runtime_error,should throw BadRequestException if the order status is COMPLETED: TypeError: service.updateOrder is not a function,821dcc648589441fd2a1f45350e7aba8eb8331e2e7b560fc2457eb6dbe9da236,,C:\Users\cdbaz\OneDrive\Documentos\Projetos\usp\tcc\health-microservice-corpus\experiments\logs\errors\run-20260901T031236.570959Z\821dcc648589441fd2a1f45350e7aba8eb8331e2e7b560fc2457eb6dbe9da236.txt
run-20260901T031236.570959Z,2026-09-01T07:44:58.651995+00:00,gemma_4,zero_shot,order,updateOrder,FN_updateOrder_END,src/order/order.service.ts,170,203,556cd6ea,jest,1,jest,runtime_error,should throw BadRequestException if the order is IN_PROGRESS and requestedBy is provided: TypeError: service.updateOrder is not a function,821dcc648589441fd2a1f45350e7aba8eb8331e2e7b560fc2457eb6dbe9da236,,C:\Users\cdbaz\OneDrive\Documentos\Projetos\usp\tcc\health-microservice-corpus\experiments\logs\errors\run-20260901T031236.570959Z\821dcc648589441fd2a1f45350e7aba8eb8331e2e7b560fc2457eb6dbe9da236.txt
run-20260901T031236.570959Z,2026-09-01T07:44:58.651995+00:00,gemma_4,zero_shot,order,updateOrder,FN_updateOrder_END,src/order/order.service.ts,170,203,556cd6ea,jest,1,jest,runtime_error,should successfully update notes when order status is PENDING: TypeError: service.updateOrder is not a function,821dcc648589441fd2a1f45350e7aba8eb8331e2e7b560fc2457eb6dbe9da236,,C:\Users\cdbaz\OneDrive\Documentos\Projetos\usp\tcc\health-microservice-corpus\experiments\logs\errors\run-20260901T031236.570959Z\821dcc648589441fd2a1f45350e7aba8eb8331e2e7b560fc2457eb6dbe9da236.txt
run-20260901T031236.570959Z,2026-09-01T07:44:58.651995+00:00,gemma_4,zero_shot,order,updateOrder,FN_updateOrder_END,src/order/order.service.ts,170,203,556cd6ea,jest,1,jest,runtime_error,should successfully update requestedBy when order status is PENDING: TypeError: service.updateOrder is not a function,821dcc648589441fd2a1f45350e7aba8eb8331e2e7b560fc2457eb6dbe9da236,,C:\Users\cdbaz\OneDrive\Documentos\Projetos\usp\tcc\health-microservice-corpus\experiments\logs\errors\run-20260901T031236.570959Z\821dcc648589441fd2a1f45350e7aba8eb8331e2e7b560fc2457eb6dbe9da236.txt
run-20260901T031236.570959Z,2026-09-01T07:44:58.651995+00:00,gemma_4,zero_shot,order,updateOrder,FN_updateOrder_END,src/order/order.service.ts,170,203,556cd6ea,jest,1,jest,runtime_error,should successfully update both requestedBy and notes when order status is PENDING: TypeError: service.updateOrder is not a function,821dcc648589441fd2a1f45350e7aba8eb8331e2e7b560fc2457eb6dbe9da236,,C:\Users\cdbaz\OneDrive\Documentos\Projetos\usp\tcc\health-microservice-corpus\experiments\logs\errors\run-20260901T031236.570959Z\821dcc648589441fd2a1f45350e7aba8eb8331e2e7b560fc2457eb6dbe9da236.txt
run-20260901T031236.570959Z,2026-09-01T07:51:01.391708+00:00,gemma_4,zero_shot,order,updateOrder,FN_updateOrder_END,src/order/order.service.ts,170,203,556cd6ea,jest,2,jest,runtime_error,should throw BadRequestException if the order is IN_PROGRESS and requestedBy is provided: TypeError: Cannot read properties of undefined (reading 'mockRejectedValueOnce'),4cef02eeae4f7398267df720cf6938329b98d8c6de52c8a89196d5b3be861c86,,C:\Users\cdbaz\OneDrive\Documentos\Projetos\usp\tcc\health-microservice-corpus\experiments\logs\errors\run-20260901T031236.570959Z\4cef02eeae4f7398267df720cf6938329b98d8c6de52c8a89196d5b3be861c86.txt
run-20260901T031236.570959Z,2026-09-01T07:51:01.391708+00:00,gemma_4,zero_shot,order,updateOrder,FN_updateOrder_END,src/order/order.service.ts,170,203,556cd6ea,jest,2,jest,runtime_error,should successfully update both requestedBy and notes when order status is PENDING: TypeError: Cannot read properties of undefined (reading 'mockResolvedValue'),4cef02eeae4f7398267df720cf6938329b98d8c6de52c8a89196d5b3be861c86,,C:\Users\cdbaz\OneDrive\Documentos\Projetos\usp\tcc\health-microservice-corpus\experiments\logs\errors\run-20260901T031236.570959Z\4cef02eeae4f7398267df720cf6938329b98d8c6de52c8a89196d5b3be861c86.txt
run-20260901T031236.570959Z,2026-09-01T07:52:21.244668+00:00,gemma_4,zero_shot,order,updateOrder,FN_updateOrder_END,src/order/order.service.ts,170,203,556cd6ea,repair,2,repair,repair_failed,2 repair attempt(s) did not produce a valid fix,2b4174000bb2ce09b371befe017029260089b679a199f81a21ab39398057e434,,
run-20260901T031236.570959Z,2026-09-01T07:54:03.247833+00:00,gemma_4,zero_shot,patient,createPatient,FN_createPatient_END,src/patient/patient.service.ts,27,51,0ddb42a2,jest,1,jest,assertion_failure,"should successfully create and save a new patient when no conflicts exist: Error: expect(jest.fn()).toHaveBeenCalledWith(...expected)

- Expected
+ Received

  Object {
-   ""birthDate"": ""1995-05-15"",
+   ""birthDate"": 1995-05-15T00:00:00.000Z,
    ""cpf"": ""9876543210"",
    ""email"": ""new@example.com"",
    ""name"": ""New Patient"",
    ""sex"": ""F"",
  },

Number of calls: 1",f1096455df61f275f161b7d6d70c758d4ed5a4fcd466203b897020c42a7c717e,,C:\Users\cdbaz\OneDrive\Documentos\Projetos\usp\tcc\health-microservice-corpus\experiments\logs\errors\run-20260901T031236.570959Z\f1096455df61f275f161b7d6d70c758d4ed5a4fcd466203b897020c42a7c717e.txt
run-20260901T031236.570959Z,2026-09-01T07:55:06.589631+00:00,gemma_4,zero_shot,patient,createPatient,FN_createPatient_END,src/patient/patient.service.ts,27,51,0ddb42a2,repair,1,repair,repair_failed,1 repair attempt(s) did not produce a valid fix,a19dd2f169fea0f558514ac3dac1b23af029a1260819d762429f620cb291dccb,,
run-20260901T031236.570959Z,2026-09-01T07:56:19.460532+00:00,gemma_4,zero_shot,patient,updatePatient,FN_updatePatient_END,src/patient/patient.service.ts,53,75,0ddb42a2,jest,1,jest,runtime_error,should update patient details successfully without email change: TypeError: Cannot read properties of undefined (reading 'mock'),a2461a623a892c6825d5ad0c90e9dd8c02a69484cbe7d68acc0cc4a203c0458a,,C:\Users\cdbaz\OneDrive\Documentos\Projetos\usp\tcc\health-microservice-corpus\experiments\logs\errors\run-20260901T031236.570959Z\a2461a623a892c6825d5ad0c90e9dd8c02a69484cbe7d68acc0cc4a203c0458a.txt
run-20260901T031236.570959Z,2026-09-01T07:56:19.460532+00:00,gemma_4,zero_shot,patient,updatePatient,FN_updatePatient_END,src/patient/patient.service.ts,53,75,0ddb42a2,jest,1,jest,runtime_error,should update patient details including email change successfully: TypeError: Cannot read properties of undefined (reading 'mock'),a2461a623a892c6825d5ad0c90e9dd8c02a69484cbe7d68acc0cc4a203c0458a,,C:\Users\cdbaz\OneDrive\Documentos\Projetos\usp\tcc\health-microservice-corpus\experiments\logs\errors\run-20260901T031236.570959Z\a2461a623a892c6825d5ad0c90e9dd8c02a69484cbe7d68acc0cc4a203c0458a.txt
run-20260901T031236.570959Z,2026-09-01T07:56:19.460532+00:00,gemma_4,zero_shot,patient,updatePatient,FN_updatePatient_END,src/patient/patient.service.ts,53,75,0ddb42a2,jest,1,jest,runtime_error,should throw ConflictException if the new email already exists: TypeError: Cannot read properties of undefined (reading 'mock'),a2461a623a892c6825d5ad0c90e9dd8c02a69484cbe7d68acc0cc4a203c0458a,,C:\Users\cdbaz\OneDrive\Documentos\Projetos\usp\tcc\health-microservice-corpus\experiments\logs\errors\run-20260901T031236.570959Z\a2461a623a892c6825d5ad0c90e9dd8c02a69484cbe7d68acc0cc4a203c0458a.txt
run-20260901T031236.570959Z,2026-09-01T07:56:19.460532+00:00,gemma_4,zero_shot,patient,updatePatient,FN_updatePatient_END,src/patient/patient.service.ts,53,75,0ddb42a2,jest,1,jest,runtime_error,should only update fields present in the DTO: TypeError: Cannot read properties of undefined (reading 'mock'),a2461a623a892c6825d5ad0c90e9dd8c02a69484cbe7d68acc0cc4a203c0458a,,C:\Users\cdbaz\OneDrive\Documentos\Projetos\usp\tcc\health-microservice-corpus\experiments\logs\errors\run-20260901T031236.570959Z\a2461a623a892c6825d5ad0c90e9dd8c02a69484cbe7d68acc0cc4a203c0458a.txt
run-20260901T031236.570959Z,2026-09-01T07:56:19.460532+00:00,gemma_4,zero_shot,patient,updatePatient,FN_updatePatient_END,src/patient/patient.service.ts,53,75,0ddb42a2,jest,1,jest,runtime_error,should correctly handle updates for multiple fields including date and boolean: TypeError: Cannot read properties of undefined (reading 'mock'),a2461a623a892c6825d5ad0c90e9dd8c02a69484cbe7d68acc0cc4a203c0458a,,C:\Users\cdbaz\OneDrive\Documentos\Projetos\usp\tcc\health-microservice-corpus\experiments\logs\errors\run-20260901T031236.570959Z\a2461a623a892c6825d5ad0c90e9dd8c02a69484cbe7d68acc0cc4a203c0458a.txt
run-20260901T031236.570959Z,2026-09-01T08:02:13.114915+00:00,gemma_4,zero_shot,result,createResult,FN_createResult_END,src/result/result.service.ts,26,39,357b6b51,jest,1,jest,runtime_error,"should validate the order result and create, save, and return the result: ReferenceError: createResult is not defined",57de9407f27b2f447d5bbdf2ef89aa8b197261b180ff879d921398ce63103773,,C:\Users\cdbaz\OneDrive\Documentos\Projetos\usp\tcc\health-microservice-corpus\experiments\logs\errors\run-20260901T031236.570959Z\57de9407f27b2f447d5bbdf2ef89aa8b197261b180ff879d921398ce63103773.txt
run-20260901T031236.570959Z,2026-09-01T08:03:42.887088+00:00,gemma_4,zero_shot,result,searchResults,FN_searchResults_END,src/result/result.service.ts,41,43,357b6b51,jest,1,jest,runtime_error,should return the results from the repository search: TypeError: this.searchResults is not a function,19b631eda6252e86a35476a41ecc0cc3948a382771760dc6fbaf66dced168915,,C:\Users\cdbaz\OneDrive\Documentos\Projetos\usp\tcc\health-microservice-corpus\experiments\logs\errors\run-20260901T031236.570959Z\19b631eda6252e86a35476a41ecc0cc3948a382771760dc6fbaf66dced168915.txt
run-20260901T031236.570959Z,2026-09-01T08:04:37.943256+00:00,gemma_4,zero_shot,result,searchResults,FN_searchResults_END,src/result/result.service.ts,41,43,357b6b51,repair,1,repair,repair_failed,1 repair attempt(s) did not produce a valid fix,a19dd2f169fea0f558514ac3dac1b23af029a1260819d762429f620cb291dccb,,
run-20260901T031236.570959Z,2026-09-01T08:06:54.639411+00:00,gemma_4,zero_shot,result,updateResult,FN_updateResult_END,src/result/result.service.ts,126,206,357b6b51,jest,1,jest,runtime_error,should throw BadRequestException if trying to change status of a CORRECTED result: TypeError: resultService.updateResult is not a function,0d16c8f359c6fc38433f5661628fbe6771226924b471bec9389d4732a5d95045,,C:\Users\cdbaz\OneDrive\Documentos\Projetos\usp\tcc\health-microservice-corpus\experiments\logs\errors\run-20260901T031236.570959Z\0d16c8f359c6fc38433f5661628fbe6771226924b471bec9389d4732a5d95045.txt
run-20260901T031236.570959Z,2026-09-01T08:06:54.639411+00:00,gemma_4,zero_shot,result,updateResult,FN_updateResult_END,src/result/result.service.ts,126,206,357b6b51,jest,1,jest,runtime_error,should throw BadRequestException for invalid status transition: TypeError: resultService.updateResult is not a function,0d16c8f359c6fc38433f5661628fbe6771226924b471bec9389d4732a5d95045,,C:\Users\cdbaz\OneDrive\Documentos\Projetos\usp\tcc\health-microservice-corpus\experiments\logs\errors\run-20260901T031236.570959Z\0d16c8f359c6fc38433f5661628fbe6771226924b471bec9389d4732a5d95045.txt
run-20260901T031236.570959Z,2026-09-01T08:06:54.651285+00:00,gemma_4,zero_shot,result,updateResult,FN_updateResult_END,src/result/result.service.ts,126,206,357b6b51,jest,1,jest,runtime_error,should throw BadRequestException for invalid status transition from FINAL: TypeError: resultService.updateResult is not a function,0d16c8f359c6fc38433f5661628fbe6771226924b471bec9389d4732a5d95045,,C:\Users\cdbaz\OneDrive\Documentos\Projetos\usp\tcc\health-microservice-corpus\experiments\logs\errors\run-20260901T031236.570959Z\0d16c8f359c6fc38433f5661628fbe6771226924b471bec9389d4732a5d95045.txt
run-20260901T031236.570959Z,2026-09-01T08:06:54.652572+00:00,gemma_4,zero_shot,result,updateResult,FN_updateResult_END,src/result/result.service.ts,126,206,357b6b51,jest,1,jest,runtime_error,should throw BadRequestException if referenceMin is greater than referenceMax: TypeError: resultService.updateResult is not a function,0d16c8f359c6fc38433f5661628fbe6771226924b471bec9389d4732a5d95045,,C:\Users\cdbaz\OneDrive\Documentos\Projetos\usp\tcc\health-microservice-corpus\experiments\logs\errors\run-20260901T031236.570959Z\0d16c8f359c6fc38433f5661628fbe6771226924b471bec9389d4732a5d95045.txt
run-20260901T031236.570959Z,2026-09-01T08:06:54.652572+00:00,gemma_4,zero_shot,result,updateResult,FN_updateResult_END,src/result/result.service.ts,126,206,357b6b51,jest,1,jest,runtime_error,should throw BadRequestException when updating value of a non-preliminary result: TypeError: resultService.updateResult is not a function,0d16c8f359c6fc38433f5661628fbe6771226924b471bec9389d4732a5d95045,,C:\Users\cdbaz\OneDrive\Documentos\Projetos\usp\tcc\health-microservice-corpus\experiments\logs\errors\run-20260901T031236.570959Z\0d16c8f359c6fc38433f5661628fbe6771226924b471bec9389d4732a5d95045.txt
run-20260901T031236.570959Z,2026-09-01T08:06:54.654202+00:00,gemma_4,zero_shot,result,updateResult,FN_updateResult_END,src/result/result.service.ts,126,206,357b6b51,jest,1,jest,runtime_error,should throw BadRequestException when updating unit of a non-preliminary result: TypeError: resultService.updateResult is not a function,0d16c8f359c6fc38433f5661628fbe6771226924b471bec9389d4732a5d95045,,C:\Users\cdbaz\OneDrive\Documentos\Projetos\usp\tcc\health-microservice-corpus\experiments\logs\errors\run-20260901T031236.570959Z\0d16c8f359c6fc38433f5661628fbe6771226924b471bec9389d4732a5d95045.txt
run-20260901T031236.570959Z,2026-09-01T08:06:54.654875+00:00,gemma_4,zero_shot,result,updateResult,FN_updateResult_END,src/result/result.service.ts,126,206,357b6b51,jest,1,jest,runtime_error,should throw BadRequestException when updating referenceMin of a final result: TypeError: resultService.updateResult is not a function,0d16c8f359c6fc38433f5661628fbe6771226924b471bec9389d4732a5d95045,,C:\Users\cdbaz\OneDrive\Documentos\Projetos\usp\tcc\health-microservice-corpus\experiments\logs\errors\run-20260901T031236.570959Z\0d16c8f359c6fc38433f5661628fbe6771226924b471bec9389d4732a5d95045.txt
run-20260901T031236.570959Z,2026-09-01T08:06:54.655658+00:00,gemma_4,zero_shot,result,updateResult,FN_updateResult_END,src/result/result.service.ts,126,206,357b6b51,jest,1,jest,runtime_error,should throw BadRequestException when updating referenceMax of a final result: TypeError: resultService.updateResult is not a function,0d16c8f359c6fc38433f5661628fbe6771226924b471bec9389d4732a5d95045,,C:\Users\cdbaz\OneDrive\Documentos\Projetos\usp\tcc\health-microservice-corpus\experiments\logs\errors\run-20260901T031236.570959Z\0d16c8f359c6fc38433f5661628fbe6771226924b471bec9389d4732a5d95045.txt
run-20260901T031236.570959Z,2026-09-01T08:06:54.655658+00:00,gemma_4,zero_shot,result,updateResult,FN_updateResult_END,src/result/result.service.ts,126,206,357b6b51,jest,1,jest,runtime_error,should successfully update status and save the result for a preliminary result: TypeError: resultService.updateResult is not a function,0d16c8f359c6fc38433f5661628fbe6771226924b471bec9389d4732a5d95045,,C:\Users\cdbaz\OneDrive\Documentos\Projetos\usp\tcc\health-microservice-corpus\experiments\logs\errors\run-20260901T031236.570959Z\0d16c8f359c6fc38433f5661628fbe6771226924b471bec9389d4732a5d95045.txt
run-20260901T031236.570959Z,2026-09-01T08:06:54.656837+00:00,gemma_4,zero_shot,result,updateResult,FN_updateResult_END,src/result/result.service.ts,126,206,357b6b51,jest,1,jest,runtime_error,should successfully update value and unit for a preliminary result: TypeError: resultService.updateResult is not a function,0d16c8f359c6fc38433f5661628fbe6771226924b471bec9389d4732a5d95045,,C:\Users\cdbaz\OneDrive\Documentos\Projetos\usp\tcc\health-microservice-corpus\experiments\logs\errors\run-20260901T031236.570959Z\0d16c8f359c6fc38433f5661628fbe6771226924b471bec9389d4732a5d95045.txt
run-20260901T031236.570959Z,2026-09-01T08:06:54.656837+00:00,gemma_4,zero_shot,result,updateResult,FN_updateResult_END,src/result/result.service.ts,126,206,357b6b51,jest,1,jest,runtime_error,should successfully update referenceMin and referenceMax for a preliminary result: TypeError: resultService.updateResult is not a function,0d16c8f359c6fc38433f5661628fbe6771226924b471bec9389d4732a5d95045,,C:\Users\cdbaz\OneDrive\Documentos\Projetos\usp\tcc\health-microservice-corpus\experiments\logs\errors\run-20260901T031236.570959Z\0d16c8f359c6fc38433f5661628fbe6771226924b471bec9389d4732a5d95045.txt
run-20260901T031236.570959Z,2026-09-01T08:06:54.658455+00:00,gemma_4,zero_shot,result,updateResult,FN_updateResult_END,src/result/result.service.ts,126,206,357b6b51,jest,1,jest,runtime_error,should successfully update all fields when status is PRELIMINARY: TypeError: resultService.updateResult is not a function,0d16c8f359c6fc38433f5661628fbe6771226924b471bec9389d4732a5d95045,,C:\Users\cdbaz\OneDrive\Documentos\Projetos\usp\tcc\health-microservice-corpus\experiments\logs\errors\run-20260901T031236.570959Z\0d16c8f359c6fc38433f5661628fbe6771226924b471bec9389d4732a5d95045.txt
run-20260901T031236.570959Z,2026-09-01T08:17:21.919167+00:00,gemma_4,zero_shot,result,updateResult,FN_updateResult_END,src/result/result.service.ts,126,206,357b6b51,jest,2,jest,runtime_error,should throw BadRequestException for invalid status transition: TypeError: resultService.updateResult is not a function,2fc6f9a2cc31fd02b5b567482346c160ea5500fde3f331ffc3508d4d101c432f,,C:\Users\cdbaz\OneDrive\Documentos\Projetos\usp\tcc\health-microservice-corpus\experiments\logs\errors\run-20260901T031236.570959Z\2fc6f9a2cc31fd02b5b567482346c160ea5500fde3f331ffc3508d4d101c432f.txt
run-20260901T031236.570959Z,2026-09-01T08:17:21.919167+00:00,gemma_4,zero_shot,result,updateResult,FN_updateResult_END,src/result/result.service.ts,126,206,357b6b51,jest,2,jest,runtime_error,should throw BadRequestException if referenceMin is greater than referenceMax: TypeError: Cannot read properties of undefined (reading 'mockRejectedValue'),2fc6f9a2cc31fd02b5b567482346c160ea5500fde3f331ffc3508d4d101c432f,,C:\Users\cdbaz\OneDrive\Documentos\Projetos\usp\tcc\health-microservice-corpus\experiments\logs\errors\run-20260901T031236.570959Z\2fc6f9a2cc31fd02b5b567482346c160ea5500fde3f331ffc3508d4d101c432f.txt
run-20260901T031236.570959Z,2026-09-01T08:19:04.663832+00:00,gemma_4,zero_shot,result,updateResult,FN_updateResult_END,src/result/result.service.ts,126,206,357b6b51,jest,3,jest,runtime_error,should throw BadRequestException for invalid status transition: TypeError: Cannot read properties of undefined (reading 'mockRejectedValue'),cbc925d31444be077a7b52f8e3140c63995b4b6d4586fc896d658c135bc434c7,,C:\Users\cdbaz\OneDrive\Documentos\Projetos\usp\tcc\health-microservice-corpus\experiments\logs\errors\run-20260901T031236.570959Z\cbc925d31444be077a7b52f8e3140c63995b4b6d4586fc896d658c135bc434c7.txt
run-20260901T031236.570959Z,2026-09-01T08:20:05.392077+00:00,gemma_4,zero_shot,result,updateResult,FN_updateResult_END,src/result/result.service.ts,126,206,357b6b51,repair,3,repair,repair_failed,1 repair attempt(s) did not produce a valid fix,a19dd2f169fea0f558514ac3dac1b23af029a1260819d762429f620cb291dccb,,
run-20260901T031236.570959Z,2026-09-01T08:21:05.595480+00:00,gemma_4,few_shot,encounter,createEncounter,FN_createEncounter_END,src/encounter/encounter.service.ts,30,63,04a941d1,jest,1,jest,assertion_failure,"should throw ConflictException when an active encounter already exists for the patient: Error: expect(received).rejects.toThrow(expected)

Expected constructor: ConflictException
Received constructor: BadRequestException

Received message: ""Ward is required for ADT A01 (admission)""

    [0m [90m 65 |[39m   validateEncounterFields(dto[33m:[39m [33mCreateEncounterDto[39m)[33m:[39m [36mvoid[39m {
     [90m 66 |[39m     [36mif[39m (dto[33m.[39madtType [33m===[39m [33mAdtType[39m",e1027f5bee0e9d3e91b8f55bf33b5dd8db325cb3e8630a2b2c796d979f1ef32b,,C:\Users\cdbaz\OneDrive\Documentos\Projetos\usp\tcc\health-microservice-corpus\experiments\logs\errors\run-20260901T031236.570959Z\e1027f5bee0e9d3e91b8f55bf33b5dd8db325cb3e8630a2b2c796d979f1ef32b.txt
run-20260901T031236.570959Z,2026-09-01T08:22:26.294427+00:00,gemma_4,few_shot,encounter,validateEncounterFields,FN_validateEncounterFields_END,src/encounter/encounter.service.ts,65,91,04a941d1,jest,1,jest,unknown,should throw BadRequestException when adtType is A01 and ward is missing: BadRequestException: Ward is required for ADT A01 (admission),1e30978273efde0a273542927594d22cd501664b19f761740f9126f85e99eb7e,,C:\Users\cdbaz\OneDrive\Documentos\Projetos\usp\tcc\health-microservice-corpus\experiments\logs\errors\run-20260901T031236.570959Z\1e30978273efde0a273542927594d22cd501664b19f761740f9126f85e99eb7e.txt
run-20260901T031236.570959Z,2026-09-01T08:22:26.294427+00:00,gemma_4,few_shot,encounter,validateEncounterFields,FN_validateEncounterFields_END,src/encounter/encounter.service.ts,65,91,04a941d1,jest,1,jest,unknown,should throw BadRequestException when adtType is A02 and ward is missing: BadRequestException: Ward is required for ADT A02 (transfer),1e30978273efde0a273542927594d22cd501664b19f761740f9126f85e99eb7e,,C:\Users\cdbaz\OneDrive\Documentos\Projetos\usp\tcc\health-microservice-corpus\experiments\logs\errors\run-20260901T031236.570959Z\1e30978273efde0a273542927594d22cd501664b19f761740f9126f85e99eb7e.txt
run-20260901T031236.570959Z,2026-09-01T08:22:26.294427+00:00,gemma_4,few_shot,encounter,validateEncounterFields,FN_validateEncounterFields_END,src/encounter/encounter.service.ts,65,91,04a941d1,jest,1,jest,unknown,should throw BadRequestException when adtType is A03 and ward is present: BadRequestException: Ward must not be informed for ADT A03 (discharge),1e30978273efde0a273542927594d22cd501664b19f761740f9126f85e99eb7e,,C:\Users\cdbaz\OneDrive\Documentos\Projetos\usp\tcc\health-microservice-corpus\experiments\logs\errors\run-20260901T031236.570959Z\1e30978273efde0a273542927594d22cd501664b19f761740f9126f85e99eb7e.txt
run-20260901T031236.570959Z,2026-09-01T08:22:26.294427+00:00,gemma_4,few_shot,encounter,validateEncounterFields,FN_validateEncounterFields_END,src/encounter/encounter.service.ts,65,91,04a941d1,jest,1,jest,unknown,should throw BadRequestException when adtType is A08 and ward is present: BadRequestException: Ward must not be informed for ADT A08 (update),1e30978273efde0a273542927594d22cd501664b19f761740f9126f85e99eb7e,,C:\Users\cdbaz\OneDrive\Documentos\Projetos\usp\tcc\health-microservice-corpus\experiments\logs\errors\run-20260901T031236.570959Z\1e30978273efde0a273542927594d22cd501664b19f761740f9126f85e99eb7e.txt
run-20260901T031236.570959Z,2026-09-01T08:22:26.294427+00:00,gemma_4,few_shot,encounter,validateEncounterFields,FN_validateEncounterFields_END,src/encounter/encounter.service.ts,65,91,04a941d1,jest,1,jest,unknown,should throw BadRequestException when adtType is A08 and patientId is missing: BadRequestException: PatientId is required for ADT A08 (update),1e30978273efde0a273542927594d22cd501664b19f761740f9126f85e99eb7e,,C:\Users\cdbaz\OneDrive\Documentos\Projetos\usp\tcc\health-microservice-corpus\experiments\logs\errors\run-20260901T031236.570959Z\1e30978273efde0a273542927594d22cd501664b19f761740f9126f85e99eb7e.txt
run-20260901T031236.570959Z,2026-09-01T08:25:03.119140+00:00,gemma_4,few_shot,encounter,validateEncounterFields,FN_validateEncounterFields_END,src/encounter/encounter.service.ts,65,91,04a941d1,jest,2,jest,unknown,should throw BadRequestException when adtType is A01 and ward is missing: BadRequestException: Ward is required for ADT A01 (admission),a0c83af1e73a2b98baf65362e8889e6e68dcedf4013b31bd95d668fd02f85e6a,,C:\Users\cdbaz\OneDrive\Documentos\Projetos\usp\tcc\health-microservice-corpus\experiments\logs\errors\run-20260901T031236.570959Z\a0c83af1e73a2b98baf65362e8889e6e68dcedf4013b31bd95d668fd02f85e6a.txt
run-20260901T031236.570959Z,2026-09-01T08:25:03.121050+00:00,gemma_4,few_shot,encounter,validateEncounterFields,FN_validateEncounterFields_END,src/encounter/encounter.service.ts,65,91,04a941d1,jest,2,jest,unknown,should throw BadRequestException when adtType is A02 and ward is missing: BadRequestException: Ward is required for ADT A02 (transfer),a0c83af1e73a2b98baf65362e8889e6e68dcedf4013b31bd95d668fd02f85e6a,,C:\Users\cdbaz\OneDrive\Documentos\Projetos\usp\tcc\health-microservice-corpus\experiments\logs\errors\run-20260901T031236.570959Z\a0c83af1e73a2b98baf65362e8889e6e68dcedf4013b31bd95d668fd02f85e6a.txt
run-20260901T031236.570959Z,2026-09-01T08:25:03.121050+00:00,gemma_4,few_shot,encounter,validateEncounterFields,FN_validateEncounterFields_END,src/encounter/encounter.service.ts,65,91,04a941d1,jest,2,jest,unknown,should throw BadRequestException when adtType is A03 and ward is present: BadRequestException: Ward must not be informed for ADT A03 (discharge),a0c83af1e73a2b98baf65362e8889e6e68dcedf4013b31bd95d668fd02f85e6a,,C:\Users\cdbaz\OneDrive\Documentos\Projetos\usp\tcc\health-microservice-corpus\experiments\logs\errors\run-20260901T031236.570959Z\a0c83af1e73a2b98baf65362e8889e6e68dcedf4013b31bd95d668fd02f85e6a.txt
run-20260901T031236.570959Z,2026-09-01T08:25:03.121050+00:00,gemma_4,few_shot,encounter,validateEncounterFields,FN_validateEncounterFields_END,src/encounter/encounter.service.ts,65,91,04a941d1,jest,2,jest,unknown,should throw BadRequestException with specific message when adtType is A08 and ward is present: BadRequestException: Ward must not be informed for ADT A08 (update),a0c83af1e73a2b98baf65362e8889e6e68dcedf4013b31bd95d668fd02f85e6a,,C:\Users\cdbaz\OneDrive\Documentos\Projetos\usp\tcc\health-microservice-corpus\experiments\logs\errors\run-20260901T031236.570959Z\a0c83af1e73a2b98baf65362e8889e6e68dcedf4013b31bd95d668fd02f85e6a.txt
run-20260901T031236.570959Z,2026-09-01T08:25:03.125164+00:00,gemma_4,few_shot,encounter,validateEncounterFields,FN_validateEncounterFields_END,src/encounter/encounter.service.ts,65,91,04a941d1,jest,2,jest,unknown,should throw BadRequestException when adtType is A08 and patientId is missing: BadRequestException: PatientId is required for ADT A08 (update),a0c83af1e73a2b98baf65362e8889e6e68dcedf4013b31bd95d668fd02f85e6a,,C:\Users\cdbaz\OneDrive\Documentos\Projetos\usp\tcc\health-microservice-corpus\experiments\logs\errors\run-20260901T031236.570959Z\a0c83af1e73a2b98baf65362e8889e6e68dcedf4013b31bd95d668fd02f85e6a.txt
run-20260901T031236.570959Z,2026-09-01T08:32:12.054280+00:00,gemma_4,few_shot,encounter,processAdtMessage,FN_processAdtMessage_END,src/encounter/encounter.service.ts,199,317,04a941d1,jest,1,jest,unknown,should create a new patient and an encounter for A01: BadRequestException: Ward is required for ADT A01 (admission),d162f36e94a2fb7571633fcc0a4674dc85a5f2d07bc938977705a08ee1191682,,C:\Users\cdbaz\OneDrive\Documentos\Projetos\usp\tcc\health-microservice-corpus\experiments\logs\errors\run-20260901T031236.570959Z\d162f36e94a2fb7571633fcc0a4674dc85a5f2d07bc938977705a08ee1191682.txt
run-20260901T031236.570959Z,2026-09-01T08:32:12.054280+00:00,gemma_4,few_shot,encounter,processAdtMessage,FN_processAdtMessage_END,src/encounter/encounter.service.ts,199,317,04a941d1,jest,1,jest,unknown,should successfully transition the encounter status for A02: NotFoundException: Encounter with id e1 not found,d162f36e94a2fb7571633fcc0a4674dc85a5f2d07bc938977705a08ee1191682,,C:\Users\cdbaz\OneDrive\Documentos\Projetos\usp\tcc\health-microservice-corpus\experiments\logs\errors\run-20260901T031236.570959Z\d162f36e94a2fb7571633fcc0a4674dc85a5f2d07bc938977705a08ee1191682.txt
run-20260901T031236.570959Z,2026-09-01T08:32:12.054280+00:00,gemma_4,few_shot,encounter,processAdtMessage,FN_processAdtMessage_END,src/encounter/encounter.service.ts,199,317,04a941d1,jest,1,jest,unknown,should successfully transition the encounter status for A03: NotFoundException: Encounter with id e1 not found,d162f36e94a2fb7571633fcc0a4674dc85a5f2d07bc938977705a08ee1191682,,C:\Users\cdbaz\OneDrive\Documentos\Projetos\usp\tcc\health-microservice-corpus\experiments\logs\errors\run-20260901T031236.570959Z\d162f36e94a2fb7571633fcc0a4674dc85a5f2d07bc938977705a08ee1191682.txt
run-20260901T031236.570959Z,2026-09-01T08:32:12.054280+00:00,gemma_4,few_shot,encounter,processAdtMessage,FN_processAdtMessage_END,src/encounter/encounter.service.ts,199,317,04a941d1,jest,1,jest,unknown,"should update the patient record for A08: Error: expect(received).toEqual(expected) // deep equality

- Expected  - 3
+ Received  + 0

  Object {
    ""patient"": Object {
      ""birthDate"": ""1990-01-01"",
-     ""cpf"": ""123"",
-     ""created_at"": Any<Date>,
      ""email"": ""new@test.com"",
      ""id"": ""p1"",
      ""name"": ""New Name"",
      ""phone"": ""1234567890"",
      ""sex"": ""F"",
-     ""updated_at"": Any<Date>,
    },
  }",d162f36e94a2fb7571633fcc0a4674dc85a5f2d07bc938977705a08ee1191682,,C:\Users\cdbaz\OneDrive\Documentos\Projetos\usp\tcc\health-microservice-corpus\experiments\logs\errors\run-20260901T031236.570959Z\d162f36e94a2fb7571633fcc0a4674dc85a5f2d07bc938977705a08ee1191682.txt
run-20260901T031236.570959Z,2026-09-01T08:36:31.286774+00:00,gemma_4,few_shot,encounter,processAdtMessage,FN_processAdtMessage_END,src/encounter/encounter.service.ts,199,317,04a941d1,jest,2,jest,runtime_error,should create a new patient and an encounter for A01: TypeError: Cannot read properties of undefined (reading 'active'),44b513df6d7593e29b54895d552364a9f178d0913b2b04da076a1961834f2cea,,C:\Users\cdbaz\OneDrive\Documentos\Projetos\usp\tcc\health-microservice-corpus\experiments\logs\errors\run-20260901T031236.570959Z\44b513df6d7593e29b54895d552364a9f178d0913b2b04da076a1961834f2cea.txt
run-20260901T031236.570959Z,2026-09-01T08:36:31.286774+00:00,gemma_4,few_shot,encounter,processAdtMessage,FN_processAdtMessage_END,src/encounter/encounter.service.ts,199,317,04a941d1,jest,2,jest,unknown,should successfully transition the encounter status for A02: NotFoundException: Encounter with id e1 not found,44b513df6d7593e29b54895d552364a9f178d0913b2b04da076a1961834f2cea,,C:\Users\cdbaz\OneDrive\Documentos\Projetos\usp\tcc\health-microservice-corpus\experiments\logs\errors\run-20260901T031236.570959Z\44b513df6d7593e29b54895d552364a9f178d0913b2b04da076a1961834f2cea.txt
run-20260901T031236.570959Z,2026-09-01T08:38:57.499089+00:00,gemma_4,few_shot,encounter,processAdtMessage,FN_processAdtMessage_END,src/encounter/encounter.service.ts,199,317,04a941d1,jest,3,jest,runtime_error,should create a new patient and an encounter for A01: TypeError: Cannot read properties of undefined (reading 'active'),0b9690f1614a7d7a26f4e0288fe1cb4d97de156380f833f504dbf6857fac266e,,C:\Users\cdbaz\OneDrive\Documentos\Projetos\usp\tcc\health-microservice-corpus\experiments\logs\errors\run-20260901T031236.570959Z\0b9690f1614a7d7a26f4e0288fe1cb4d97de156380f833f504dbf6857fac266e.txt
run-20260901T031236.570959Z,2026-09-01T08:40:19.712486+00:00,gemma_4,few_shot,encounter,processAdtMessage,FN_processAdtMessage_END,src/encounter/encounter.service.ts,199,317,04a941d1,jest,4,jest,runtime_error,should create a new patient and an encounter for A01: TypeError: Cannot read properties of undefined (reading 'active'),c8a3ffc4d03745f7e8fe1c2e8aacedb6e24488809de93a446300a2ba67efaf17,,C:\Users\cdbaz\OneDrive\Documentos\Projetos\usp\tcc\health-microservice-corpus\experiments\logs\errors\run-20260901T031236.570959Z\c8a3ffc4d03745f7e8fe1c2e8aacedb6e24488809de93a446300a2ba67efaf17.txt
run-20260901T031236.570959Z,2026-09-01T08:40:23.536503+00:00,gemma_4,few_shot,encounter,processAdtMessage,FN_processAdtMessage_END,src/encounter/encounter.service.ts,199,317,04a941d1,repair,4,repair,repair_failed,1 repair attempt(s) did not produce a valid fix,a19dd2f169fea0f558514ac3dac1b23af029a1260819d762429f620cb291dccb,,
run-20260901T031236.570959Z,2026-09-01T08:42:41.022485+00:00,gemma_4,few_shot,encounter,buildEncounterSummary,FN_buildEncounterSummary_END,src/encounter/encounter.service.ts,365,439,04a941d1,generation,,generation,invalid_output,invalid_block: forbidden pattern or unclosed scopes,64e37a7fce22d0028ff72db72afcbf091e5068df3a324ef5514614b037d135d2,,C:\Users\cdbaz\OneDrive\Documentos\Projetos\usp\tcc\health-microservice-corpus\experiments\logs\errors\run-20260901T031236.570959Z\64e37a7fce22d0028ff72db72afcbf091e5068df3a324ef5514614b037d135d2.txt
run-20260901T031236.570959Z,2026-09-01T08:45:55.386176+00:00,gemma_4,few_shot,order,validateOrderResult,FN_validateOrderResult_END,src/order/order.service.ts,80,158,556cd6ea,jest,1,jest,unknown,should transition order status from PENDING to IN_PROGRESS when registering a FINAL result: BadRequestException: Cannot register a FINAL result for a PENDING order. Order must be IN_PROGRESS first,e21b0ad9e52456b35aeff4c4cdd53bbed241e1016af7a5f90031d41e7c7212c5,,C:\Users\cdbaz\OneDrive\Documentos\Projetos\usp\tcc\health-microservice-corpus\experiments\logs\errors\run-20260901T031236.570959Z\e21b0ad9e52456b35aeff4c4cdd53bbed241e1016af7a5f90031d41e7c7212c5.txt
run-20260901T031236.570959Z,2026-09-01T08:47:22.312532+00:00,gemma_4,few_shot,order,validateOrderResult,FN_validateOrderResult_END,src/order/order.service.ts,80,158,556cd6ea,jest,2,jest,unknown,should transition order status from PENDING to COMPLETED when registering a FINAL result: BadRequestException: Cannot register a FINAL result for a PENDING order. Order must be IN_PROGRESS first,8ebfb24b96ee8e16ac1249d1634d580d902f9df379747c2a34f8d6e1b682fd03,,C:\Users\cdbaz\OneDrive\Documentos\Projetos\usp\tcc\health-microservice-corpus\experiments\logs\errors\run-20260901T031236.570959Z\8ebfb24b96ee8e16ac1249d1634d580d902f9df379747c2a34f8d6e1b682fd03.txt
run-20260901T031236.570959Z,2026-09-01T08:50:52.005281+00:00,gemma_4,few_shot,patient,createPatient,FN_createPatient_END,src/patient/patient.service.ts,27,51,0ddb42a2,jest,1,jest,unknown,"should throw ConflictException when CPF already exists: Error: expect(received).rejects.toThrow()

Received promise resolved instead of rejected
Resolved to value: undefined",37c188bcdbae72485d0368a543e3e8f78124b92c14129bf76a0d82483a7b6ec6,,C:\Users\cdbaz\OneDrive\Documentos\Projetos\usp\tcc\health-microservice-corpus\experiments\logs\errors\run-20260901T031236.570959Z\37c188bcdbae72485d0368a543e3e8f78124b92c14129bf76a0d82483a7b6ec6.txt
run-20260901T031236.570959Z,2026-09-01T08:50:52.005281+00:00,gemma_4,few_shot,patient,createPatient,FN_createPatient_END,src/patient/patient.service.ts,27,51,0ddb42a2,jest,1,jest,unknown,"should throw ConflictException when Email already exists: Error: expect(received).rejects.toThrow()

Received promise resolved instead of rejected
Resolved to value: undefined",37c188bcdbae72485d0368a543e3e8f78124b92c14129bf76a0d82483a7b6ec6,,C:\Users\cdbaz\OneDrive\Documentos\Projetos\usp\tcc\health-microservice-corpus\experiments\logs\errors\run-20260901T031236.570959Z\37c188bcdbae72485d0368a543e3e8f78124b92c14129bf76a0d82483a7b6ec6.txt
run-20260901T031236.570959Z,2026-09-01T08:50:52.005281+00:00,gemma_4,few_shot,patient,createPatient,FN_createPatient_END,src/patient/patient.service.ts,27,51,0ddb42a2,jest,1,jest,assertion_failure,"should create and save the patient when no conflicts are found: Error: expect(jest.fn()).toHaveBeenCalledWith(...expected)

- Expected
+ Received

  Object {
    ""birthDate"": 2000-01-01T00:00:00.000Z,
    ""cpf"": ""1234567890"",
    ""email"": ""test@example.com"",
+   ""sex"": ""M"",
  },

Number of calls: 1",37c188bcdbae72485d0368a543e3e8f78124b92c14129bf76a0d82483a7b6ec6,,C:\Users\cdbaz\OneDrive\Documentos\Projetos\usp\tcc\health-microservice-corpus\experiments\logs\errors\run-20260901T031236.570959Z\37c188bcdbae72485d0368a543e3e8f78124b92c14129bf76a0d82483a7b6ec6.txt
run-20260901T031236.570959Z,2026-09-01T08:57:54.225179+00:00,gemma_4,few_shot,result,buildResultReport,FN_buildResultReport_END,src/result/result.service.ts,53,124,357b6b51,generation,,generation,invalid_output,invalid_block: forbidden pattern or unclosed scopes,a34129d50fde7e09c1314e2d7b09ce9e6f56bf145fbcbb4fdcced64a49accaf8,,C:\Users\cdbaz\OneDrive\Documentos\Projetos\usp\tcc\health-microservice-corpus\experiments\logs\errors\run-20260901T031236.570959Z\a34129d50fde7e09c1314e2d7b09ce9e6f56bf145fbcbb4fdcced64a49accaf8.txt
run-20260901T031236.570959Z,2026-09-01T08:59:01.985044+00:00,gemma_4,few_shot,result,updateResult,FN_updateResult_END,src/result/result.service.ts,126,206,357b6b51,jest,1,jest,unknown,"should throw BadRequestException for invalid status transitions: Error: expect(received).rejects.toThrow()

Received promise resolved instead of rejected
Resolved to value: undefined",6be35e3df8dd46671232ddb6bc2aefc6d2aab92ee62f9072e6ed93b93899dbc9,,C:\Users\cdbaz\OneDrive\Documentos\Projetos\usp\tcc\health-microservice-corpus\experiments\logs\errors\run-20260901T031236.570959Z\6be35e3df8dd46671232ddb6bc2aefc6d2aab92ee62f9072e6ed93b93899dbc9.txt
run-20260901T031236.570959Z,2026-09-01T09:01:05.396589+00:00,gemma_4,structured,encounter,createEncounter,FN_createEncounter_END,src/encounter/encounter.service.ts,30,63,04a941d1,jest,1,jest,assertion_failure,"should throw BadRequestException if the patient is inactive: Error: expect(received).rejects.toThrow(expected)

Expected substring: ""Cannot admit an inactive patient""
Received message:   ""Ward is required for ADT A01 (admission)""

    [0m [90m 65 |[39m   validateEncounterFields(dto[33m:[39m [33mCreateEncounterDto[39m)[33m:[39m [36mvoid[39m {
     [90m 66 |[39m     [36mif[39m (dto[33m.[39madtType [33m===[39m [33mAdtType[39m[33m.[39m[33mA01[39m [33m&&[39m [33m![39mdto",00d93c78ba6354c769d1095e12cb744e005f7159c5a8ef3087ad1b48afc6594b,,C:\Users\cdbaz\OneDrive\Documentos\Projetos\usp\tcc\health-microservice-corpus\experiments\logs\errors\run-20260901T031236.570959Z\00d93c78ba6354c769d1095e12cb744e005f7159c5a8ef3087ad1b48afc6594b.txt
run-20260901T031236.570959Z,2026-09-01T09:01:05.406558+00:00,gemma_4,structured,encounter,createEncounter,FN_createEncounter_END,src/encounter/encounter.service.ts,30,63,04a941d1,jest,1,jest,assertion_failure,"should throw ConflictException if an active encounter already exists for the patient: Error: expect(received).rejects.toThrow(expected)

Expected constructor: ConflictException
Received constructor: BadRequestException

Received message: ""Ward is required for ADT A01 (admission)""

    [0m [90m 65 |[39m   validateEncounterFields(dto[33m:[39m [33mCreateEncounterDto[39m)[33m:[39m [36mvoid[39m {
     [90m 66 |[39m     [36mif[39m (dto[33m.[39madtType [33m===[39m [33mAdtType[39m[",00d93c78ba6354c769d1095e12cb744e005f7159c5a8ef3087ad1b48afc6594b,,C:\Users\cdbaz\OneDrive\Documentos\Projetos\usp\tcc\health-microservice-corpus\experiments\logs\errors\run-20260901T031236.570959Z\00d93c78ba6354c769d1095e12cb744e005f7159c5a8ef3087ad1b48afc6594b.txt
run-20260901T031236.570959Z,2026-09-01T09:03:12.104727+00:00,gemma_4,structured,encounter,validateEncounterFields,FN_validateEncounterFields_END,src/encounter/encounter.service.ts,65,91,04a941d1,jest,1,jest,unknown,should throw BadRequestException when adtType is A01 and ward is missing: BadRequestException: Ward is required for ADT A01 (admission),74a725c66975b3ea86ed1108140044bae0e9e0f679ec4a4ab42a2f27804140f1,,C:\Users\cdbaz\OneDrive\Documentos\Projetos\usp\tcc\health-microservice-corpus\experiments\logs\errors\run-20260901T031236.570959Z\74a725c66975b3ea86ed1108140044bae0e9e0f679ec4a4ab42a2f27804140f1.txt
run-20260901T031236.570959Z,2026-09-01T09:03:12.104727+00:00,gemma_4,structured,encounter,validateEncounterFields,FN_validateEncounterFields_END,src/encounter/encounter.service.ts,65,91,04a941d1,jest,1,jest,unknown,should throw BadRequestException when adtType is A02 and ward is missing: BadRequestException: Ward is required for ADT A02 (transfer),74a725c66975b3ea86ed1108140044bae0e9e0f679ec4a4ab42a2f27804140f1,,C:\Users\cdbaz\OneDrive\Documentos\Projetos\usp\tcc\health-microservice-corpus\experiments\logs\errors\run-20260901T031236.570959Z\74a725c66975b3ea86ed1108140044bae0e9e0f679ec4a4ab42a2f27804140f1.txt
run-20260901T031236.570959Z,2026-09-01T09:03:12.104727+00:00,gemma_4,structured,encounter,validateEncounterFields,FN_validateEncounterFields_END,src/encounter/encounter.service.ts,65,91,04a941d1,jest,1,jest,unknown,should throw BadRequestException when adtType is A03 and ward is present: BadRequestException: Ward must not be informed for ADT A03 (discharge),74a725c66975b3ea86ed1108140044bae0e9e0f679ec4a4ab42a2f27804140f1,,C:\Users\cdbaz\OneDrive\Documentos\Projetos\usp\tcc\health-microservice-corpus\experiments\logs\errors\run-20260901T031236.570959Z\74a725c66975b3ea86ed1108140044bae0e9e0f679ec4a4ab42a2f27804140f1.txt
run-20260901T031236.570959Z,2026-09-01T09:03:12.104727+00:00,gemma_4,structured,encounter,validateEncounterFields,FN_validateEncounterFields_END,src/encounter/encounter.service.ts,65,91,04a941d1,jest,1,jest,unknown,should throw BadRequestException when adtType is A08 and ward is present: BadRequestException: Ward must not be informed for ADT A08 (update),74a725c66975b3ea86ed1108140044bae0e9e0f679ec4a4ab42a2f27804140f1,,C:\Users\cdbaz\OneDrive\Documentos\Projetos\usp\tcc\health-microservice-corpus\experiments\logs\errors\run-20260901T031236.570959Z\74a725c66975b3ea86ed1108140044bae0e9e0f679ec4a4ab42a2f27804140f1.txt
run-20260901T031236.570959Z,2026-09-01T09:03:12.104727+00:00,gemma_4,structured,encounter,validateEncounterFields,FN_validateEncounterFields_END,src/encounter/encounter.service.ts,65,91,04a941d1,jest,1,jest,unknown,should throw BadRequestException when adtType is A08 and patientId is missing: BadRequestException: PatientId is required for ADT A08 (update),74a725c66975b3ea86ed1108140044bae0e9e0f679ec4a4ab42a2f27804140f1,,C:\Users\cdbaz\OneDrive\Documentos\Projetos\usp\tcc\health-microservice-corpus\experiments\logs\errors\run-20260901T031236.570959Z\74a725c66975b3ea86ed1108140044bae0e9e0f679ec4a4ab42a2f27804140f1.txt
run-20260901T031236.570959Z,2026-09-01T09:07:25.399768+00:00,gemma_4,structured,encounter,validateEncounterFields,FN_validateEncounterFields_END,src/encounter/encounter.service.ts,65,91,04a941d1,jest,2,jest,unknown,should throw BadRequestException when adtType is A01 and ward is missing: BadRequestException: Ward is required for ADT A01 (admission),63ee39d5d2033407a83a4ebc5b971eee30febbd7042bfb2434d4ba8b55027427,,C:\Users\cdbaz\OneDrive\Documentos\Projetos\usp\tcc\health-microservice-corpus\experiments\logs\errors\run-20260901T031236.570959Z\63ee39d5d2033407a83a4ebc5b971eee30febbd7042bfb2434d4ba8b55027427.txt
run-20260901T031236.570959Z,2026-09-01T09:07:25.415528+00:00,gemma_4,structured,encounter,validateEncounterFields,FN_validateEncounterFields_END,src/encounter/encounter.service.ts,65,91,04a941d1,jest,2,jest,unknown,should throw BadRequestException when adtType is A02 and ward is missing: BadRequestException: Ward is required for ADT A02 (transfer),63ee39d5d2033407a83a4ebc5b971eee30febbd7042bfb2434d4ba8b55027427,,C:\Users\cdbaz\OneDrive\Documentos\Projetos\usp\tcc\health-microservice-corpus\experiments\logs\errors\run-20260901T031236.570959Z\63ee39d5d2033407a83a4ebc5b971eee30febbd7042bfb2434d4ba8b55027427.txt
run-20260901T031236.570959Z,2026-09-01T09:07:25.415528+00:00,gemma_4,structured,encounter,validateEncounterFields,FN_validateEncounterFields_END,src/encounter/encounter.service.ts,65,91,04a941d1,jest,2,jest,unknown,should throw BadRequestException when adtType is A03 and ward is present: BadRequestException: Ward must not be informed for ADT A03 (discharge),63ee39d5d2033407a83a4ebc5b971eee30febbd7042bfb2434d4ba8b55027427,,C:\Users\cdbaz\OneDrive\Documentos\Projetos\usp\tcc\health-microservice-corpus\experiments\logs\errors\run-20260901T031236.570959Z\63ee39d5d2033407a83a4ebc5b971eee30febbd7042bfb2434d4ba8b55027427.txt
run-20260901T031236.570959Z,2026-09-01T09:07:25.415528+00:00,gemma_4,structured,encounter,validateEncounterFields,FN_validateEncounterFields_END,src/encounter/encounter.service.ts,65,91,04a941d1,jest,2,jest,unknown,should throw BadRequestException with specific message when adtType is A08 and ward is present: BadRequestException: Ward must not be informed for ADT A08 (update),63ee39d5d2033407a83a4ebc5b971eee30febbd7042bfb2434d4ba8b55027427,,C:\Users\cdbaz\OneDrive\Documentos\Projetos\usp\tcc\health-microservice-corpus\experiments\logs\errors\run-20260901T031236.570959Z\63ee39d5d2033407a83a4ebc5b971eee30febbd7042bfb2434d4ba8b55027427.txt
run-20260901T031236.570959Z,2026-09-01T09:07:25.415528+00:00,gemma_4,structured,encounter,validateEncounterFields,FN_validateEncounterFields_END,src/encounter/encounter.service.ts,65,91,04a941d1,jest,2,jest,unknown,should throw BadRequestException when adtType is A08 and patientId is missing: BadRequestException: PatientId is required for ADT A08 (update),63ee39d5d2033407a83a4ebc5b971eee30febbd7042bfb2434d4ba8b55027427,,C:\Users\cdbaz\OneDrive\Documentos\Projetos\usp\tcc\health-microservice-corpus\experiments\logs\errors\run-20260901T031236.570959Z\63ee39d5d2033407a83a4ebc5b971eee30febbd7042bfb2434d4ba8b55027427.txt
run-20260901T031236.570959Z,2026-09-01T09:14:54.463964+00:00,gemma_4,structured,encounter,transitionEncounterStatus,FN_transitionEncounterStatus_END,src/encounter/encounter.service.ts,109,197,04a941d1,jest,1,jest,assertion_failure,"should throw BadRequestException if the status transition is invalid: Error: expect(received).rejects.toThrow(expected)

Expected substring: ""Invalid status transition from ADMITTED to DISCHARGED""
Received message:   ""dischargeDate is required for discharge""

    [0m [90m 168 |[39m     [36mif[39m (nextStatus [33m===[39m [33mEncounterStatus[39m[33m.[39m[33mDISCHARGED[39m) {
     [90m 169 |[39m       [36mif[39m ([33m![39mdto[33m.[39mdischargeDate) {
    [31m[1m>[22m[39m[9",3d45f0453bbc97307a14047aea7636acecae0917e1c1b00122292371ea247e6f,,C:\Users\cdbaz\OneDrive\Documentos\Projetos\usp\tcc\health-microservice-corpus\experiments\logs\errors\run-20260901T031236.570959Z\3d45f0453bbc97307a14047aea7636acecae0917e1c1b00122292371ea247e6f.txt
run-20260901T031236.570959Z,2026-09-01T09:15:48.347965+00:00,gemma_4,structured,encounter,transitionEncounterStatus,FN_transitionEncounterStatus_END,src/encounter/encounter.service.ts,109,197,04a941d1,jest,2,jest,unknown,"should throw BadRequestException if the status transition is invalid: Error: expect(received).rejects.toThrow()

Received promise resolved instead of rejected
Resolved to value: undefined",cc7047777d2c0aa0ba8a22946dd6686df2e90f1455c9015bea93f49effb16bfe,,C:\Users\cdbaz\OneDrive\Documentos\Projetos\usp\tcc\health-microservice-corpus\experiments\logs\errors\run-20260901T031236.570959Z\cc7047777d2c0aa0ba8a22946dd6686df2e90f1455c9015bea93f49effb16bfe.txt
run-20260901T031236.570959Z,2026-09-01T09:18:48.923604+00:00,gemma_4,structured,encounter,transitionEncounterStatus,FN_transitionEncounterStatus_END,src/encounter/encounter.service.ts,109,197,04a941d1,repair,2,repair,repair_failed,1 repair attempt(s) did not produce a valid fix,a19dd2f169fea0f558514ac3dac1b23af029a1260819d762429f620cb291dccb,,
run-20260901T031236.570959Z,2026-09-01T09:20:56.471732+00:00,gemma_4,structured,encounter,processAdtMessage,FN_processAdtMessage_END,src/encounter/encounter.service.ts,199,317,04a941d1,jest,1,jest,runtime_error,should handle AdtType A01 successfully by creating an encounter: ReferenceError: createEncounter is not defined,6a594ae7184cb9fdd89839a48f7539d7a991d7c07f9a687952d491e2ea75117a,,C:\Users\cdbaz\OneDrive\Documentos\Projetos\usp\tcc\health-microservice-corpus\experiments\logs\errors\run-20260901T031236.570959Z\6a594ae7184cb9fdd89839a48f7539d7a991d7c07f9a687952d491e2ea75117a.txt
run-20260901T031236.570959Z,2026-09-01T09:20:56.471732+00:00,gemma_4,structured,encounter,processAdtMessage,FN_processAdtMessage_END,src/encounter/encounter.service.ts,199,317,04a941d1,jest,1,jest,runtime_error,should handle AdtType A02 successfully by transferring an encounter: ReferenceError: transitionEncounterStatus is not defined,6a594ae7184cb9fdd89839a48f7539d7a991d7c07f9a687952d491e2ea75117a,,C:\Users\cdbaz\OneDrive\Documentos\Projetos\usp\tcc\health-microservice-corpus\experiments\logs\errors\run-20260901T031236.570959Z\6a594ae7184cb9fdd89839a48f7539d7a991d7c07f9a687952d491e2ea75117a.txt
run-20260901T031236.570959Z,2026-09-01T09:20:56.471732+00:00,gemma_4,structured,encounter,processAdtMessage,FN_processAdtMessage_END,src/encounter/encounter.service.ts,199,317,04a941d1,jest,1,jest,runtime_error,should throw NotFoundException if no active encounter is found for A02: ReferenceError: transitionEncounterStatus is not defined,6a594ae7184cb9fdd89839a48f7539d7a991d7c07f9a687952d491e2ea75117a,,C:\Users\cdbaz\OneDrive\Documentos\Projetos\usp\tcc\health-microservice-corpus\experiments\logs\errors\run-20260901T031236.570959Z\6a594ae7184cb9fdd89839a48f7539d7a991d7c07f9a687952d491e2ea75117a.txt
run-20260901T031236.570959Z,2026-09-01T09:20:56.471732+00:00,gemma_4,structured,encounter,processAdtMessage,FN_processAdtMessage_END,src/encounter/encounter.service.ts,199,317,04a941d1,jest,1,jest,runtime_error,should handle AdtType A03 successfully by discharging an encounter: ReferenceError: transitionEncounterStatus is not defined,6a594ae7184cb9fdd89839a48f7539d7a991d7c07f9a687952d491e2ea75117a,,C:\Users\cdbaz\OneDrive\Documentos\Projetos\usp\tcc\health-microservice-corpus\experiments\logs\errors\run-20260901T031236.570959Z\6a594ae7184cb9fdd89839a48f7539d7a991d7c07f9a687952d491e2ea75117a.txt
run-20260901T031236.570959Z,2026-09-01T09:20:56.471732+00:00,gemma_4,structured,encounter,processAdtMessage,FN_processAdtMessage_END,src/encounter/encounter.service.ts,199,317,04a941d1,jest,1,jest,unknown,"should handle AdtType A08 successfully by updating patient details: Error: expect(received).toEqual(expected) // deep equality

- Expected  - 2
+ Received  + 0

@@ -1,14 +1,12 @@
  Object {
-   ""encounter"": undefined,
    ""patient"": Object {
      ""active"": true,
      ""birthDate"": ""1990-01-01"",
      ""cpf"": ""123"",
      ""created_at"": Any<Date>,
      ""email"": ""new@example.com"",
-     ""encounters"": Array [],
      ""id"": ""p1"",
      ""name"": ""NewName"",
      ""phone"": ""111"",
      ""sex"": ""M"",
     ",6a594ae7184cb9fdd89839a48f7539d7a991d7c07f9a687952d491e2ea75117a,,C:\Users\cdbaz\OneDrive\Documentos\Projetos\usp\tcc\health-microservice-corpus\experiments\logs\errors\run-20260901T031236.570959Z\6a594ae7184cb9fdd89839a48f7539d7a991d7c07f9a687952d491e2ea75117a.txt
run-20260901T031236.570959Z,2026-09-01T09:25:59.460587+00:00,gemma_4,structured,encounter,processAdtMessage,FN_processAdtMessage_END,src/encounter/encounter.service.ts,199,317,04a941d1,jest,2,jest,runtime_error,should handle AdtType A01 successfully by creating an encounter: TypeError: service.createEncounter.mockResolvedValue is not a function,de3723679a991e156acd440611d552d2b03b291413014233273c8a95c9fbea73,,C:\Users\cdbaz\OneDrive\Documentos\Projetos\usp\tcc\health-microservice-corpus\experiments\logs\errors\run-20260901T031236.570959Z\de3723679a991e156acd440611d552d2b03b291413014233273c8a95c9fbea73.txt
run-20260901T031236.570959Z,2026-09-01T09:25:59.460587+00:00,gemma_4,structured,encounter,processAdtMessage,FN_processAdtMessage_END,src/encounter/encounter.service.ts,199,317,04a941d1,jest,2,jest,runtime_error,should handle AdtType A02 successfully by transferring an encounter: TypeError: service.transitionEncounterStatus.mockResolvedValue is not a function,de3723679a991e156acd440611d552d2b03b291413014233273c8a95c9fbea73,,C:\Users\cdbaz\OneDrive\Documentos\Projetos\usp\tcc\health-microservice-corpus\experiments\logs\errors\run-20260901T031236.570959Z\de3723679a991e156acd440611d552d2b03b291413014233273c8a95c9fbea73.txt
run-20260901T031236.570959Z,2026-09-01T09:25:59.465882+00:00,gemma_4,structured,encounter,processAdtMessage,FN_processAdtMessage_END,src/encounter/encounter.service.ts,199,317,04a941d1,jest,2,jest,unknown,"should handle AdtType A03 successfully by discharging an encounter: Error: expect(received).toEqual(expected) // deep equality

- Expected  - 23
+ Received  +  0

  Object {
    ""encounter"": Object {
-     ""created_at"": Any<Date>,
      ""dischargeDate"": ""2023-03-01"",
-     ""id"": ""e1"",
-     ""patient"": Object {
-       ""active"": true,
-       ""birthDate"": 2026-09-01T09:25:59.295Z,
-       ""cpf"": ""123"",
-       ""created_at"": Any<Date>,
-       ""email"": undefined,
-       ""encounters"": Array [],
- ",de3723679a991e156acd440611d552d2b03b291413014233273c8a95c9fbea73,,C:\Users\cdbaz\OneDrive\Documentos\Projetos\usp\tcc\health-microservice-corpus\experiments\logs\errors\run-20260901T031236.570959Z\de3723679a991e156acd440611d552d2b03b291413014233273c8a95c9fbea73.txt
run-20260901T031236.570959Z,2026-09-01T09:30:09.504873+00:00,gemma_4,structured,encounter,processAdtMessage,FN_processAdtMessage_END,src/encounter/encounter.service.ts,199,317,04a941d1,jest,3,jest,unknown,"should handle AdtType A03 successfully by discharging an encounter: Error: expect(received).toEqual(expected) // deep equality

- Expected  - 23
+ Received  +  1

  Object {
    ""encounter"": Object {
-     ""created_at"": Any<Date>,
      ""dischargeDate"": ""2023-03-01"",
-     ""id"": ""e1"",
-     ""patient"": Object {
-       ""active"": true,
-       ""birthDate"": 2026-09-01T09:30:09.368Z,
-       ""cpf"": ""123"",
-       ""created_at"": Any<Date>,
-       ""email"": undefined,
-       ""encounters"": Array [],
- ",59ff98adffb1ca6400f3472b850b24c3335d5bf5422468e5dfe9555c155ed390,,C:\Users\cdbaz\OneDrive\Documentos\Projetos\usp\tcc\health-microservice-corpus\experiments\logs\errors\run-20260901T031236.570959Z\59ff98adffb1ca6400f3472b850b24c3335d5bf5422468e5dfe9555c155ed390.txt
run-20260901T031236.570959Z,2026-09-01T09:31:30.851389+00:00,gemma_4,structured,encounter,processAdtMessage,FN_processAdtMessage_END,src/encounter/encounter.service.ts,199,317,04a941d1,jest,4,jest,unknown,"should handle AdtType A03 successfully by discharging an encounter: Error: expect(received).toEqual(expected) // deep equality

- Expected  - 23
+ Received  +  1

  Object {
    ""encounter"": Object {
-     ""created_at"": Any<Date>,
      ""dischargeDate"": ""2023-03-01"",
-     ""id"": ""e1"",
-     ""patient"": Object {
-       ""active"": true,
-       ""birthDate"": ""2026-09-01T09:30:09.367Z"",
-       ""cpf"": ""123"",
-       ""created_at"": Any<Date>,
-       ""email"": undefined,
-       ""encounters"": Array [],
",00cdd6bb220889de12f3dce4c0364872a1d3b89a2512cfad8b9808bc9ac612c1,,C:\Users\cdbaz\OneDrive\Documentos\Projetos\usp\tcc\health-microservice-corpus\experiments\logs\errors\run-20260901T031236.570959Z\00cdd6bb220889de12f3dce4c0364872a1d3b89a2512cfad8b9808bc9ac612c1.txt
run-20260901T031236.570959Z,2026-09-01T09:31:34.751444+00:00,gemma_4,structured,encounter,processAdtMessage,FN_processAdtMessage_END,src/encounter/encounter.service.ts,199,317,04a941d1,repair,4,repair,repair_failed,1 repair attempt(s) did not produce a valid fix,a19dd2f169fea0f558514ac3dac1b23af029a1260819d762429f620cb291dccb,,
run-20260901T031236.570959Z,2026-09-01T09:32:45.589965+00:00,gemma_4,structured,encounter,updateEncounter,FN_updateEncounter_END,src/encounter/encounter.service.ts,319,363,04a941d1,jest,1,jest,unknown,"should successfully update admitDate when conditions are met: Error: expect(received).toBeDefined()

Received: undefined",ebaefda19be1bc57670229422b53aeb12b629ac7a03137caa4a5dd0feead909a,,C:\Users\cdbaz\OneDrive\Documentos\Projetos\usp\tcc\health-microservice-corpus\experiments\logs\errors\run-20260901T031236.570959Z\ebaefda19be1bc57670229422b53aeb12b629ac7a03137caa4a5dd0feead909a.txt
run-20260901T031236.570959Z,2026-09-01T09:32:45.589965+00:00,gemma_4,structured,encounter,updateEncounter,FN_updateEncounter_END,src/encounter/encounter.service.ts,319,363,04a941d1,jest,1,jest,runtime_error,should successfully update ward when ward is provided and different from current ward: TypeError: Cannot read properties of undefined (reading 'ward'),ebaefda19be1bc57670229422b53aeb12b629ac7a03137caa4a5dd0feead909a,,C:\Users\cdbaz\OneDrive\Documentos\Projetos\usp\tcc\health-microservice-corpus\experiments\logs\errors\run-20260901T031236.570959Z\ebaefda19be1bc57670229422b53aeb12b629ac7a03137caa4a5dd0feead909a.txt
run-20260901T031236.570959Z,2026-09-01T09:35:20.403932+00:00,gemma_4,structured,encounter,updateEncounter,FN_updateEncounter_END,src/encounter/encounter.service.ts,319,363,04a941d1,jest,2,jest,unknown,"should successfully update admitDate when conditions are met: Error: expect(received).toBeDefined()

Received: undefined",9fe8cd38372ce461d10001883823e13ebde5acef7230bec47635f1a8f0d99240,,C:\Users\cdbaz\OneDrive\Documentos\Projetos\usp\tcc\health-microservice-corpus\experiments\logs\errors\run-20260901T031236.570959Z\9fe8cd38372ce461d10001883823e13ebde5acef7230bec47635f1a8f0d99240.txt
run-20260901T031236.570959Z,2026-09-01T09:38:00.434727+00:00,gemma_4,structured,encounter,buildEncounterSummary,FN_buildEncounterSummary_END,src/encounter/encounter.service.ts,365,439,04a941d1,jest,1,jest,assertion_failure,"should calculate summary correctly when an encounter has pending orders and no abnormal results: Error: expect(received).toBe(expected) // Object.is equality

Expected: 1
Received: 0",79eff9fcf7fb984fde992a30d6933360cb8c1b05961505fe5df5efbc9853b3df,,C:\Users\cdbaz\OneDrive\Documentos\Projetos\usp\tcc\health-microservice-corpus\experiments\logs\errors\run-20260901T031236.570959Z\79eff9fcf7fb984fde992a30d6933360cb8c1b05961505fe5df5efbc9853b3df.txt
run-20260901T031236.570959Z,2026-09-01T09:38:00.435739+00:00,gemma_4,structured,encounter,buildEncounterSummary,FN_buildEncounterSummary_END,src/encounter/encounter.service.ts,365,439,04a941d1,jest,1,jest,assertion_failure,"should correctly count abnormal results when abnormality is detected: Error: expect(received).toBe(expected) // Object.is equality

Expected: true
Received: false",79eff9fcf7fb984fde992a30d6933360cb8c1b05961505fe5df5efbc9853b3df,,C:\Users\cdbaz\OneDrive\Documentos\Projetos\usp\tcc\health-microservice-corpus\experiments\logs\errors\run-20260901T031236.570959Z\79eff9fcf7fb984fde992a30d6933360cb8c1b05961505fe5df5efbc9853b3df.txt
run-20260901T031236.570959Z,2026-09-01T09:38:00.435739+00:00,gemma_4,structured,encounter,buildEncounterSummary,FN_buildEncounterSummary_END,src/encounter/encounter.service.ts,365,439,04a941d1,jest,1,jest,assertion_failure,"should correctly determine riskFlag as HIGH when abnormal results exist and activeDays > 7: Error: expect(received).toBe(expected) // Object.is equality

Expected: true
Received: false",79eff9fcf7fb984fde992a30d6933360cb8c1b05961505fe5df5efbc9853b3df,,C:\Users\cdbaz\OneDrive\Documentos\Projetos\usp\tcc\health-microservice-corpus\experiments\logs\errors\run-20260901T031236.570959Z\79eff9fcf7fb984fde992a30d6933360cb8c1b05961505fe5df5efbc9853b3df.txt
run-20260901T031236.570959Z,2026-09-01T09:38:00.435739+00:00,gemma_4,structured,encounter,buildEncounterSummary,FN_buildEncounterSummary_END,src/encounter/encounter.service.ts,365,439,04a941d1,jest,1,jest,unknown,should correctly determine riskFlag as MEDIUM when abnormal results exist but activeDays <= 7: NotFoundException: Encounter with id id9 not found,79eff9fcf7fb984fde992a30d6933360cb8c1b05961505fe5df5efbc9853b3df,,C:\Users\cdbaz\OneDrive\Documentos\Projetos\usp\tcc\health-microservice-corpus\experiments\logs\errors\run-20260901T031236.570959Z\79eff9fcf7fb984fde992a30d6933360cb8c1b05961505fe5df5efbc9853b3df.txt
run-20260901T031236.570959Z,2026-09-01T09:38:00.435739+00:00,gemma_4,structured,encounter,buildEncounterSummary,FN_buildEncounterSummary_END,src/encounter/encounter.service.ts,365,439,04a941d1,jest,1,jest,unknown,should correctly determine riskFlag as MEDIUM when activeDays > 7 but no abnormal results exist: NotFoundException: Encounter with id id10 not found,79eff9fcf7fb984fde992a30d6933360cb8c1b05961505fe5df5efbc9853b3df,,C:\Users\cdbaz\OneDrive\Documentos\Projetos\usp\tcc\health-microservice-corpus\experiments\logs\errors\run-20260901T031236.570959Z\79eff9fcf7fb984fde992a30d6933360cb8c1b05961505fe5df5efbc9853b3df.txt
run-20260901T031236.570959Z,2026-09-01T09:38:00.435739+00:00,gemma_4,structured,encounter,buildEncounterSummary,FN_buildEncounterSummary_END,src/encounter/encounter.service.ts,365,439,04a941d1,jest,1,jest,unknown,should correctly determine riskFlag as LOW when no abnormal results and activeDays <= 7: NotFoundException: Encounter with id id11 not found,79eff9fcf7fb984fde992a30d6933360cb8c1b05961505fe5df5efbc9853b3df,,C:\Users\cdbaz\OneDrive\Documentos\Projetos\usp\tcc\health-microservice-corpus\experiments\logs\errors\run-20260901T031236.570959Z\79eff9fcf7fb984fde992a30d6933360cb8c1b05961505fe5df5efbc9853b3df.txt
run-20260901T031236.570959Z,2026-09-01T09:40:48.620897+00:00,gemma_4,structured,encounter,buildEncounterSummary,FN_buildEncounterSummary_END,src/encounter/encounter.service.ts,365,439,04a941d1,jest,2,jest,assertion_failure,"should calculate summary correctly when an encounter has pending orders and no abnormal results: Error: expect(received).toBe(expected) // Object.is equality

Expected: 1
Received: 0",4ae588554e6fa0b9584f51970fafd7ce03f111d67883ee05381e4d8be0663867,,C:\Users\cdbaz\OneDrive\Documentos\Projetos\usp\tcc\health-microservice-corpus\experiments\logs\errors\run-20260901T031236.570959Z\4ae588554e6fa0b9584f51970fafd7ce03f111d67883ee05381e4d8be0663867.txt
run-20260901T031236.570959Z,2026-09-01T09:40:48.620897+00:00,gemma_4,structured,encounter,buildEncounterSummary,FN_buildEncounterSummary_END,src/encounter/encounter.service.ts,365,439,04a941d1,jest,2,jest,assertion_failure,"should correctly determine riskFlag as HIGH when abnormal results exist and activeDays > 7: Error: expect(received).toBe(expected) // Object.is equality

Expected: true
Received: false",4ae588554e6fa0b9584f51970fafd7ce03f111d67883ee05381e4d8be0663867,,C:\Users\cdbaz\OneDrive\Documentos\Projetos\usp\tcc\health-microservice-corpus\experiments\logs\errors\run-20260901T031236.570959Z\4ae588554e6fa0b9584f51970fafd7ce03f111d67883ee05381e4d8be0663867.txt
run-20260901T031236.570959Z,2026-09-01T09:40:48.627583+00:00,gemma_4,structured,encounter,buildEncounterSummary,FN_buildEncounterSummary_END,src/encounter/encounter.service.ts,365,439,04a941d1,jest,2,jest,unknown,should correctly determine riskFlag as MEDIUM when abnormal results exist but activeDays <= 7: NotFoundException: Encounter with id id9 not found,4ae588554e6fa0b9584f51970fafd7ce03f111d67883ee05381e4d8be0663867,,C:\Users\cdbaz\OneDrive\Documentos\Projetos\usp\tcc\health-microservice-corpus\experiments\logs\errors\run-20260901T031236.570959Z\4ae588554e6fa0b9584f51970fafd7ce03f111d67883ee05381e4d8be0663867.txt
run-20260901T031236.570959Z,2026-09-01T09:40:48.629461+00:00,gemma_4,structured,encounter,buildEncounterSummary,FN_buildEncounterSummary_END,src/encounter/encounter.service.ts,365,439,04a941d1,jest,2,jest,unknown,should correctly determine riskFlag as MEDIUM when activeDays > 7 but no abnormal results exist: NotFoundException: Encounter with id id10 not found,4ae588554e6fa0b9584f51970fafd7ce03f111d67883ee05381e4d8be0663867,,C:\Users\cdbaz\OneDrive\Documentos\Projetos\usp\tcc\health-microservice-corpus\experiments\logs\errors\run-20260901T031236.570959Z\4ae588554e6fa0b9584f51970fafd7ce03f111d67883ee05381e4d8be0663867.txt
run-20260901T031236.570959Z,2026-09-01T09:40:48.630472+00:00,gemma_4,structured,encounter,buildEncounterSummary,FN_buildEncounterSummary_END,src/encounter/encounter.service.ts,365,439,04a941d1,jest,2,jest,unknown,should correctly determine riskFlag as LOW when no abnormal results and activeDays <= 7: NotFoundException: Encounter with id id11 not found,4ae588554e6fa0b9584f51970fafd7ce03f111d67883ee05381e4d8be0663867,,C:\Users\cdbaz\OneDrive\Documentos\Projetos\usp\tcc\health-microservice-corpus\experiments\logs\errors\run-20260901T031236.570959Z\4ae588554e6fa0b9584f51970fafd7ce03f111d67883ee05381e4d8be0663867.txt
run-20260901T031236.570959Z,2026-09-01T09:42:07.121286+00:00,gemma_4,structured,encounter,buildEncounterSummary,FN_buildEncounterSummary_END,src/encounter/encounter.service.ts,365,439,04a941d1,jest,3,jest,assertion_failure,"should correctly determine riskFlag as HIGH when abnormal results exist and activeDays > 7: Error: expect(received).toBe(expected) // Object.is equality

Expected: true
Received: false",a11b122882c52933f4b761b31199c4e6e1638d41a971d7e6da3fc3ae86f93a50,,C:\Users\cdbaz\OneDrive\Documentos\Projetos\usp\tcc\health-microservice-corpus\experiments\logs\errors\run-20260901T031236.570959Z\a11b122882c52933f4b761b31199c4e6e1638d41a971d7e6da3fc3ae86f93a50.txt
run-20260901T031236.570959Z,2026-09-01T09:42:07.121286+00:00,gemma_4,structured,encounter,buildEncounterSummary,FN_buildEncounterSummary_END,src/encounter/encounter.service.ts,365,439,04a941d1,jest,3,jest,unknown,should correctly determine riskFlag as MEDIUM when abnormal results exist but activeDays <= 7: NotFoundException: Encounter with id id9 not found,a11b122882c52933f4b761b31199c4e6e1638d41a971d7e6da3fc3ae86f93a50,,C:\Users\cdbaz\OneDrive\Documentos\Projetos\usp\tcc\health-microservice-corpus\experiments\logs\errors\run-20260901T031236.570959Z\a11b122882c52933f4b761b31199c4e6e1638d41a971d7e6da3fc3ae86f93a50.txt
run-20260901T031236.570959Z,2026-09-01T09:42:07.121286+00:00,gemma_4,structured,encounter,buildEncounterSummary,FN_buildEncounterSummary_END,src/encounter/encounter.service.ts,365,439,04a941d1,jest,3,jest,unknown,should correctly determine riskFlag as MEDIUM when activeDays > 7 but no abnormal results exist: NotFoundException: Encounter with id id10 not found,a11b122882c52933f4b761b31199c4e6e1638d41a971d7e6da3fc3ae86f93a50,,C:\Users\cdbaz\OneDrive\Documentos\Projetos\usp\tcc\health-microservice-corpus\experiments\logs\errors\run-20260901T031236.570959Z\a11b122882c52933f4b761b31199c4e6e1638d41a971d7e6da3fc3ae86f93a50.txt
run-20260901T031236.570959Z,2026-09-01T09:42:07.121286+00:00,gemma_4,structured,encounter,buildEncounterSummary,FN_buildEncounterSummary_END,src/encounter/encounter.service.ts,365,439,04a941d1,jest,3,jest,unknown,should correctly determine riskFlag as LOW when no abnormal results and activeDays <= 7: NotFoundException: Encounter with id id11 not found,a11b122882c52933f4b761b31199c4e6e1638d41a971d7e6da3fc3ae86f93a50,,C:\Users\cdbaz\OneDrive\Documentos\Projetos\usp\tcc\health-microservice-corpus\experiments\logs\errors\run-20260901T031236.570959Z\a11b122882c52933f4b761b31199c4e6e1638d41a971d7e6da3fc3ae86f93a50.txt
run-20260901T031236.570959Z,2026-09-01T09:42:09.185472+00:00,gemma_4,structured,encounter,buildEncounterSummary,FN_buildEncounterSummary_END,src/encounter/encounter.service.ts,365,439,04a941d1,repair,3,repair,repair_failed,4 repair attempt(s) did not produce a valid fix,9b73ccd0074936c767bf8f2216c53721f4b8f093736c7c8b04f308126a5f45f2,,
run-20260901T031236.570959Z,2026-09-01T09:42:12.333384+00:00,gemma_4,structured,encounter,buildEncounterSummary,FN_buildEncounterSummary_END,src/encounter/encounter.service.ts,365,439,04a941d1,jest,4,jest,assertion_failure,"should correctly determine riskFlag as HIGH when abnormal results exist and activeDays > 7: Error: expect(received).toBe(expected) // Object.is equality

Expected: true
Received: false",e5d1357910ade9f4230c7dbf492e8a2dcacfeb3783f62d5be8d2686671f2155c,,C:\Users\cdbaz\OneDrive\Documentos\Projetos\usp\tcc\health-microservice-corpus\experiments\logs\errors\run-20260901T031236.570959Z\e5d1357910ade9f4230c7dbf492e8a2dcacfeb3783f62d5be8d2686671f2155c.txt
run-20260901T031236.570959Z,2026-09-01T09:42:12.333384+00:00,gemma_4,structured,encounter,buildEncounterSummary,FN_buildEncounterSummary_END,src/encounter/encounter.service.ts,365,439,04a941d1,jest,4,jest,unknown,should correctly determine riskFlag as MEDIUM when abnormal results exist but activeDays <= 7: NotFoundException: Encounter with id id9 not found,e5d1357910ade9f4230c7dbf492e8a2dcacfeb3783f62d5be8d2686671f2155c,,C:\Users\cdbaz\OneDrive\Documentos\Projetos\usp\tcc\health-microservice-corpus\experiments\logs\errors\run-20260901T031236.570959Z\e5d1357910ade9f4230c7dbf492e8a2dcacfeb3783f62d5be8d2686671f2155c.txt
run-20260901T031236.570959Z,2026-09-01T09:42:12.338071+00:00,gemma_4,structured,encounter,buildEncounterSummary,FN_buildEncounterSummary_END,src/encounter/encounter.service.ts,365,439,04a941d1,jest,4,jest,unknown,should correctly determine riskFlag as MEDIUM when activeDays > 7 but no abnormal results exist: NotFoundException: Encounter with id id10 not found,e5d1357910ade9f4230c7dbf492e8a2dcacfeb3783f62d5be8d2686671f2155c,,C:\Users\cdbaz\OneDrive\Documentos\Projetos\usp\tcc\health-microservice-corpus\experiments\logs\errors\run-20260901T031236.570959Z\e5d1357910ade9f4230c7dbf492e8a2dcacfeb3783f62d5be8d2686671f2155c.txt
run-20260901T031236.570959Z,2026-09-01T09:42:12.339536+00:00,gemma_4,structured,encounter,buildEncounterSummary,FN_buildEncounterSummary_END,src/encounter/encounter.service.ts,365,439,04a941d1,jest,4,jest,unknown,should correctly determine riskFlag as LOW when no abnormal results and activeDays <= 7: NotFoundException: Encounter with id id11 not found,e5d1357910ade9f4230c7dbf492e8a2dcacfeb3783f62d5be8d2686671f2155c,,C:\Users\cdbaz\OneDrive\Documentos\Projetos\usp\tcc\health-microservice-corpus\experiments\logs\errors\run-20260901T031236.570959Z\e5d1357910ade9f4230c7dbf492e8a2dcacfeb3783f62d5be8d2686671f2155c.txt
run-20260901T031236.570959Z,2026-09-01T09:42:14.343534+00:00,gemma_4,structured,encounter,buildEncounterSummary,FN_buildEncounterSummary_END,src/encounter/encounter.service.ts,365,439,04a941d1,repair,4,repair,repair_failed,4 repair attempt(s) did not produce a valid fix,9b73ccd0074936c767bf8f2216c53721f4b8f093736c7c8b04f308126a5f45f2,,
run-20260901T031236.570959Z,2026-09-01T09:42:17.470313+00:00,gemma_4,structured,encounter,buildEncounterSummary,FN_buildEncounterSummary_END,src/encounter/encounter.service.ts,365,439,04a941d1,jest,5,jest,assertion_failure,"should correctly determine riskFlag as HIGH when abnormal results exist and activeDays > 7: Error: expect(received).toBe(expected) // Object.is equality

Expected: true
Received: false",b008893f942b1c3a3ad61e7fde37129342eb253ff90dfce12a6c18a91bce2a49,,C:\Users\cdbaz\OneDrive\Documentos\Projetos\usp\tcc\health-microservice-corpus\experiments\logs\errors\run-20260901T031236.570959Z\b008893f942b1c3a3ad61e7fde37129342eb253ff90dfce12a6c18a91bce2a49.txt
run-20260901T031236.570959Z,2026-09-01T09:42:17.473916+00:00,gemma_4,structured,encounter,buildEncounterSummary,FN_buildEncounterSummary_END,src/encounter/encounter.service.ts,365,439,04a941d1,jest,5,jest,unknown,should correctly determine riskFlag as MEDIUM when abnormal results exist but activeDays <= 7: NotFoundException: Encounter with id id9 not found,b008893f942b1c3a3ad61e7fde37129342eb253ff90dfce12a6c18a91bce2a49,,C:\Users\cdbaz\OneDrive\Documentos\Projetos\usp\tcc\health-microservice-corpus\experiments\logs\errors\run-20260901T031236.570959Z\b008893f942b1c3a3ad61e7fde37129342eb253ff90dfce12a6c18a91bce2a49.txt
run-20260901T031236.570959Z,2026-09-01T09:42:17.476283+00:00,gemma_4,structured,encounter,buildEncounterSummary,FN_buildEncounterSummary_END,src/encounter/encounter.service.ts,365,439,04a941d1,jest,5,jest,unknown,should correctly determine riskFlag as MEDIUM when activeDays > 7 but no abnormal results exist: NotFoundException: Encounter with id id10 not found,b008893f942b1c3a3ad61e7fde37129342eb253ff90dfce12a6c18a91bce2a49,,C:\Users\cdbaz\OneDrive\Documentos\Projetos\usp\tcc\health-microservice-corpus\experiments\logs\errors\run-20260901T031236.570959Z\b008893f942b1c3a3ad61e7fde37129342eb253ff90dfce12a6c18a91bce2a49.txt
run-20260901T031236.570959Z,2026-09-01T09:42:17.478413+00:00,gemma_4,structured,encounter,buildEncounterSummary,FN_buildEncounterSummary_END,src/encounter/encounter.service.ts,365,439,04a941d1,jest,5,jest,unknown,should correctly determine riskFlag as LOW when no abnormal results and activeDays <= 7: NotFoundException: Encounter with id id11 not found,b008893f942b1c3a3ad61e7fde37129342eb253ff90dfce12a6c18a91bce2a49,,C:\Users\cdbaz\OneDrive\Documentos\Projetos\usp\tcc\health-microservice-corpus\experiments\logs\errors\run-20260901T031236.570959Z\b008893f942b1c3a3ad61e7fde37129342eb253ff90dfce12a6c18a91bce2a49.txt
run-20260901T031236.570959Z,2026-09-01T09:42:17.480936+00:00,gemma_4,structured,encounter,buildEncounterSummary,FN_buildEncounterSummary_END,src/encounter/encounter.service.ts,365,439,04a941d1,repair,5,repair,max_repairs_exceeded,Runtime repair exhausted MAX_RUNTIME_REPAIRS=5 attempts,07669857ffb0ce3ee50e620aaa2bdb3e306e87699a96b0b0862427652773b240,,
run-20260901T031236.570959Z,2026-09-01T09:42:19.535556+00:00,gemma_4,structured,encounter,buildEncounterSummary,FN_buildEncounterSummary_END,src/encounter/encounter.service.ts,365,439,04a941d1,pipeline,,pipeline,rollback,Function 'buildEncounterSummary' failed irrecoverably; rolled back to the last known-good snapshot.,c515d2813418d62554b3bc57ca018c713d1ec00fedacbda2589c150c8bfeb782,restored,
run-20260901T031236.570959Z,2026-09-01T09:45:35.615158+00:00,gemma_4,structured,order,validateOrderResult,FN_validateOrderResult_END,src/order/order.service.ts,80,158,556cd6ea,jest,1,jest,assertion_failure,"should throw BadRequestException if incomingStatus is CORRECTED and order has existing results: Error: expect(received).rejects.toThrow(expected)

Expected substring: ""Order (id: order1) already has a final or corrected result""
Received message:   ""Cannot register a CORRECTED result until the order is COMPLETED""

    [0m [90m 109 |[39m     [36mif[39m (incomingStatus [33m===[39m [33mResultStatus[39m[33m.[39m[33mCORRECTED[39m) {
     [90m 110 |[39m       [36mif[39m (order[33m.[3",e90dad8ac341f7b8bcc492465ba22ee11c285c7ef02da40ff3e66d8a0f9c6a16,,C:\Users\cdbaz\OneDrive\Documentos\Projetos\usp\tcc\health-microservice-corpus\experiments\logs\errors\run-20260901T031236.570959Z\e90dad8ac341f7b8bcc492465ba22ee11c285c7ef02da40ff3e66d8a0f9c6a16.txt
run-20260901T031236.570959Z,2026-09-01T09:45:35.615158+00:00,gemma_4,structured,order,validateOrderResult,FN_validateOrderResult_END,src/order/order.service.ts,80,158,556cd6ea,jest,1,jest,unknown,should transition order status from PENDING to IN_PROGRESS when incomingStatus is FINAL: BadRequestException: Cannot register a FINAL result for a PENDING order. Order must be IN_PROGRESS first,e90dad8ac341f7b8bcc492465ba22ee11c285c7ef02da40ff3e66d8a0f9c6a16,,C:\Users\cdbaz\OneDrive\Documentos\Projetos\usp\tcc\health-microservice-corpus\experiments\logs\errors\run-20260901T031236.570959Z\e90dad8ac341f7b8bcc492465ba22ee11c285c7ef02da40ff3e66d8a0f9c6a16.txt
run-20260901T031236.570959Z,2026-09-01T09:48:32.466378+00:00,gemma_4,structured,order,validateOrderResult,FN_validateOrderResult_END,src/order/order.service.ts,80,158,556cd6ea,jest,2,jest,unknown,should transition order status from PENDING to IN_PROGRESS when incomingStatus is FINAL: BadRequestException: Cannot register a FINAL result for a PENDING order. Order must be IN_PROGRESS first,439a4f05aad2c14ea85f59ddfa09abd0a83d2dffb58df687593c6f1dd6b6786d,,C:\Users\cdbaz\OneDrive\Documentos\Projetos\usp\tcc\health-microservice-corpus\experiments\logs\errors\run-20260901T031236.570959Z\439a4f05aad2c14ea85f59ddfa09abd0a83d2dffb58df687593c6f1dd6b6786d.txt
run-20260901T031236.570959Z,2026-09-01T09:51:07.417119+00:00,gemma_4,structured,order,updateOrder,FN_updateOrder_END,src/order/order.service.ts,170,203,556cd6ea,jest,1,jest,unknown,should update requestedBy if provided and save the order: BadRequestException: Cannot update requestedBy for an order in progress. Only notes can be updated,19fab4c89893e07219e34ef0c7071af6a416db3ad4a4cd8d03bc28606cc760ee,,C:\Users\cdbaz\OneDrive\Documentos\Projetos\usp\tcc\health-microservice-corpus\experiments\logs\errors\run-20260901T031236.570959Z\19fab4c89893e07219e34ef0c7071af6a416db3ad4a4cd8d03bc28606cc760ee.txt
run-20260901T031236.570959Z,2026-09-01T09:53:53.689545+00:00,gemma_4,structured,patient,createPatient,FN_createPatient_END,src/patient/patient.service.ts,27,51,0ddb42a2,jest,1,jest,assertion_failure,"should successfully create and save a new patient: Error: expect(jest.fn()).toHaveBeenCalledWith(...expected)

- Expected
+ Received

  Object {
-   ""birthDate"": ""2000-01-01"",
+   ""birthDate"": 2000-01-01T00:00:00.000Z,
    ""cpf"": ""1234567890"",
    ""email"": ""test@example.com"",
    ""name"": ""Test"",
  },

Number of calls: 1",7119973bdaeaf3206257ffffa0882d43bc9a7c84deabfbc5a2e20ca019c26639,,C:\Users\cdbaz\OneDrive\Documentos\Projetos\usp\tcc\health-microservice-corpus\experiments\logs\errors\run-20260901T031236.570959Z\7119973bdaeaf3206257ffffa0882d43bc9a7c84deabfbc5a2e20ca019c26639.txt
run-20260901T031236.570959Z,2026-09-01T09:54:37.672513+00:00,gemma_4,structured,patient,createPatient,FN_createPatient_END,src/patient/patient.service.ts,27,51,0ddb42a2,jest,2,jest,assertion_failure,"should successfully create and save a new patient: Error: expect(jest.fn()).toHaveBeenCalledWith(...expected)

- Expected
+ Received

  Object {
-   ""birthDate"": ""2000-01-01"",
+   ""birthDate"": 2000-01-01T00:00:00.000Z,
    ""cpf"": ""1234567890"",
    ""email"": ""test@example.com"",
    ""name"": ""Test"",
  },

Number of calls: 1",fb1a4c8a84c640f097cf645046d49febbd8a43e50c5a07762c005d8d5f22434e,,C:\Users\cdbaz\OneDrive\Documentos\Projetos\usp\tcc\health-microservice-corpus\experiments\logs\errors\run-20260901T031236.570959Z\fb1a4c8a84c640f097cf645046d49febbd8a43e50c5a07762c005d8d5f22434e.txt
run-20260901T031236.570959Z,2026-09-01T09:56:31.136403+00:00,gemma_4,structured,patient,updatePatient,FN_updatePatient_END,src/patient/patient.service.ts,53,75,0ddb42a2,jest,1,jest,assertion_failure,"should throw ConflictException if the new email already exists: Error: expect(received).rejects.toThrow(expected)

Expected constructor: ConflictException
Received constructor: NotFoundException

Received message: ""Patient with id 1 not found""

    [0m [90m 16 |[39m     [36mconst[39m patient [33m=[39m [36mawait[39m [36mthis[39m[33m.[39mpatientRepository[33m.[39mfindById(id)[33m;[39m
     [90m 17 |[39m     [36mif[39m ([33m![39mpatient) {
    [31m[1m>[22m[39m[90m 18 |[",ab8b066e5e1707183a2c8813605d65f5721a0fc7b76398041438d0fc671731f6,,C:\Users\cdbaz\OneDrive\Documentos\Projetos\usp\tcc\health-microservice-corpus\experiments\logs\errors\run-20260901T031236.570959Z\ab8b066e5e1707183a2c8813605d65f5721a0fc7b76398041438d0fc671731f6.txt
run-20260901T031236.570959Z,2026-09-01T09:58:43.028703+00:00,gemma_4,structured,result,createResult,FN_createResult_END,src/result/result.service.ts,26,39,357b6b51,jest,1,jest,assertion_failure,"should handle missing optional fields by setting them to null: Error: expect(jest.fn()).toHaveBeenCalledWith(...expected)

- Expected
+ Received

@@ -1,9 +1,9 @@
  Object {
    ""notes"": null,
    ""orderId"": ""order-124"",
-   ""referenceMax"": null,
+   ""referenceMax"": 20,
    ""referenceMin"": 10,
    ""resultDate"": 2023-02-01T00:00:00.000Z,
    ""sourceSystem"": null,
    ""status"": ""CORRECTED"",
    ""unit"": ""EUR"",,

Number of calls: 1",41fc3dd8d6cab22308b2281be6710e5314512adeae354ce25264203ef0a4bc92,,C:\Users\cdbaz\OneDrive\Documentos\Projetos\usp\tcc\health-microservice-corpus\experiments\logs\errors\run-20260901T031236.570959Z\41fc3dd8d6cab22308b2281be6710e5314512adeae354ce25264203ef0a4bc92.txt
run-20260901T031236.570959Z,2026-09-01T10:02:13.461831+00:00,gemma_4,structured,result,buildResultReport,FN_buildResultReport_END,src/result/result.service.ts,53,124,357b6b51,jest,1,jest,unknown,"should correctly calculate summary and items when results are present and include various statuses: Error: expect(received).toEqual(expected) // deep equality

- Expected  - 1
+ Received  + 1

@@ -38,11 +38,11 @@
        ""value"": 75,
      },
    ],
    ""orderId"": ""some-order-id"",
    ""summary"": Object {
-     ""abnormal"": 0,
+     ""abnormal"": 1,
      ""corrected"": 1,
      ""final"": 1,
      ""preliminary"": 1,
      ""total"": 3,
    },",9dc30582227786e700454c32817c4a1fb81f3039c80473ad7e0a608c90123b0d,,C:\Users\cdbaz\OneDrive\Documentos\Projetos\usp\tcc\health-microservice-corpus\experiments\logs\errors\run-20260901T031236.570959Z\9dc30582227786e700454c32817c4a1fb81f3039c80473ad7e0a608c90123b0d.txt
run-20260901T031236.570959Z,2026-09-01T10:02:13.461831+00:00,gemma_4,structured,result,buildResultReport,FN_buildResultReport_END,src/result/result.service.ts,53,124,357b6b51,jest,1,jest,assertion_failure,"should handle results where reference ranges are null for all results: Error: expect(received).toBe(expected) // Object.is equality

Expected: ""UNKNOWN""
Received: ""NORMAL""",9dc30582227786e700454c32817c4a1fb81f3039c80473ad7e0a608c90123b0d,,C:\Users\cdbaz\OneDrive\Documentos\Projetos\usp\tcc\health-microservice-corpus\experiments\logs\errors\run-20260901T031236.570959Z\9dc30582227786e700454c32817c4a1fb81f3039c80473ad7e0a608c90123b0d.txt
run-20260901T031236.570959Z,2026-09-01T10:04:27.561143+00:00,gemma_4,structured,result,buildResultReport,FN_buildResultReport_END,src/result/result.service.ts,53,124,357b6b51,jest,2,jest,assertion_failure,"should handle results where reference ranges are null for all results: Error: expect(received).toBe(expected) // Object.is equality

Expected: ""UNKNOWN""
Received: ""NORMAL""",84664c297f9374b57815b3046839012023cd5799f405e1969f3922f2390f1ebd,,C:\Users\cdbaz\OneDrive\Documentos\Projetos\usp\tcc\health-microservice-corpus\experiments\logs\errors\run-20260901T031236.570959Z\84664c297f9374b57815b3046839012023cd5799f405e1969f3922f2390f1ebd.txt
run-20260901T031236.570959Z,2026-09-01T10:06:57.620683+00:00,gemma_4,structured,result,updateResult,FN_updateResult_END,src/result/result.service.ts,126,206,357b6b51,jest,1,jest,unknown,"should throw BadRequestException for invalid status transition: Error: expect(received).rejects.toThrow()

Received promise resolved instead of rejected
Resolved to value: undefined",dfe2232fcad8ac77805500ca7c1d3756ae3a490b2ff1cfb573b8fed7e36f2cd9,,C:\Users\cdbaz\OneDrive\Documentos\Projetos\usp\tcc\health-microservice-corpus\experiments\logs\errors\run-20260901T031236.570959Z\dfe2232fcad8ac77805500ca7c1d3756ae3a490b2ff1cfb573b8fed7e36f2cd9.txt
run-20260901T031236.570959Z,2026-09-01T10:06:57.620683+00:00,gemma_4,structured,result,updateResult,FN_updateResult_END,src/result/result.service.ts,126,206,357b6b51,jest,1,jest,unknown,"should throw BadRequestException when referenceMin is not less than referenceMax: Error: expect(received).rejects.toThrow()

Received promise resolved instead of rejected
Resolved to value: undefined",dfe2232fcad8ac77805500ca7c1d3756ae3a490b2ff1cfb573b8fed7e36f2cd9,,C:\Users\cdbaz\OneDrive\Documentos\Projetos\usp\tcc\health-microservice-corpus\experiments\logs\errors\run-20260901T031236.570959Z\dfe2232fcad8ac77805500ca7c1d3756ae3a490b2ff1cfb573b8fed7e36f2cd9.txt
run-20260901T031236.570959Z,2026-09-01T10:12:01.589789+00:00,qwen_4b,zero_shot,encounter,createEncounter,FN_createEncounter_END,src/encounter/encounter.service.ts,30,63,04a941d1,jest,1,jest,assertion_failure,"should throw ConflictException when patient has active encounter: Error: expect(received).rejects.toThrow(expected)

Expected constructor: ConflictException
Received constructor: BadRequestException

Received message: ""Ward is required for ADT A01 (admission)""

    [0m [90m 65 |[39m   validateEncounterFields(dto[33m:[39m [33mCreateEncounterDto[39m)[33m:[39m [36mvoid[39m {
     [90m 66 |[39m     [36mif[39m (dto[33m.[39madtType [33m===[39m [33mAdtType[39m[33m.[39m[33mA01[3",4541d0f2dd9e2f68635c10a18fb5702b8b416255cefc53f1e77987326a54ba4d,,C:\Users\cdbaz\OneDrive\Documentos\Projetos\usp\tcc\health-microservice-corpus\experiments\logs\errors\run-20260901T031236.570959Z\4541d0f2dd9e2f68635c10a18fb5702b8b416255cefc53f1e77987326a54ba4d.txt
run-20260901T031236.570959Z,2026-09-01T10:12:01.589789+00:00,qwen_4b,zero_shot,encounter,createEncounter,FN_createEncounter_END,src/encounter/encounter.service.ts,30,63,04a941d1,jest,1,jest,unknown,should create encounter with null ward: BadRequestException: Ward is required for ADT A01 (admission),4541d0f2dd9e2f68635c10a18fb5702b8b416255cefc53f1e77987326a54ba4d,,C:\Users\cdbaz\OneDrive\Documentos\Projetos\usp\tcc\health-microservice-corpus\experiments\logs\errors\run-20260901T031236.570959Z\4541d0f2dd9e2f68635c10a18fb5702b8b416255cefc53f1e77987326a54ba4d.txt
run-20260901T031236.570959Z,2026-09-01T10:14:27.303956+00:00,qwen_4b,zero_shot,encounter,createEncounter,FN_createEncounter_END,src/encounter/encounter.service.ts,30,63,04a941d1,jest,2,jest,assertion_failure,"should throw ConflictException when patient has active encounter: Error: expect(received).rejects.toThrow(expected)

Expected constructor: ConflictException
Received constructor: BadRequestException

Received message: ""Ward is required for ADT A01 (admission)""

    [0m [90m 65 |[39m   validateEncounterFields(dto[33m:[39m [33mCreateEncounterDto[39m)[33m:[39m [36mvoid[39m {
     [90m 66 |[39m     [36mif[39m (dto[33m.[39madtType [33m===[39m [33mAdtType[39m[33m.[39m[33mA01[3",6547081072ba8c5eb9b0ed6fed83543c462283105ed8721d446283b0c58bfa49,,C:\Users\cdbaz\OneDrive\Documentos\Projetos\usp\tcc\health-microservice-corpus\experiments\logs\errors\run-20260901T031236.570959Z\6547081072ba8c5eb9b0ed6fed83543c462283105ed8721d446283b0c58bfa49.txt
run-20260901T031236.570959Z,2026-09-01T10:17:20.354264+00:00,qwen_4b,zero_shot,encounter,validateEncounterFields,FN_validateEncounterFields_END,src/encounter/encounter.service.ts,65,91,04a941d1,jest,1,jest,runtime_error,"should throw BadRequestException for A01 without ward: Error: expect(received).toThrow(expected)

Expected substring: ""Ward is required for ADT A01 (admission)""
Received message:   ""validateEncounterFields is not defined""

    [0m [90m 220 |[39m     } [36mas[39m [33mCreateEncounterDto[39m[33m;[39m
     [90m 221 |[39m
    [31m[1m>[22m[39m[90m 222 |[39m     expect(() [33m=>[39m validateEncounterFields(dto))[33m.[39mtoThrow([32m'Ward is required for ADT A01 (admission)'[39m)",af96f0b36851e307ff3bc45ae0f3100244b0c04a2a7d89a1b5fbb6a874b35afa,,C:\Users\cdbaz\OneDrive\Documentos\Projetos\usp\tcc\health-microservice-corpus\experiments\logs\errors\run-20260901T031236.570959Z\af96f0b36851e307ff3bc45ae0f3100244b0c04a2a7d89a1b5fbb6a874b35afa.txt
run-20260901T031236.570959Z,2026-09-01T10:17:20.354264+00:00,qwen_4b,zero_shot,encounter,validateEncounterFields,FN_validateEncounterFields_END,src/encounter/encounter.service.ts,65,91,04a941d1,jest,1,jest,runtime_error,"should throw BadRequestException for A02 without ward: Error: expect(received).toThrow(expected)

Expected substring: ""Ward is required for ADT A02 (transfer)""
Received message:   ""validateEncounterFields is not defined""

    [0m [90m 230 |[39m     } [36mas[39m [33mCreateEncounterDto[39m[33m;[39m
     [90m 231 |[39m
    [31m[1m>[22m[39m[90m 232 |[39m     expect(() [33m=>[39m validateEncounterFields(dto))[33m.[39mtoThrow([32m'Ward is required for ADT A02 (transfer)'[39m)[3",af96f0b36851e307ff3bc45ae0f3100244b0c04a2a7d89a1b5fbb6a874b35afa,,C:\Users\cdbaz\OneDrive\Documentos\Projetos\usp\tcc\health-microservice-corpus\experiments\logs\errors\run-20260901T031236.570959Z\af96f0b36851e307ff3bc45ae0f3100244b0c04a2a7d89a1b5fbb6a874b35afa.txt
run-20260901T031236.570959Z,2026-09-01T10:17:20.354264+00:00,qwen_4b,zero_shot,encounter,validateEncounterFields,FN_validateEncounterFields_END,src/encounter/encounter.service.ts,65,91,04a941d1,jest,1,jest,runtime_error,"should throw BadRequestException for A03 with ward: Error: expect(received).toThrow(expected)

Expected substring: ""Ward must not be informed for ADT A03 (discharge)""
Received message:   ""validateEncounterFields is not defined""

    [0m [90m 241 |[39m     } [36mas[39m [33mCreateEncounterDto[39m[33m;[39m
     [90m 242 |[39m
    [31m[1m>[22m[39m[90m 243 |[39m     expect(() [33m=>[39m validateEncounterFields(dto))[33m.[39mtoThrow([32m'Ward must not be informed for ADT A03 (dis",af96f0b36851e307ff3bc45ae0f3100244b0c04a2a7d89a1b5fbb6a874b35afa,,C:\Users\cdbaz\OneDrive\Documentos\Projetos\usp\tcc\health-microservice-corpus\experiments\logs\errors\run-20260901T031236.570959Z\af96f0b36851e307ff3bc45ae0f3100244b0c04a2a7d89a1b5fbb6a874b35afa.txt
run-20260901T031236.570959Z,2026-09-01T10:17:20.354264+00:00,qwen_4b,zero_shot,encounter,validateEncounterFields,FN_validateEncounterFields_END,src/encounter/encounter.service.ts,65,91,04a941d1,jest,1,jest,runtime_error,"should throw BadRequestException for A08 with ward: Error: expect(received).toThrow(expected)

Expected substring: ""Ward must not be informed for ADT A08 (update)""
Received message:   ""validateEncounterFields is not defined""

    [0m [90m 252 |[39m     } [36mas[39m [33mCreateEncounterDto[39m[33m;[39m
     [90m 253 |[39m
    [31m[1m>[22m[39m[90m 254 |[39m     expect(() [33m=>[39m validateEncounterFields(dto))[33m.[39mtoThrow([32m'Ward must not be informed for ADT A08 (update",af96f0b36851e307ff3bc45ae0f3100244b0c04a2a7d89a1b5fbb6a874b35afa,,C:\Users\cdbaz\OneDrive\Documentos\Projetos\usp\tcc\health-microservice-corpus\experiments\logs\errors\run-20260901T031236.570959Z\af96f0b36851e307ff3bc45ae0f3100244b0c04a2a7d89a1b5fbb6a874b35afa.txt
run-20260901T031236.570959Z,2026-09-01T10:17:20.354264+00:00,qwen_4b,zero_shot,encounter,validateEncounterFields,FN_validateEncounterFields_END,src/encounter/encounter.service.ts,65,91,04a941d1,jest,1,jest,runtime_error,"should throw BadRequestException for A08 without patientId: Error: expect(received).toThrow(expected)

Expected substring: ""PatientId is required for ADT A08 (update)""
Received message:   ""validateEncounterFields is not defined""

    [0m [90m 261 |[39m     } [36mas[39m [33mCreateEncounterDto[39m[33m;[39m
     [90m 262 |[39m
    [31m[1m>[22m[39m[90m 263 |[39m     expect(() [33m=>[39m validateEncounterFields(dto))[33m.[39mtoThrow([32m'PatientId is required for ADT A08 (update",af96f0b36851e307ff3bc45ae0f3100244b0c04a2a7d89a1b5fbb6a874b35afa,,C:\Users\cdbaz\OneDrive\Documentos\Projetos\usp\tcc\health-microservice-corpus\experiments\logs\errors\run-20260901T031236.570959Z\af96f0b36851e307ff3bc45ae0f3100244b0c04a2a7d89a1b5fbb6a874b35afa.txt
run-20260901T031236.570959Z,2026-09-01T10:17:20.354264+00:00,qwen_4b,zero_shot,encounter,validateEncounterFields,FN_validateEncounterFields_END,src/encounter/encounter.service.ts,65,91,04a941d1,jest,1,jest,runtime_error,"should not throw exception for valid A01 with ward: Error: expect(received).not.toThrow()

Error name:    ""ReferenceError""
Error message: ""validateEncounterFields is not defined""

    [0m [90m 272 |[39m     } [36mas[39m [33mCreateEncounterDto[39m[33m;[39m
     [90m 273 |[39m
    [31m[1m>[22m[39m[90m 274 |[39m     expect(() [33m=>[39m validateEncounterFields(dto))[33m.[39mnot[33m.[39mtoThrow()[33m;[39m
     [90m     |[39m                  [31m[1m^[22m[39m
     [90m",af96f0b36851e307ff3bc45ae0f3100244b0c04a2a7d89a1b5fbb6a874b35afa,,C:\Users\cdbaz\OneDrive\Documentos\Projetos\usp\tcc\health-microservice-corpus\experiments\logs\errors\run-20260901T031236.570959Z\af96f0b36851e307ff3bc45ae0f3100244b0c04a2a7d89a1b5fbb6a874b35afa.txt
run-20260901T031236.570959Z,2026-09-01T10:17:20.354264+00:00,qwen_4b,zero_shot,encounter,validateEncounterFields,FN_validateEncounterFields_END,src/encounter/encounter.service.ts,65,91,04a941d1,jest,1,jest,runtime_error,"should not throw exception for valid A02 with ward: Error: expect(received).not.toThrow()

Error name:    ""ReferenceError""
Error message: ""validateEncounterFields is not defined""

    [0m [90m 283 |[39m     } [36mas[39m [33mCreateEncounterDto[39m[33m;[39m
     [90m 284 |[39m
    [31m[1m>[22m[39m[90m 285 |[39m     expect(() [33m=>[39m validateEncounterFields(dto))[33m.[39mnot[33m.[39mtoThrow()[33m;[39m
     [90m     |[39m                  [31m[1m^[22m[39m
     [90m",af96f0b36851e307ff3bc45ae0f3100244b0c04a2a7d89a1b5fbb6a874b35afa,,C:\Users\cdbaz\OneDrive\Documentos\Projetos\usp\tcc\health-microservice-corpus\experiments\logs\errors\run-20260901T031236.570959Z\af96f0b36851e307ff3bc45ae0f3100244b0c04a2a7d89a1b5fbb6a874b35afa.txt
run-20260901T031236.570959Z,2026-09-01T10:17:20.354264+00:00,qwen_4b,zero_shot,encounter,validateEncounterFields,FN_validateEncounterFields_END,src/encounter/encounter.service.ts,65,91,04a941d1,jest,1,jest,runtime_error,"should not throw exception for valid A03 without ward: Error: expect(received).not.toThrow()

Error name:    ""ReferenceError""
Error message: ""validateEncounterFields is not defined""

    [0m [90m 293 |[39m     } [36mas[39m [33mCreateEncounterDto[39m[33m;[39m
     [90m 294 |[39m
    [31m[1m>[22m[39m[90m 295 |[39m     expect(() [33m=>[39m validateEncounterFields(dto))[33m.[39mnot[33m.[39mtoThrow()[33m;[39m
     [90m     |[39m                  [31m[1m^[22m[39m
     [",af96f0b36851e307ff3bc45ae0f3100244b0c04a2a7d89a1b5fbb6a874b35afa,,C:\Users\cdbaz\OneDrive\Documentos\Projetos\usp\tcc\health-microservice-corpus\experiments\logs\errors\run-20260901T031236.570959Z\af96f0b36851e307ff3bc45ae0f3100244b0c04a2a7d89a1b5fbb6a874b35afa.txt
run-20260901T031236.570959Z,2026-09-01T10:17:20.354264+00:00,qwen_4b,zero_shot,encounter,validateEncounterFields,FN_validateEncounterFields_END,src/encounter/encounter.service.ts,65,91,04a941d1,jest,1,jest,runtime_error,"should not throw exception for valid A08 without ward and with patientId: Error: expect(received).not.toThrow()

Error name:    ""ReferenceError""
Error message: ""validateEncounterFields is not defined""

    [0m [90m 303 |[39m     } [36mas[39m [33mCreateEncounterDto[39m[33m;[39m
     [90m 304 |[39m
    [31m[1m>[22m[39m[90m 305 |[39m     expect(() [33m=>[39m validateEncounterFields(dto))[33m.[39mnot[33m.[39mtoThrow()[33m;[39m
     [90m     |[39m                  [31m[1m",af96f0b36851e307ff3bc45ae0f3100244b0c04a2a7d89a1b5fbb6a874b35afa,,C:\Users\cdbaz\OneDrive\Documentos\Projetos\usp\tcc\health-microservice-corpus\experiments\logs\errors\run-20260901T031236.570959Z\af96f0b36851e307ff3bc45ae0f3100244b0c04a2a7d89a1b5fbb6a874b35afa.txt
run-20260901T031236.570959Z,2026-09-01T10:36:24.225444+00:00,qwen_4b,zero_shot,encounter,validateEncounterFields,FN_validateEncounterFields_END,src/encounter/encounter.service.ts,65,91,04a941d1,jest,2,jest,runtime_error,"should not throw exception for valid A08 without ward and with patientId: Error: expect(received).not.toThrow()

Error name:    ""ReferenceError""
Error message: ""validateEncounterFields is not defined""

    [0m [90m 303 |[39m     } [36mas[39m [33mCreateEncounterDto[39m[33m;[39m
     [90m 304 |[39m
    [31m[1m>[22m[39m[90m 305 |[39m     expect(() [33m=>[39m validateEncounterFields(dto))[33m.[39mnot[33m.[39mtoThrow()[33m;[39m
     [90m     |[39m                  [31m[1m",cd094959b0ad00ecfe5a266e105e0923437ba1340cea0d68bdaae4e8242d3817,,C:\Users\cdbaz\OneDrive\Documentos\Projetos\usp\tcc\health-microservice-corpus\experiments\logs\errors\run-20260901T031236.570959Z\cd094959b0ad00ecfe5a266e105e0923437ba1340cea0d68bdaae4e8242d3817.txt
run-20260901T031236.570959Z,2026-09-01T10:37:11.873522+00:00,qwen_4b,zero_shot,encounter,validateEncounterFields,FN_validateEncounterFields_END,src/encounter/encounter.service.ts,65,91,04a941d1,repair,2,repair,repair_failed,1 repair attempt(s) did not produce a valid fix,a19dd2f169fea0f558514ac3dac1b23af029a1260819d762429f620cb291dccb,,
run-20260901T031236.570959Z,2026-09-01T10:37:14.951424+00:00,qwen_4b,zero_shot,encounter,validateEncounterFields,FN_validateEncounterFields_END,src/encounter/encounter.service.ts,65,91,04a941d1,jest,3,jest,runtime_error,"should not throw exception for valid A08 without ward and with patientId: Error: expect(received).not.toThrow()

Error name:    ""ReferenceError""
Error message: ""validateEncounterFields is not defined""

    [0m [90m 303 |[39m     } [36mas[39m [33mCreateEncounterDto[39m[33m;[39m
     [90m 304 |[39m
    [31m[1m>[22m[39m[90m 305 |[39m     expect(() [33m=>[39m validateEncounterFields(dto))[33m.[39mnot[33m.[39mtoThrow()[33m;[39m
     [90m     |[39m                  [31m[1m",71da2d0284b5681909ca2f8dac93f94c6d6bdb75ea42c2d572747e96b423ffea,,C:\Users\cdbaz\OneDrive\Documentos\Projetos\usp\tcc\health-microservice-corpus\experiments\logs\errors\run-20260901T031236.570959Z\71da2d0284b5681909ca2f8dac93f94c6d6bdb75ea42c2d572747e96b423ffea.txt
run-20260901T031236.570959Z,2026-09-01T10:37:18.757998+00:00,qwen_4b,zero_shot,encounter,validateEncounterFields,FN_validateEncounterFields_END,src/encounter/encounter.service.ts,65,91,04a941d1,repair,3,repair,repair_failed,1 repair attempt(s) did not produce a valid fix,a19dd2f169fea0f558514ac3dac1b23af029a1260819d762429f620cb291dccb,,
run-20260901T031236.570959Z,2026-09-01T10:44:54.060627+00:00,qwen_4b,zero_shot,encounter,transitionEncounterStatus,FN_transitionEncounterStatus_END,src/encounter/encounter.service.ts,109,197,04a941d1,jest,1,jest,runtime_error,should throw BadRequestException for invalid status transition from ADMITTED to DISCHARGED when not in valid transitions list: TypeError: service.transitionEncounterStatus is not a function,a2179c9c972edf99b0537f8dbfbd43dee21a91f2d171aa75432f1942e2e59f77,,C:\Users\cdbaz\OneDrive\Documentos\Projetos\usp\tcc\health-microservice-corpus\experiments\logs\errors\run-20260901T031236.570959Z\a2179c9c972edf99b0537f8dbfbd43dee21a91f2d171aa75432f1942e2e59f77.txt
run-20260901T031236.570959Z,2026-09-01T10:44:54.060627+00:00,qwen_4b,zero_shot,encounter,transitionEncounterStatus,FN_transitionEncounterStatus_END,src/encounter/encounter.service.ts,109,197,04a941d1,jest,1,jest,runtime_error,should throw BadRequestException when discharge with pending orders: TypeError: service.transitionEncounterStatus is not a function,a2179c9c972edf99b0537f8dbfbd43dee21a91f2d171aa75432f1942e2e59f77,,C:\Users\cdbaz\OneDrive\Documentos\Projetos\usp\tcc\health-microservice-corpus\experiments\logs\errors\run-20260901T031236.570959Z\a2179c9c972edf99b0537f8dbfbd43dee21a91f2d171aa75432f1942e2e59f77.txt
run-20260901T031236.570959Z,2026-09-01T10:44:54.060627+00:00,qwen_4b,zero_shot,encounter,transitionEncounterStatus,FN_transitionEncounterStatus_END,src/encounter/encounter.service.ts,109,197,04a941d1,jest,1,jest,runtime_error,should throw BadRequestException when transfer without ward: TypeError: service.transitionEncounterStatus is not a function,a2179c9c972edf99b0537f8dbfbd43dee21a91f2d171aa75432f1942e2e59f77,,C:\Users\cdbaz\OneDrive\Documentos\Projetos\usp\tcc\health-microservice-corpus\experiments\logs\errors\run-20260901T031236.570959Z\a2179c9c972edf99b0537f8dbfbd43dee21a91f2d171aa75432f1942e2e59f77.txt
run-20260901T031236.570959Z,2026-09-01T10:44:54.060627+00:00,qwen_4b,zero_shot,encounter,transitionEncounterStatus,FN_transitionEncounterStatus_END,src/encounter/encounter.service.ts,109,197,04a941d1,jest,1,jest,runtime_error,should throw BadRequestException when transfer to same ward: TypeError: service.transitionEncounterStatus is not a function,a2179c9c972edf99b0537f8dbfbd43dee21a91f2d171aa75432f1942e2e59f77,,C:\Users\cdbaz\OneDrive\Documentos\Projetos\usp\tcc\health-microservice-corpus\experiments\logs\errors\run-20260901T031236.570959Z\a2179c9c972edf99b0537f8dbfbd43dee21a91f2d171aa75432f1942e2e59f77.txt
run-20260901T031236.570959Z,2026-09-01T10:44:54.072374+00:00,qwen_4b,zero_shot,encounter,transitionEncounterStatus,FN_transitionEncounterStatus_END,src/encounter/encounter.service.ts,109,197,04a941d1,jest,1,jest,runtime_error,should throw BadRequestException when transferDate is before admitDate: TypeError: service.transitionEncounterStatus is not a function,a2179c9c972edf99b0537f8dbfbd43dee21a91f2d171aa75432f1942e2e59f77,,C:\Users\cdbaz\OneDrive\Documentos\Projetos\usp\tcc\health-microservice-corpus\experiments\logs\errors\run-20260901T031236.570959Z\a2179c9c972edf99b0537f8dbfbd43dee21a91f2d171aa75432f1942e2e59f77.txt
run-20260901T031236.570959Z,2026-09-01T10:44:54.072374+00:00,qwen_4b,zero_shot,encounter,transitionEncounterStatus,FN_transitionEncounterStatus_END,src/encounter/encounter.service.ts,109,197,04a941d1,jest,1,jest,runtime_error,should throw BadRequestException when dischargeDate is before admitDate: TypeError: service.transitionEncounterStatus is not a function,a2179c9c972edf99b0537f8dbfbd43dee21a91f2d171aa75432f1942e2e59f77,,C:\Users\cdbaz\OneDrive\Documentos\Projetos\usp\tcc\health-microservice-corpus\experiments\logs\errors\run-20260901T031236.570959Z\a2179c9c972edf99b0537f8dbfbd43dee21a91f2d171aa75432f1942e2e59f77.txt
run-20260901T031236.570959Z,2026-09-01T10:44:54.074078+00:00,qwen_4b,zero_shot,encounter,transitionEncounterStatus,FN_transitionEncounterStatus_END,src/encounter/encounter.service.ts,109,197,04a941d1,jest,1,jest,runtime_error,should throw BadRequestException when dischargeDate is before transferDate: TypeError: service.transitionEncounterStatus is not a function,a2179c9c972edf99b0537f8dbfbd43dee21a91f2d171aa75432f1942e2e59f77,,C:\Users\cdbaz\OneDrive\Documentos\Projetos\usp\tcc\health-microservice-corpus\experiments\logs\errors\run-20260901T031236.570959Z\a2179c9c972edf99b0537f8dbfbd43dee21a91f2d171aa75432f1942e2e59f77.txt
run-20260901T031236.570959Z,2026-09-01T10:44:54.075092+00:00,qwen_4b,zero_shot,encounter,transitionEncounterStatus,FN_transitionEncounterStatus_END,src/encounter/encounter.service.ts,109,197,04a941d1,jest,1,jest,runtime_error,should throw BadRequestException for ADT A08 encounters with any status transition: TypeError: service.transitionEncounterStatus is not a function,a2179c9c972edf99b0537f8dbfbd43dee21a91f2d171aa75432f1942e2e59f77,,C:\Users\cdbaz\OneDrive\Documentos\Projetos\usp\tcc\health-microservice-corpus\experiments\logs\errors\run-20260901T031236.570959Z\a2179c9c972edf99b0537f8dbfbd43dee21a91f2d171aa75432f1942e2e59f77.txt
run-20260901T031236.570959Z,2026-09-01T10:44:54.076375+00:00,qwen_4b,zero_shot,encounter,transitionEncounterStatus,FN_transitionEncounterStatus_END,src/encounter/encounter.service.ts,109,197,04a941d1,jest,1,jest,runtime_error,should successfully transition from ADMITTED to TRANSFERRED with valid data: TypeError: service.transitionEncounterStatus is not a function,a2179c9c972edf99b0537f8dbfbd43dee21a91f2d171aa75432f1942e2e59f77,,C:\Users\cdbaz\OneDrive\Documentos\Projetos\usp\tcc\health-microservice-corpus\experiments\logs\errors\run-20260901T031236.570959Z\a2179c9c972edf99b0537f8dbfbd43dee21a91f2d171aa75432f1942e2e59f77.txt
run-20260901T031236.570959Z,2026-09-01T10:44:54.077409+00:00,qwen_4b,zero_shot,encounter,transitionEncounterStatus,FN_transitionEncounterStatus_END,src/encounter/encounter.service.ts,109,197,04a941d1,jest,1,jest,runtime_error,should successfully transition from ADMITTED to DISCHARGED with valid data: TypeError: service.transitionEncounterStatus is not a function,a2179c9c972edf99b0537f8dbfbd43dee21a91f2d171aa75432f1942e2e59f77,,C:\Users\cdbaz\OneDrive\Documentos\Projetos\usp\tcc\health-microservice-corpus\experiments\logs\errors\run-20260901T031236.570959Z\a2179c9c972edf99b0537f8dbfbd43dee21a91f2d171aa75432f1942e2e59f77.txt
run-20260901T031236.570959Z,2026-09-01T11:05:11.161052+00:00,qwen_4b,zero_shot,encounter,transitionEncounterStatus,FN_transitionEncounterStatus_END,src/encounter/encounter.service.ts,109,197,04a941d1,jest,2,jest,unknown,"should throw BadRequestException for invalid status transition from ADMITTED to DISCHARGED when not in valid transitions list: Error: expect(received).rejects.toThrow()

Matcher error: received value must be a promise or a function returning a promise

Received has value: undefined",436cc957e9a778b29a97ca956123132e1c0df173ee7cf748f0cca9bf7687cdcc,,C:\Users\cdbaz\OneDrive\Documentos\Projetos\usp\tcc\health-microservice-corpus\experiments\logs\errors\run-20260901T031236.570959Z\436cc957e9a778b29a97ca956123132e1c0df173ee7cf748f0cca9bf7687cdcc.txt
run-20260901T031236.570959Z,2026-09-01T11:05:11.161052+00:00,qwen_4b,zero_shot,encounter,transitionEncounterStatus,FN_transitionEncounterStatus_END,src/encounter/encounter.service.ts,109,197,04a941d1,jest,2,jest,runtime_error,"should throw BadRequestException when discharge with pending orders: Error: expect(received).rejects.toThrow(expected)

Expected constructor: BadRequestException
Received constructor: TypeError

Received message: ""Cannot read properties of undefined (reading 'save')""

    [0m [90m 486 |[39m           encounterRepository[33m:[39m encounterRepositoryMock[33m,[39m
     [90m 487 |[39m           transitionEncounterStatus[33m:[39m [36masync[39m (id[33m:[39m string[33m,[39m dto[33m:[",436cc957e9a778b29a97ca956123132e1c0df173ee7cf748f0cca9bf7687cdcc,,C:\Users\cdbaz\OneDrive\Documentos\Projetos\usp\tcc\health-microservice-corpus\experiments\logs\errors\run-20260901T031236.570959Z\436cc957e9a778b29a97ca956123132e1c0df173ee7cf748f0cca9bf7687cdcc.txt
run-20260901T031236.570959Z,2026-09-01T11:05:11.161052+00:00,qwen_4b,zero_shot,encounter,transitionEncounterStatus,FN_transitionEncounterStatus_END,src/encounter/encounter.service.ts,109,197,04a941d1,jest,2,jest,unknown,"should throw BadRequestException when transfer without ward: Error: expect(received).rejects.toThrow()

Matcher error: received value must be a promise or a function returning a promise

Received has value: undefined",436cc957e9a778b29a97ca956123132e1c0df173ee7cf748f0cca9bf7687cdcc,,C:\Users\cdbaz\OneDrive\Documentos\Projetos\usp\tcc\health-microservice-corpus\experiments\logs\errors\run-20260901T031236.570959Z\436cc957e9a778b29a97ca956123132e1c0df173ee7cf748f0cca9bf7687cdcc.txt
run-20260901T031236.570959Z,2026-09-01T11:05:11.173368+00:00,qwen_4b,zero_shot,encounter,transitionEncounterStatus,FN_transitionEncounterStatus_END,src/encounter/encounter.service.ts,109,197,04a941d1,jest,2,jest,unknown,"should throw BadRequestException when transfer to same ward: Error: expect(received).rejects.toThrow()

Matcher error: received value must be a promise or a function returning a promise

Received has value: undefined",436cc957e9a778b29a97ca956123132e1c0df173ee7cf748f0cca9bf7687cdcc,,C:\Users\cdbaz\OneDrive\Documentos\Projetos\usp\tcc\health-microservice-corpus\experiments\logs\errors\run-20260901T031236.570959Z\436cc957e9a778b29a97ca956123132e1c0df173ee7cf748f0cca9bf7687cdcc.txt
run-20260901T031236.570959Z,2026-09-01T11:05:11.173368+00:00,qwen_4b,zero_shot,encounter,transitionEncounterStatus,FN_transitionEncounterStatus_END,src/encounter/encounter.service.ts,109,197,04a941d1,jest,2,jest,unknown,"should throw BadRequestException when dischargeDate is before transferDate: Error: expect(received).rejects.toThrow()

Matcher error: received value must be a promise or a function returning a promise

Received has value: undefined",436cc957e9a778b29a97ca956123132e1c0df173ee7cf748f0cca9bf7687cdcc,,C:\Users\cdbaz\OneDrive\Documentos\Projetos\usp\tcc\health-microservice-corpus\experiments\logs\errors\run-20260901T031236.570959Z\436cc957e9a778b29a97ca956123132e1c0df173ee7cf748f0cca9bf7687cdcc.txt
run-20260901T031236.570959Z,2026-09-01T11:12:15.584010+00:00,qwen_4b,zero_shot,encounter,transitionEncounterStatus,FN_transitionEncounterStatus_END,src/encounter/encounter.service.ts,109,197,04a941d1,jest,3,jest,runtime_error,"should throw BadRequestException when discharge with pending orders: Error: expect(received).rejects.toThrow(expected)

Expected constructor: BadRequestException
Received constructor: TypeError

Received message: ""this.getEncounterById is not a function""

    [0m [90m 486 |[39m               encounterRepository[33m:[39m encounterRepositoryMock[33m,[39m
     [90m 487 |[39m               transitionEncounterStatus[33m:[39m [36masync[39m (id[33m:[39m string[33m,[39m dto[33m:[39m ",7abb700c95ff882c5141cfa00324bad54a739ce29485bc3af36494cb737a50d7,,C:\Users\cdbaz\OneDrive\Documentos\Projetos\usp\tcc\health-microservice-corpus\experiments\logs\errors\run-20260901T031236.570959Z\7abb700c95ff882c5141cfa00324bad54a739ce29485bc3af36494cb737a50d7.txt
run-20260901T031236.570959Z,2026-09-01T11:20:12.380867+00:00,qwen_4b,zero_shot,encounter,transitionEncounterStatus,FN_transitionEncounterStatus_END,src/encounter/encounter.service.ts,109,197,04a941d1,repair,3,repair,repair_failed,1 repair attempt(s) did not produce a valid fix,a19dd2f169fea0f558514ac3dac1b23af029a1260819d762429f620cb291dccb,,
run-20260901T031236.570959Z,2026-09-01T11:23:24.869891+00:00,qwen_4b,zero_shot,encounter,processAdtMessage,FN_processAdtMessage_END,src/encounter/encounter.service.ts,199,317,04a941d1,jest,1,jest,runtime_error,should create new patient and encounter for A01: TypeError: Cannot read properties of undefined (reading 'active'),4c92a237e576117ffcb575533afe6fd7e95415b2f9ee35f41c02210a318e2280,,C:\Users\cdbaz\OneDrive\Documentos\Projetos\usp\tcc\health-microservice-corpus\experiments\logs\errors\run-20260901T031236.570959Z\4c92a237e576117ffcb575533afe6fd7e95415b2f9ee35f41c02210a318e2280.txt
run-20260901T031236.570959Z,2026-09-01T11:23:24.869891+00:00,qwen_4b,zero_shot,encounter,processAdtMessage,FN_processAdtMessage_END,src/encounter/encounter.service.ts,199,317,04a941d1,jest,1,jest,runtime_error,should update existing patient for A01: TypeError: Cannot read properties of undefined (reading 'active'),4c92a237e576117ffcb575533afe6fd7e95415b2f9ee35f41c02210a318e2280,,C:\Users\cdbaz\OneDrive\Documentos\Projetos\usp\tcc\health-microservice-corpus\experiments\logs\errors\run-20260901T031236.570959Z\4c92a237e576117ffcb575533afe6fd7e95415b2f9ee35f41c02210a318e2280.txt
run-20260901T031236.570959Z,2026-09-01T11:23:24.883880+00:00,qwen_4b,zero_shot,encounter,processAdtMessage,FN_processAdtMessage_END,src/encounter/encounter.service.ts,199,317,04a941d1,jest,1,jest,unknown,should transfer encounter for A02: NotFoundException: Encounter with id encounter-1 not found,4c92a237e576117ffcb575533afe6fd7e95415b2f9ee35f41c02210a318e2280,,C:\Users\cdbaz\OneDrive\Documentos\Projetos\usp\tcc\health-microservice-corpus\experiments\logs\errors\run-20260901T031236.570959Z\4c92a237e576117ffcb575533afe6fd7e95415b2f9ee35f41c02210a318e2280.txt
run-20260901T031236.570959Z,2026-09-01T11:23:24.884985+00:00,qwen_4b,zero_shot,encounter,processAdtMessage,FN_processAdtMessage_END,src/encounter/encounter.service.ts,199,317,04a941d1,jest,1,jest,unknown,should discharge encounter for A03: NotFoundException: Encounter with id encounter-1 not found,4c92a237e576117ffcb575533afe6fd7e95415b2f9ee35f41c02210a318e2280,,C:\Users\cdbaz\OneDrive\Documentos\Projetos\usp\tcc\health-microservice-corpus\experiments\logs\errors\run-20260901T031236.570959Z\4c92a237e576117ffcb575533afe6fd7e95415b2f9ee35f41c02210a318e2280.txt
run-20260901T031236.570959Z,2026-09-01T11:34:59.463526+00:00,qwen_4b,zero_shot,encounter,processAdtMessage,FN_processAdtMessage_END,src/encounter/encounter.service.ts,199,317,04a941d1,jest,2,jest,runtime_error,should create new patient and encounter for A01: ReferenceError: serviceMock is not defined,253a48c75b75e6cf14a8959f33f87c3f680fa3ed1d73693a28d02605f33d888b,,C:\Users\cdbaz\OneDrive\Documentos\Projetos\usp\tcc\health-microservice-corpus\experiments\logs\errors\run-20260901T031236.570959Z\253a48c75b75e6cf14a8959f33f87c3f680fa3ed1d73693a28d02605f33d888b.txt
run-20260901T031236.570959Z,2026-09-01T11:34:59.463526+00:00,qwen_4b,zero_shot,encounter,processAdtMessage,FN_processAdtMessage_END,src/encounter/encounter.service.ts,199,317,04a941d1,jest,2,jest,runtime_error,should update existing patient for A01: TypeError: Cannot read properties of undefined (reading 'mockResolvedValue'),253a48c75b75e6cf14a8959f33f87c3f680fa3ed1d73693a28d02605f33d888b,,C:\Users\cdbaz\OneDrive\Documentos\Projetos\usp\tcc\health-microservice-corpus\experiments\logs\errors\run-20260901T031236.570959Z\253a48c75b75e6cf14a8959f33f87c3f680fa3ed1d73693a28d02605f33d888b.txt
run-20260901T031236.570959Z,2026-09-01T11:34:59.465533+00:00,qwen_4b,zero_shot,encounter,processAdtMessage,FN_processAdtMessage_END,src/encounter/encounter.service.ts,199,317,04a941d1,jest,2,jest,unknown,should discharge encounter for A03: NotFoundException: Encounter with id encounter-1 not found,253a48c75b75e6cf14a8959f33f87c3f680fa3ed1d73693a28d02605f33d888b,,C:\Users\cdbaz\OneDrive\Documentos\Projetos\usp\tcc\health-microservice-corpus\experiments\logs\errors\run-20260901T031236.570959Z\253a48c75b75e6cf14a8959f33f87c3f680fa3ed1d73693a28d02605f33d888b.txt
run-20260901T031236.570959Z,2026-09-01T11:45:36.151193+00:00,qwen_4b,zero_shot,encounter,processAdtMessage,FN_processAdtMessage_END,src/encounter/encounter.service.ts,199,317,04a941d1,jest,3,jest,runtime_error,should create new patient and encounter for A01: TypeError: Cannot read properties of undefined (reading 'active'),ada4e0e72bae77a943fc4450d1907918a2ccc1f8cee557acb4e75609e17f5849,,C:\Users\cdbaz\OneDrive\Documentos\Projetos\usp\tcc\health-microservice-corpus\experiments\logs\errors\run-20260901T031236.570959Z\ada4e0e72bae77a943fc4450d1907918a2ccc1f8cee557acb4e75609e17f5849.txt
run-20260901T031236.570959Z,2026-09-01T11:46:47.818518+00:00,qwen_4b,zero_shot,encounter,processAdtMessage,FN_processAdtMessage_END,src/encounter/encounter.service.ts,199,317,04a941d1,jest,4,jest,runtime_error,should create new patient and encounter for A01: TypeError: Cannot read properties of undefined (reading 'active'),ce32da85be45e465deef2bfe543931e21b6ed2ee60a229a3a0bc7f49bde8a382,,C:\Users\cdbaz\OneDrive\Documentos\Projetos\usp\tcc\health-microservice-corpus\experiments\logs\errors\run-20260901T031236.570959Z\ce32da85be45e465deef2bfe543931e21b6ed2ee60a229a3a0bc7f49bde8a382.txt
run-20260901T031236.570959Z,2026-09-01T11:46:51.722831+00:00,qwen_4b,zero_shot,encounter,processAdtMessage,FN_processAdtMessage_END,src/encounter/encounter.service.ts,199,317,04a941d1,repair,4,repair,repair_failed,1 repair attempt(s) did not produce a valid fix,a19dd2f169fea0f558514ac3dac1b23af029a1260819d762429f620cb291dccb,,
run-20260901T031236.570959Z,2026-09-01T11:48:40.751200+00:00,qwen_4b,zero_shot,encounter,updateEncounter,FN_updateEncounter_END,src/encounter/encounter.service.ts,319,363,04a941d1,jest,1,jest,unknown,should update admitDate when status is ADMITTED: NotFoundException: Encounter with id 123 not found,d6131df504cdb5ff9f7b3bc54443971b44b88fc6dd994c4b427e0c45870934c6,,C:\Users\cdbaz\OneDrive\Documentos\Projetos\usp\tcc\health-microservice-corpus\experiments\logs\errors\run-20260901T031236.570959Z\d6131df504cdb5ff9f7b3bc54443971b44b88fc6dd994c4b427e0c45870934c6.txt
run-20260901T031236.570959Z,2026-09-01T11:48:40.751200+00:00,qwen_4b,zero_shot,encounter,updateEncounter,FN_updateEncounter_END,src/encounter/encounter.service.ts,319,363,04a941d1,jest,1,jest,unknown,"should throw BadRequestException when admitDate is in the future: Error: expect(received).rejects.toThrow()

Received promise resolved instead of rejected
Resolved to value: undefined",d6131df504cdb5ff9f7b3bc54443971b44b88fc6dd994c4b427e0c45870934c6,,C:\Users\cdbaz\OneDrive\Documentos\Projetos\usp\tcc\health-microservice-corpus\experiments\logs\errors\run-20260901T031236.570959Z\d6131df504cdb5ff9f7b3bc54443971b44b88fc6dd994c4b427e0c45870934c6.txt
run-20260901T031236.570959Z,2026-09-01T11:48:40.751200+00:00,qwen_4b,zero_shot,encounter,updateEncounter,FN_updateEncounter_END,src/encounter/encounter.service.ts,319,363,04a941d1,jest,1,jest,unknown,should update ward when different from current: NotFoundException: Encounter with id 123 not found,d6131df504cdb5ff9f7b3bc54443971b44b88fc6dd994c4b427e0c45870934c6,,C:\Users\cdbaz\OneDrive\Documentos\Projetos\usp\tcc\health-microservice-corpus\experiments\logs\errors\run-20260901T031236.570959Z\d6131df504cdb5ff9f7b3bc54443971b44b88fc6dd994c4b427e0c45870934c6.txt
run-20260901T031236.570959Z,2026-09-01T11:51:00.814814+00:00,qwen_4b,zero_shot,encounter,updateEncounter,FN_updateEncounter_END,src/encounter/encounter.service.ts,319,363,04a941d1,jest,2,jest,unknown,"should throw BadRequestException when admitDate is in the future: Error: expect(received).rejects.toThrow()

Received promise resolved instead of rejected
Resolved to value: {""admitDate"": 2024-01-01T00:00:00.000Z, ""id"": ""123"", ""patientId"": ""456"", ""status"": ""ADMITTED"", ""transferDate"": null, ""ward"": ""ICU""}",084841efbb4dcf5027adeeda24b2ed80e08e45daf61687ea0394e60904759558,,C:\Users\cdbaz\OneDrive\Documentos\Projetos\usp\tcc\health-microservice-corpus\experiments\logs\errors\run-20260901T031236.570959Z\084841efbb4dcf5027adeeda24b2ed80e08e45daf61687ea0394e60904759558.txt
run-20260901T031236.570959Z,2026-09-01T11:51:00.814814+00:00,qwen_4b,zero_shot,encounter,updateEncounter,FN_updateEncounter_END,src/encounter/encounter.service.ts,319,363,04a941d1,jest,2,jest,runtime_error,should update ward when different from current: TypeError: Cannot read properties of undefined (reading 'mockResolvedValue'),084841efbb4dcf5027adeeda24b2ed80e08e45daf61687ea0394e60904759558,,C:\Users\cdbaz\OneDrive\Documentos\Projetos\usp\tcc\health-microservice-corpus\experiments\logs\errors\run-20260901T031236.570959Z\084841efbb4dcf5027adeeda24b2ed80e08e45daf61687ea0394e60904759558.txt
run-20260901T031236.570959Z,2026-09-01T11:52:47.371039+00:00,qwen_4b,zero_shot,encounter,updateEncounter,FN_updateEncounter_END,src/encounter/encounter.service.ts,319,363,04a941d1,jest,3,jest,runtime_error,should update ward when different from current: TypeError: Cannot read properties of undefined (reading 'mockResolvedValue'),923e00e25c9b7c364f11d3a8594f05b9309d2d304bd9cb751e8954b595930d04,,C:\Users\cdbaz\OneDrive\Documentos\Projetos\usp\tcc\health-microservice-corpus\experiments\logs\errors\run-20260901T031236.570959Z\923e00e25c9b7c364f11d3a8594f05b9309d2d304bd9cb751e8954b595930d04.txt
run-20260901T031236.570959Z,2026-09-01T11:58:07.673427+00:00,qwen_4b,zero_shot,encounter,buildEncounterSummary,FN_buildEncounterSummary_END,src/encounter/encounter.service.ts,365,439,04a941d1,jest,1,jest,runtime_error,should return LOW risk flag when no abnormal results and activeDays <= 7: TypeError: service.buildEncounterSummary is not a function,4cc1f6ebb8a5a6cdb1dc795862d6ce0d741da1826705046889d466916584decb,,C:\Users\cdbaz\OneDrive\Documentos\Projetos\usp\tcc\health-microservice-corpus\experiments\logs\errors\run-20260901T031236.570959Z\4cc1f6ebb8a5a6cdb1dc795862d6ce0d741da1826705046889d466916584decb.txt
run-20260901T031236.570959Z,2026-09-01T11:58:07.678657+00:00,qwen_4b,zero_shot,encounter,buildEncounterSummary,FN_buildEncounterSummary_END,src/encounter/encounter.service.ts,365,439,04a941d1,jest,1,jest,runtime_error,should return MEDIUM risk flag when has abnormal results and activeDays <= 7: TypeError: service.buildEncounterSummary is not a function,4cc1f6ebb8a5a6cdb1dc795862d6ce0d741da1826705046889d466916584decb,,C:\Users\cdbaz\OneDrive\Documentos\Projetos\usp\tcc\health-microservice-corpus\experiments\logs\errors\run-20260901T031236.570959Z\4cc1f6ebb8a5a6cdb1dc795862d6ce0d741da1826705046889d466916584decb.txt
run-20260901T031236.570959Z,2026-09-01T11:58:07.680342+00:00,qwen_4b,zero_shot,encounter,buildEncounterSummary,FN_buildEncounterSummary_END,src/encounter/encounter.service.ts,365,439,04a941d1,jest,1,jest,runtime_error,should return MEDIUM risk flag when activeDays > 7 and no abnormal results: TypeError: service.buildEncounterSummary is not a function,4cc1f6ebb8a5a6cdb1dc795862d6ce0d741da1826705046889d466916584decb,,C:\Users\cdbaz\OneDrive\Documentos\Projetos\usp\tcc\health-microservice-corpus\experiments\logs\errors\run-20260901T031236.570959Z\4cc1f6ebb8a5a6cdb1dc795862d6ce0d741da1826705046889d466916584decb.txt
run-20260901T031236.570959Z,2026-09-01T11:58:07.681406+00:00,qwen_4b,zero_shot,encounter,buildEncounterSummary,FN_buildEncounterSummary_END,src/encounter/encounter.service.ts,365,439,04a941d1,jest,1,jest,runtime_error,should return HIGH risk flag when has abnormal results and activeDays > 7: TypeError: service.buildEncounterSummary is not a function,4cc1f6ebb8a5a6cdb1dc795862d6ce0d741da1826705046889d466916584decb,,C:\Users\cdbaz\OneDrive\Documentos\Projetos\usp\tcc\health-microservice-corpus\experiments\logs\errors\run-20260901T031236.570959Z\4cc1f6ebb8a5a6cdb1dc795862d6ce0d741da1826705046889d466916584decb.txt
run-20260901T031236.570959Z,2026-09-01T11:58:07.682402+00:00,qwen_4b,zero_shot,encounter,buildEncounterSummary,FN_buildEncounterSummary_END,src/encounter/encounter.service.ts,365,439,04a941d1,jest,1,jest,runtime_error,should return LOW risk flag when no orders and no results: TypeError: service.buildEncounterSummary is not a function,4cc1f6ebb8a5a6cdb1dc795862d6ce0d741da1826705046889d466916584decb,,C:\Users\cdbaz\OneDrive\Documentos\Projetos\usp\tcc\health-microservice-corpus\experiments\logs\errors\run-20260901T031236.570959Z\4cc1f6ebb8a5a6cdb1dc795862d6ce0d741da1826705046889d466916584decb.txt
run-20260901T031236.570959Z,2026-09-01T11:58:07.682402+00:00,qwen_4b,zero_shot,encounter,buildEncounterSummary,FN_buildEncounterSummary_END,src/encounter/encounter.service.ts,365,439,04a941d1,jest,1,jest,runtime_error,should return MEDIUM risk flag when has multiple abnormal results: TypeError: service.buildEncounterSummary is not a function,4cc1f6ebb8a5a6cdb1dc795862d6ce0d741da1826705046889d466916584decb,,C:\Users\cdbaz\OneDrive\Documentos\Projetos\usp\tcc\health-microservice-corpus\experiments\logs\errors\run-20260901T031236.570959Z\4cc1f6ebb8a5a6cdb1dc795862d6ce0d741da1826705046889d466916584decb.txt
run-20260901T031236.570959Z,2026-09-01T11:58:07.682402+00:00,qwen_4b,zero_shot,encounter,buildEncounterSummary,FN_buildEncounterSummary_END,src/encounter/encounter.service.ts,365,439,04a941d1,jest,1,jest,runtime_error,should return MEDIUM risk flag when has pending orders with abnormal results: TypeError: service.buildEncounterSummary is not a function,4cc1f6ebb8a5a6cdb1dc795862d6ce0d741da1826705046889d466916584decb,,C:\Users\cdbaz\OneDrive\Documentos\Projetos\usp\tcc\health-microservice-corpus\experiments\logs\errors\run-20260901T031236.570959Z\4cc1f6ebb8a5a6cdb1dc795862d6ce0d741da1826705046889d466916584decb.txt
run-20260901T031236.570959Z,2026-09-01T11:58:07.685297+00:00,qwen_4b,zero_shot,encounter,buildEncounterSummary,FN_buildEncounterSummary_END,src/encounter/encounter.service.ts,365,439,04a941d1,jest,1,jest,runtime_error,should return MEDIUM risk flag when has cancelled orders with abnormal results: TypeError: service.buildEncounterSummary is not a function,4cc1f6ebb8a5a6cdb1dc795862d6ce0d741da1826705046889d466916584decb,,C:\Users\cdbaz\OneDrive\Documentos\Projetos\usp\tcc\health-microservice-corpus\experiments\logs\errors\run-20260901T031236.570959Z\4cc1f6ebb8a5a6cdb1dc795862d6ce0d741da1826705046889d466916584decb.txt
run-20260901T031236.570959Z,2026-09-01T11:58:07.685297+00:00,qwen_4b,zero_shot,encounter,buildEncounterSummary,FN_buildEncounterSummary_END,src/encounter/encounter.service.ts,365,439,04a941d1,jest,1,jest,runtime_error,should return MEDIUM risk flag when has inProgress orders with abnormal results: TypeError: service.buildEncounterSummary is not a function,4cc1f6ebb8a5a6cdb1dc795862d6ce0d741da1826705046889d466916584decb,,C:\Users\cdbaz\OneDrive\Documentos\Projetos\usp\tcc\health-microservice-corpus\experiments\logs\errors\run-20260901T031236.570959Z\4cc1f6ebb8a5a6cdb1dc795862d6ce0d741da1826705046889d466916584decb.txt
run-20260901T031236.570959Z,2026-09-01T12:06:23.162943+00:00,qwen_4b,zero_shot,encounter,buildEncounterSummary,FN_buildEncounterSummary_END,src/encounter/encounter.service.ts,365,439,04a941d1,jest,2,jest,runtime_error,should return LOW risk flag when no abnormal results and activeDays <= 7: TypeError: service.buildEncounterSummary is not a function,4c30d1dbe5f61220bb3c2f17cc96ea29ef6132575fcfbc915419232cf42827e5,,C:\Users\cdbaz\OneDrive\Documentos\Projetos\usp\tcc\health-microservice-corpus\experiments\logs\errors\run-20260901T031236.570959Z\4c30d1dbe5f61220bb3c2f17cc96ea29ef6132575fcfbc915419232cf42827e5.txt
run-20260901T031236.570959Z,2026-09-01T12:06:23.162943+00:00,qwen_4b,zero_shot,encounter,buildEncounterSummary,FN_buildEncounterSummary_END,src/encounter/encounter.service.ts,365,439,04a941d1,jest,2,jest,runtime_error,should return MEDIUM risk flag when has abnormal results and activeDays <= 7: TypeError: service.buildEncounterSummary is not a function,4c30d1dbe5f61220bb3c2f17cc96ea29ef6132575fcfbc915419232cf42827e5,,C:\Users\cdbaz\OneDrive\Documentos\Projetos\usp\tcc\health-microservice-corpus\experiments\logs\errors\run-20260901T031236.570959Z\4c30d1dbe5f61220bb3c2f17cc96ea29ef6132575fcfbc915419232cf42827e5.txt
run-20260901T031236.570959Z,2026-09-01T12:06:23.173602+00:00,qwen_4b,zero_shot,encounter,buildEncounterSummary,FN_buildEncounterSummary_END,src/encounter/encounter.service.ts,365,439,04a941d1,jest,2,jest,runtime_error,should return MEDIUM risk flag when activeDays > 7 and no abnormal results: TypeError: service.buildEncounterSummary is not a function,4c30d1dbe5f61220bb3c2f17cc96ea29ef6132575fcfbc915419232cf42827e5,,C:\Users\cdbaz\OneDrive\Documentos\Projetos\usp\tcc\health-microservice-corpus\experiments\logs\errors\run-20260901T031236.570959Z\4c30d1dbe5f61220bb3c2f17cc96ea29ef6132575fcfbc915419232cf42827e5.txt
run-20260901T031236.570959Z,2026-09-01T12:06:23.175155+00:00,qwen_4b,zero_shot,encounter,buildEncounterSummary,FN_buildEncounterSummary_END,src/encounter/encounter.service.ts,365,439,04a941d1,jest,2,jest,runtime_error,should return HIGH risk flag when has abnormal results and activeDays > 7: TypeError: service.buildEncounterSummary is not a function,4c30d1dbe5f61220bb3c2f17cc96ea29ef6132575fcfbc915419232cf42827e5,,C:\Users\cdbaz\OneDrive\Documentos\Projetos\usp\tcc\health-microservice-corpus\experiments\logs\errors\run-20260901T031236.570959Z\4c30d1dbe5f61220bb3c2f17cc96ea29ef6132575fcfbc915419232cf42827e5.txt
run-20260901T031236.570959Z,2026-09-01T12:06:23.176165+00:00,qwen_4b,zero_shot,encounter,buildEncounterSummary,FN_buildEncounterSummary_END,src/encounter/encounter.service.ts,365,439,04a941d1,jest,2,jest,runtime_error,should return LOW risk flag when no orders and no results: TypeError: this.getEncounterById is not a function,4c30d1dbe5f61220bb3c2f17cc96ea29ef6132575fcfbc915419232cf42827e5,,C:\Users\cdbaz\OneDrive\Documentos\Projetos\usp\tcc\health-microservice-corpus\experiments\logs\errors\run-20260901T031236.570959Z\4c30d1dbe5f61220bb3c2f17cc96ea29ef6132575fcfbc915419232cf42827e5.txt
run-20260901T031236.570959Z,2026-09-01T12:06:23.177609+00:00,qwen_4b,zero_shot,encounter,buildEncounterSummary,FN_buildEncounterSummary_END,src/encounter/encounter.service.ts,365,439,04a941d1,jest,2,jest,runtime_error,should return MEDIUM risk flag when has multiple abnormal results: TypeError: this.getEncounterById is not a function,4c30d1dbe5f61220bb3c2f17cc96ea29ef6132575fcfbc915419232cf42827e5,,C:\Users\cdbaz\OneDrive\Documentos\Projetos\usp\tcc\health-microservice-corpus\experiments\logs\errors\run-20260901T031236.570959Z\4c30d1dbe5f61220bb3c2f17cc96ea29ef6132575fcfbc915419232cf42827e5.txt
run-20260901T031236.570959Z,2026-09-01T12:06:23.178390+00:00,qwen_4b,zero_shot,encounter,buildEncounterSummary,FN_buildEncounterSummary_END,src/encounter/encounter.service.ts,365,439,04a941d1,jest,2,jest,runtime_error,should return MEDIUM risk flag when has pending orders with abnormal results: TypeError: this.getEncounterById is not a function,4c30d1dbe5f61220bb3c2f17cc96ea29ef6132575fcfbc915419232cf42827e5,,C:\Users\cdbaz\OneDrive\Documentos\Projetos\usp\tcc\health-microservice-corpus\experiments\logs\errors\run-20260901T031236.570959Z\4c30d1dbe5f61220bb3c2f17cc96ea29ef6132575fcfbc915419232cf42827e5.txt
run-20260901T031236.570959Z,2026-09-01T12:06:23.179464+00:00,qwen_4b,zero_shot,encounter,buildEncounterSummary,FN_buildEncounterSummary_END,src/encounter/encounter.service.ts,365,439,04a941d1,jest,2,jest,runtime_error,should return MEDIUM risk flag when has cancelled orders with abnormal results: TypeError: this.getEncounterById is not a function,4c30d1dbe5f61220bb3c2f17cc96ea29ef6132575fcfbc915419232cf42827e5,,C:\Users\cdbaz\OneDrive\Documentos\Projetos\usp\tcc\health-microservice-corpus\experiments\logs\errors\run-20260901T031236.570959Z\4c30d1dbe5f61220bb3c2f17cc96ea29ef6132575fcfbc915419232cf42827e5.txt
run-20260901T031236.570959Z,2026-09-01T12:06:23.180464+00:00,qwen_4b,zero_shot,encounter,buildEncounterSummary,FN_buildEncounterSummary_END,src/encounter/encounter.service.ts,365,439,04a941d1,jest,2,jest,assertion_failure,"should return MEDIUM risk flag when has inProgress orders with abnormal results: Error: expect(received).toBe(expected) // Object.is equality

Expected: ""MEDIUM""
Received: undefined",4c30d1dbe5f61220bb3c2f17cc96ea29ef6132575fcfbc915419232cf42827e5,,C:\Users\cdbaz\OneDrive\Documentos\Projetos\usp\tcc\health-microservice-corpus\experiments\logs\errors\run-20260901T031236.570959Z\4c30d1dbe5f61220bb3c2f17cc96ea29ef6132575fcfbc915419232cf42827e5.txt
run-20260901T031236.570959Z,2026-09-01T12:14:32.012970+00:00,qwen_4b,zero_shot,encounter,buildEncounterSummary,FN_buildEncounterSummary_END,src/encounter/encounter.service.ts,365,439,04a941d1,jest,3,jest,runtime_error,should return LOW risk flag when no abnormal results and activeDays <= 7: TypeError: service.buildEncounterSummary is not a function,0804b46b614219e8228c6aa5785c749926aee6c272a804588d02eb019aeb38bc,,C:\Users\cdbaz\OneDrive\Documentos\Projetos\usp\tcc\health-microservice-corpus\experiments\logs\errors\run-20260901T031236.570959Z\0804b46b614219e8228c6aa5785c749926aee6c272a804588d02eb019aeb38bc.txt
run-20260901T031236.570959Z,2026-09-01T12:14:32.012970+00:00,qwen_4b,zero_shot,encounter,buildEncounterSummary,FN_buildEncounterSummary_END,src/encounter/encounter.service.ts,365,439,04a941d1,jest,3,jest,runtime_error,should return MEDIUM risk flag when has abnormal results and activeDays <= 7: TypeError: service.buildEncounterSummary is not a function,0804b46b614219e8228c6aa5785c749926aee6c272a804588d02eb019aeb38bc,,C:\Users\cdbaz\OneDrive\Documentos\Projetos\usp\tcc\health-microservice-corpus\experiments\logs\errors\run-20260901T031236.570959Z\0804b46b614219e8228c6aa5785c749926aee6c272a804588d02eb019aeb38bc.txt
run-20260901T031236.570959Z,2026-09-01T12:14:32.012970+00:00,qwen_4b,zero_shot,encounter,buildEncounterSummary,FN_buildEncounterSummary_END,src/encounter/encounter.service.ts,365,439,04a941d1,jest,3,jest,runtime_error,should return MEDIUM risk flag when activeDays > 7 and no abnormal results: TypeError: service.buildEncounterSummary is not a function,0804b46b614219e8228c6aa5785c749926aee6c272a804588d02eb019aeb38bc,,C:\Users\cdbaz\OneDrive\Documentos\Projetos\usp\tcc\health-microservice-corpus\experiments\logs\errors\run-20260901T031236.570959Z\0804b46b614219e8228c6aa5785c749926aee6c272a804588d02eb019aeb38bc.txt
run-20260901T031236.570959Z,2026-09-01T12:14:32.012970+00:00,qwen_4b,zero_shot,encounter,buildEncounterSummary,FN_buildEncounterSummary_END,src/encounter/encounter.service.ts,365,439,04a941d1,jest,3,jest,runtime_error,should return HIGH risk flag when has abnormal results and activeDays > 7: TypeError: service.buildEncounterSummary is not a function,0804b46b614219e8228c6aa5785c749926aee6c272a804588d02eb019aeb38bc,,C:\Users\cdbaz\OneDrive\Documentos\Projetos\usp\tcc\health-microservice-corpus\experiments\logs\errors\run-20260901T031236.570959Z\0804b46b614219e8228c6aa5785c749926aee6c272a804588d02eb019aeb38bc.txt
run-20260901T031236.570959Z,2026-09-01T12:14:32.012970+00:00,qwen_4b,zero_shot,encounter,buildEncounterSummary,FN_buildEncounterSummary_END,src/encounter/encounter.service.ts,365,439,04a941d1,jest,3,jest,runtime_error,should return MEDIUM risk flag when has multiple abnormal results: TypeError: this.getEncounterById is not a function,0804b46b614219e8228c6aa5785c749926aee6c272a804588d02eb019aeb38bc,,C:\Users\cdbaz\OneDrive\Documentos\Projetos\usp\tcc\health-microservice-corpus\experiments\logs\errors\run-20260901T031236.570959Z\0804b46b614219e8228c6aa5785c749926aee6c272a804588d02eb019aeb38bc.txt
run-20260901T031236.570959Z,2026-09-01T12:14:32.012970+00:00,qwen_4b,zero_shot,encounter,buildEncounterSummary,FN_buildEncounterSummary_END,src/encounter/encounter.service.ts,365,439,04a941d1,jest,3,jest,assertion_failure,"should return MEDIUM risk flag when has cancelled orders with abnormal results: Error: expect(received).toBe(expected) // Object.is equality

Expected: ""MEDIUM""
Received: ""LOW""",0804b46b614219e8228c6aa5785c749926aee6c272a804588d02eb019aeb38bc,,C:\Users\cdbaz\OneDrive\Documentos\Projetos\usp\tcc\health-microservice-corpus\experiments\logs\errors\run-20260901T031236.570959Z\0804b46b614219e8228c6aa5785c749926aee6c272a804588d02eb019aeb38bc.txt
run-20260901T031236.570959Z,2026-09-01T12:16:31.335168+00:00,qwen_4b,zero_shot,encounter,buildEncounterSummary,FN_buildEncounterSummary_END,src/encounter/encounter.service.ts,365,439,04a941d1,jest,4,jest,runtime_error,should return LOW risk flag when no abnormal results and activeDays <= 7: TypeError: service.buildEncounterSummary is not a function,968a3688b5d446d7eba261d736363dbae313c69c9b6fded9182ae5cdf3ccfc9f,,C:\Users\cdbaz\OneDrive\Documentos\Projetos\usp\tcc\health-microservice-corpus\experiments\logs\errors\run-20260901T031236.570959Z\968a3688b5d446d7eba261d736363dbae313c69c9b6fded9182ae5cdf3ccfc9f.txt
run-20260901T031236.570959Z,2026-09-01T12:16:31.335168+00:00,qwen_4b,zero_shot,encounter,buildEncounterSummary,FN_buildEncounterSummary_END,src/encounter/encounter.service.ts,365,439,04a941d1,jest,4,jest,runtime_error,should return MEDIUM risk flag when has abnormal results and activeDays <= 7: TypeError: service.buildEncounterSummary is not a function,968a3688b5d446d7eba261d736363dbae313c69c9b6fded9182ae5cdf3ccfc9f,,C:\Users\cdbaz\OneDrive\Documentos\Projetos\usp\tcc\health-microservice-corpus\experiments\logs\errors\run-20260901T031236.570959Z\968a3688b5d446d7eba261d736363dbae313c69c9b6fded9182ae5cdf3ccfc9f.txt
run-20260901T031236.570959Z,2026-09-01T12:16:31.335168+00:00,qwen_4b,zero_shot,encounter,buildEncounterSummary,FN_buildEncounterSummary_END,src/encounter/encounter.service.ts,365,439,04a941d1,jest,4,jest,runtime_error,should return MEDIUM risk flag when activeDays > 7 and no abnormal results: TypeError: service.buildEncounterSummary is not a function,968a3688b5d446d7eba261d736363dbae313c69c9b6fded9182ae5cdf3ccfc9f,,C:\Users\cdbaz\OneDrive\Documentos\Projetos\usp\tcc\health-microservice-corpus\experiments\logs\errors\run-20260901T031236.570959Z\968a3688b5d446d7eba261d736363dbae313c69c9b6fded9182ae5cdf3ccfc9f.txt
run-20260901T031236.570959Z,2026-09-01T12:16:31.342099+00:00,qwen_4b,zero_shot,encounter,buildEncounterSummary,FN_buildEncounterSummary_END,src/encounter/encounter.service.ts,365,439,04a941d1,jest,4,jest,runtime_error,should return HIGH risk flag when has abnormal results and activeDays > 7: TypeError: service.buildEncounterSummary is not a function,968a3688b5d446d7eba261d736363dbae313c69c9b6fded9182ae5cdf3ccfc9f,,C:\Users\cdbaz\OneDrive\Documentos\Projetos\usp\tcc\health-microservice-corpus\experiments\logs\errors\run-20260901T031236.570959Z\968a3688b5d446d7eba261d736363dbae313c69c9b6fded9182ae5cdf3ccfc9f.txt
run-20260901T031236.570959Z,2026-09-01T12:16:31.342099+00:00,qwen_4b,zero_shot,encounter,buildEncounterSummary,FN_buildEncounterSummary_END,src/encounter/encounter.service.ts,365,439,04a941d1,jest,4,jest,assertion_failure,"should return MEDIUM risk flag when has cancelled orders with abnormal results: Error: expect(received).toBe(expected) // Object.is equality

Expected: ""MEDIUM""
Received: ""LOW""",968a3688b5d446d7eba261d736363dbae313c69c9b6fded9182ae5cdf3ccfc9f,,C:\Users\cdbaz\OneDrive\Documentos\Projetos\usp\tcc\health-microservice-corpus\experiments\logs\errors\run-20260901T031236.570959Z\968a3688b5d446d7eba261d736363dbae313c69c9b6fded9182ae5cdf3ccfc9f.txt
run-20260901T031236.570959Z,2026-09-01T12:16:37.389718+00:00,qwen_4b,zero_shot,encounter,buildEncounterSummary,FN_buildEncounterSummary_END,src/encounter/encounter.service.ts,365,439,04a941d1,repair,4,repair,repair_failed,5 repair attempt(s) did not produce a valid fix,4ff65d6d2275a971d2ed28cd556c71546383b5bd47ae7d25657138934089e044,,
run-20260901T031236.570959Z,2026-09-01T12:16:40.771723+00:00,qwen_4b,zero_shot,encounter,buildEncounterSummary,FN_buildEncounterSummary_END,src/encounter/encounter.service.ts,365,439,04a941d1,jest,5,jest,runtime_error,should return LOW risk flag when no abnormal results and activeDays <= 7: TypeError: service.buildEncounterSummary is not a function,2a717bb3087bc19ff32aba731b68b0139a985b4271c976f67b64bb6db708cc5a,,C:\Users\cdbaz\OneDrive\Documentos\Projetos\usp\tcc\health-microservice-corpus\experiments\logs\errors\run-20260901T031236.570959Z\2a717bb3087bc19ff32aba731b68b0139a985b4271c976f67b64bb6db708cc5a.txt
run-20260901T031236.570959Z,2026-09-01T12:16:40.771723+00:00,qwen_4b,zero_shot,encounter,buildEncounterSummary,FN_buildEncounterSummary_END,src/encounter/encounter.service.ts,365,439,04a941d1,jest,5,jest,runtime_error,should return MEDIUM risk flag when has abnormal results and activeDays <= 7: TypeError: service.buildEncounterSummary is not a function,2a717bb3087bc19ff32aba731b68b0139a985b4271c976f67b64bb6db708cc5a,,C:\Users\cdbaz\OneDrive\Documentos\Projetos\usp\tcc\health-microservice-corpus\experiments\logs\errors\run-20260901T031236.570959Z\2a717bb3087bc19ff32aba731b68b0139a985b4271c976f67b64bb6db708cc5a.txt
run-20260901T031236.570959Z,2026-09-01T12:16:40.771723+00:00,qwen_4b,zero_shot,encounter,buildEncounterSummary,FN_buildEncounterSummary_END,src/encounter/encounter.service.ts,365,439,04a941d1,jest,5,jest,runtime_error,should return MEDIUM risk flag when activeDays > 7 and no abnormal results: TypeError: service.buildEncounterSummary is not a function,2a717bb3087bc19ff32aba731b68b0139a985b4271c976f67b64bb6db708cc5a,,C:\Users\cdbaz\OneDrive\Documentos\Projetos\usp\tcc\health-microservice-corpus\experiments\logs\errors\run-20260901T031236.570959Z\2a717bb3087bc19ff32aba731b68b0139a985b4271c976f67b64bb6db708cc5a.txt
run-20260901T031236.570959Z,2026-09-01T12:16:40.771723+00:00,qwen_4b,zero_shot,encounter,buildEncounterSummary,FN_buildEncounterSummary_END,src/encounter/encounter.service.ts,365,439,04a941d1,jest,5,jest,runtime_error,should return HIGH risk flag when has abnormal results and activeDays > 7: TypeError: service.buildEncounterSummary is not a function,2a717bb3087bc19ff32aba731b68b0139a985b4271c976f67b64bb6db708cc5a,,C:\Users\cdbaz\OneDrive\Documentos\Projetos\usp\tcc\health-microservice-corpus\experiments\logs\errors\run-20260901T031236.570959Z\2a717bb3087bc19ff32aba731b68b0139a985b4271c976f67b64bb6db708cc5a.txt
run-20260901T031236.570959Z,2026-09-01T12:16:40.771723+00:00,qwen_4b,zero_shot,encounter,buildEncounterSummary,FN_buildEncounterSummary_END,src/encounter/encounter.service.ts,365,439,04a941d1,repair,5,repair,max_repairs_exceeded,Runtime repair exhausted MAX_RUNTIME_REPAIRS=5 attempts,07669857ffb0ce3ee50e620aaa2bdb3e306e87699a96b0b0862427652773b240,,
run-20260901T031236.570959Z,2026-09-01T12:16:42.836805+00:00,qwen_4b,zero_shot,encounter,buildEncounterSummary,FN_buildEncounterSummary_END,src/encounter/encounter.service.ts,365,439,04a941d1,pipeline,,pipeline,rollback,Function 'buildEncounterSummary' failed irrecoverably; rolled back to the last known-good snapshot.,c515d2813418d62554b3bc57ca018c713d1ec00fedacbda2589c150c8bfeb782,restored,
run-20260901T031236.570959Z,2026-09-01T12:26:49.828625+00:00,qwen_4b,zero_shot,order,validateOrderResult,FN_validateOrderResult_END,src/order/order.service.ts,80,158,556cd6ea,jest,1,jest,unknown,"should throw BadRequestException when CORRECTED result already exists: Error: expect(received).rejects.toThrow()

Received promise resolved instead of rejected
Resolved to value: {""created_at"": 2026-09-01T12:26:49.685Z, ""encounter"": {""id"": ""enc-1""}, ""encounterId"": ""enc-1"", ""examType"": ""HEMOGRAM"", ""id"": ""123"", ""notes"": null, ""requestedAt"": 2026-09-01T12:26:49.685Z, ""requestedBy"": ""user"", ""results"": [{""id"": ""res-1"", ""status"": ""FINAL""}], ""status"": ""COMPLETED"", ""updated_at"": 2026-09-01T12:26:49.685Z",48d6820a1fdfb3c9359c34255bda3cea840d6c4ae9b9255a8be97a63f20a1ae1,,C:\Users\cdbaz\OneDrive\Documentos\Projetos\usp\tcc\health-microservice-corpus\experiments\logs\errors\run-20260901T031236.570959Z\48d6820a1fdfb3c9359c34255bda3cea840d6c4ae9b9255a8be97a63f20a1ae1.txt
run-20260901T031236.570959Z,2026-09-01T12:26:49.828625+00:00,qwen_4b,zero_shot,order,validateOrderResult,FN_validateOrderResult_END,src/order/order.service.ts,80,158,556cd6ea,jest,1,jest,unknown,should transition PENDING order to IN_PROGRESS and save when FINAL result: BadRequestException: Cannot register a FINAL result for a PENDING order. Order must be IN_PROGRESS first,48d6820a1fdfb3c9359c34255bda3cea840d6c4ae9b9255a8be97a63f20a1ae1,,C:\Users\cdbaz\OneDrive\Documentos\Projetos\usp\tcc\health-microservice-corpus\experiments\logs\errors\run-20260901T031236.570959Z\48d6820a1fdfb3c9359c34255bda3cea840d6c4ae9b9255a8be97a63f20a1ae1.txt
run-20260901T031236.570959Z,2026-09-01T12:26:49.828625+00:00,qwen_4b,zero_shot,order,validateOrderResult,FN_validateOrderResult_END,src/order/order.service.ts,80,158,556cd6ea,jest,1,jest,assertion_failure,"should return order without changes when no status transition needed: Error: expect(received).toBe(expected) // Object.is equality

Expected: ""IN_PROGRESS""
Received: undefined",48d6820a1fdfb3c9359c34255bda3cea840d6c4ae9b9255a8be97a63f20a1ae1,,C:\Users\cdbaz\OneDrive\Documentos\Projetos\usp\tcc\health-microservice-corpus\experiments\logs\errors\run-20260901T031236.570959Z\48d6820a1fdfb3c9359c34255bda3cea840d6c4ae9b9255a8be97a63f20a1ae1.txt
run-20260901T031236.570959Z,2026-09-01T12:33:19.094161+00:00,qwen_4b,zero_shot,order,updateOrder,FN_updateOrder_END,src/order/order.service.ts,170,203,556cd6ea,jest,1,jest,unknown,"should throw BadRequestException when updating requestedBy for IN_PROGRESS order: Error: expect(received).rejects.toThrow()

Received promise resolved instead of rejected
Resolved to value: {""created_at"": 2026-09-01T12:33:18.972Z, ""encounter"": {""id"": ""enc1""}, ""encounterId"": ""enc1"", ""examType"": ""HEMOGRAM"", ""id"": ""123"", ""notes"": null, ""requestedAt"": 2026-09-01T12:33:18.972Z, ""requestedBy"": ""John Doe"", ""results"": [], ""status"": ""IN_PROGRESS"", ""updated_at"": 2026-09-01T12:33:18.972Z}",183f6f5ecf763c68adf47e66fed6dd5a13fd0d0f056743dd6753753f7a819d95,,C:\Users\cdbaz\OneDrive\Documentos\Projetos\usp\tcc\health-microservice-corpus\experiments\logs\errors\run-20260901T031236.570959Z\183f6f5ecf763c68adf47e66fed6dd5a13fd0d0f056743dd6753753f7a819d95.txt
run-20260901T031236.570959Z,2026-09-01T12:34:14.176478+00:00,qwen_4b,zero_shot,order,updateOrder,FN_updateOrder_END,src/order/order.service.ts,170,203,556cd6ea,jest,2,jest,unknown,"should throw BadRequestException when updating requestedBy for IN_PROGRESS order: Error: expect(received).rejects.toThrow()

Received promise resolved instead of rejected
Resolved to value: {""created_at"": 2026-09-01T12:34:14.044Z, ""encounter"": {""id"": ""enc1""}, ""encounterId"": ""enc1"", ""examType"": ""HEMOGRAM"", ""id"": ""123"", ""notes"": null, ""requestedAt"": 2026-09-01T12:34:14.044Z, ""requestedBy"": ""John Doe"", ""results"": [], ""status"": ""IN_PROGRESS"", ""updated_at"": 2026-09-01T12:34:14.044Z}",186d186ebd069865a6d7497db768b5bddc3dc8321cd8608ab2096f4c0962f4da,,C:\Users\cdbaz\OneDrive\Documentos\Projetos\usp\tcc\health-microservice-corpus\experiments\logs\errors\run-20260901T031236.570959Z\186d186ebd069865a6d7497db768b5bddc3dc8321cd8608ab2096f4c0962f4da.txt
run-20260901T031236.570959Z,2026-09-01T12:38:41.731337+00:00,qwen_4b,zero_shot,patient,createPatient,FN_createPatient_END,src/patient/patient.service.ts,27,51,0ddb42a2,jest,1,jest,runtime_error,should create patient successfully with valid data: TypeError: Cannot read properties of undefined (reading 'replace'),7de1ef0ee435cafa79605a01af83e7186eceaa135d7d48abbdd11f5809d1b439,,C:\Users\cdbaz\OneDrive\Documentos\Projetos\usp\tcc\health-microservice-corpus\experiments\logs\errors\run-20260901T031236.570959Z\7de1ef0ee435cafa79605a01af83e7186eceaa135d7d48abbdd11f5809d1b439.txt
run-20260901T031236.570959Z,2026-09-01T12:38:41.731337+00:00,qwen_4b,zero_shot,patient,createPatient,FN_createPatient_END,src/patient/patient.service.ts,27,51,0ddb42a2,jest,1,jest,runtime_error,"should throw ConflictException when CPF already exists: Error: expect(received).rejects.toThrow(expected)

Expected constructor: ConflictException
Received constructor: TypeError

Received message: ""Cannot read properties of undefined (reading 'replace')""

    [0m [90m 26 |[39m
     [90m 27 |[39m   [36masync[39m createPatient(dto[33m:[39m [33mCreatePatientDto[39m)[33m:[39m [33mPromise[39m[33m<[39m[33mPatient[39m[33m>[39m {
    [31m[1m>[22m[39m[90m 28 |[39m     [36mcon",7de1ef0ee435cafa79605a01af83e7186eceaa135d7d48abbdd11f5809d1b439,,C:\Users\cdbaz\OneDrive\Documentos\Projetos\usp\tcc\health-microservice-corpus\experiments\logs\errors\run-20260901T031236.570959Z\7de1ef0ee435cafa79605a01af83e7186eceaa135d7d48abbdd11f5809d1b439.txt
run-20260901T031236.570959Z,2026-09-01T12:38:41.731337+00:00,qwen_4b,zero_shot,patient,createPatient,FN_createPatient_END,src/patient/patient.service.ts,27,51,0ddb42a2,jest,1,jest,runtime_error,"should throw ConflictException when email already exists: Error: expect(received).rejects.toThrow(expected)

Expected constructor: ConflictException
Received constructor: TypeError

Received message: ""Cannot read properties of undefined (reading 'replace')""

    [0m [90m 26 |[39m
     [90m 27 |[39m   [36masync[39m createPatient(dto[33m:[39m [33mCreatePatientDto[39m)[33m:[39m [33mPromise[39m[33m<[39m[33mPatient[39m[33m>[39m {
    [31m[1m>[22m[39m[90m 28 |[39m     [36mc",7de1ef0ee435cafa79605a01af83e7186eceaa135d7d48abbdd11f5809d1b439,,C:\Users\cdbaz\OneDrive\Documentos\Projetos\usp\tcc\health-microservice-corpus\experiments\logs\errors\run-20260901T031236.570959Z\7de1ef0ee435cafa79605a01af83e7186eceaa135d7d48abbdd11f5809d1b439.txt
run-20260901T031236.570959Z,2026-09-01T12:38:41.737804+00:00,qwen_4b,zero_shot,patient,createPatient,FN_createPatient_END,src/patient/patient.service.ts,27,51,0ddb42a2,jest,1,jest,runtime_error,should create patient with undefined email: TypeError: Cannot read properties of undefined (reading 'replace'),7de1ef0ee435cafa79605a01af83e7186eceaa135d7d48abbdd11f5809d1b439,,C:\Users\cdbaz\OneDrive\Documentos\Projetos\usp\tcc\health-microservice-corpus\experiments\logs\errors\run-20260901T031236.570959Z\7de1ef0ee435cafa79605a01af83e7186eceaa135d7d48abbdd11f5809d1b439.txt
run-20260901T031236.570959Z,2026-09-01T12:59:16.399835+00:00,qwen_4b,zero_shot,patient,createPatient,FN_createPatient_END,src/patient/patient.service.ts,27,51,0ddb42a2,jest,2,jest,runtime_error,"should throw ConflictException when CPF already exists: Error: expect(received).rejects.toThrow(expected)

Expected constructor: ConflictException
Received constructor: TypeError

Received message: ""Cannot read properties of undefined (reading 'replace')""

    [0m [90m 26 |[39m
     [90m 27 |[39m   [36masync[39m createPatient(dto[33m:[39m [33mCreatePatientDto[39m)[33m:[39m [33mPromise[39m[33m<[39m[33mPatient[39m[33m>[39m {
    [31m[1m>[22m[39m[90m 28 |[39m     [36mcon",c64ec351ca73a4c298061698a4dda65df11537a08a6d457f066e8b5cf3fbf5de,,C:\Users\cdbaz\OneDrive\Documentos\Projetos\usp\tcc\health-microservice-corpus\experiments\logs\errors\run-20260901T031236.570959Z\c64ec351ca73a4c298061698a4dda65df11537a08a6d457f066e8b5cf3fbf5de.txt
run-20260901T031236.570959Z,2026-09-01T13:01:27.378203+00:00,qwen_4b,zero_shot,patient,updatePatient,FN_updatePatient_END,src/patient/patient.service.ts,53,75,0ddb42a2,jest,1,jest,unknown,should update patient successfully when no email conflict exists: NotFoundException: Patient with id 1 not found,6397163331131953570f35d28516e30bf346eb68e8cf595b72b59094a8196ba9,,C:\Users\cdbaz\OneDrive\Documentos\Projetos\usp\tcc\health-microservice-corpus\experiments\logs\errors\run-20260901T031236.570959Z\6397163331131953570f35d28516e30bf346eb68e8cf595b72b59094a8196ba9.txt
run-20260901T031236.570959Z,2026-09-01T13:01:27.378203+00:00,qwen_4b,zero_shot,patient,updatePatient,FN_updatePatient_END,src/patient/patient.service.ts,53,75,0ddb42a2,jest,1,jest,assertion_failure,"should throw ConflictException when email already exists: Error: expect(received).rejects.toThrow(expected)

Expected constructor: ConflictException
Received constructor: NotFoundException

Received message: ""Patient with id 1 not found""

    [0m [90m 16 |[39m     [36mconst[39m patient [33m=[39m [36mawait[39m [36mthis[39m[33m.[39mpatientRepository[33m.[39mfindById(id)[33m;[39m
     [90m 17 |[39m     [36mif[39m ([33m![39mpatient) {
    [31m[1m>[22m[39m[90m 18 |[39m   ",6397163331131953570f35d28516e30bf346eb68e8cf595b72b59094a8196ba9,,C:\Users\cdbaz\OneDrive\Documentos\Projetos\usp\tcc\health-microservice-corpus\experiments\logs\errors\run-20260901T031236.570959Z\6397163331131953570f35d28516e30bf346eb68e8cf595b72b59094a8196ba9.txt
run-20260901T031236.570959Z,2026-09-01T13:01:27.378203+00:00,qwen_4b,zero_shot,patient,updatePatient,FN_updatePatient_END,src/patient/patient.service.ts,53,75,0ddb42a2,jest,1,jest,unknown,should update patient with partial fields including sex and birthDate: NotFoundException: Patient with id 1 not found,6397163331131953570f35d28516e30bf346eb68e8cf595b72b59094a8196ba9,,C:\Users\cdbaz\OneDrive\Documentos\Projetos\usp\tcc\health-microservice-corpus\experiments\logs\errors\run-20260901T031236.570959Z\6397163331131953570f35d28516e30bf346eb68e8cf595b72b59094a8196ba9.txt
run-20260901T031236.570959Z,2026-09-01T13:03:50.739472+00:00,qwen_4b,zero_shot,patient,updatePatient,FN_updatePatient_END,src/patient/patient.service.ts,53,75,0ddb42a2,jest,2,jest,runtime_error,should update patient successfully when no email conflict exists: TypeError: service.getPatientById.mockResolvedValue is not a function,f374c5352c1807c736e845e23723c41e47c0e9fa3adbfab12499ea3ea84e4bc0,,C:\Users\cdbaz\OneDrive\Documentos\Projetos\usp\tcc\health-microservice-corpus\experiments\logs\errors\run-20260901T031236.570959Z\f374c5352c1807c736e845e23723c41e47c0e9fa3adbfab12499ea3ea84e4bc0.txt
run-20260901T031236.570959Z,2026-09-01T13:03:50.741155+00:00,qwen_4b,zero_shot,patient,updatePatient,FN_updatePatient_END,src/patient/patient.service.ts,53,75,0ddb42a2,jest,2,jest,runtime_error,should throw ConflictException when email already exists: TypeError: service.getPatientById.mockResolvedValue is not a function,f374c5352c1807c736e845e23723c41e47c0e9fa3adbfab12499ea3ea84e4bc0,,C:\Users\cdbaz\OneDrive\Documentos\Projetos\usp\tcc\health-microservice-corpus\experiments\logs\errors\run-20260901T031236.570959Z\f374c5352c1807c736e845e23723c41e47c0e9fa3adbfab12499ea3ea84e4bc0.txt
run-20260901T031236.570959Z,2026-09-01T13:03:50.741155+00:00,qwen_4b,zero_shot,patient,updatePatient,FN_updatePatient_END,src/patient/patient.service.ts,53,75,0ddb42a2,jest,2,jest,runtime_error,should update patient with partial fields including sex and birthDate: TypeError: service.getPatientById.mockResolvedValue is not a function,f374c5352c1807c736e845e23723c41e47c0e9fa3adbfab12499ea3ea84e4bc0,,C:\Users\cdbaz\OneDrive\Documentos\Projetos\usp\tcc\health-microservice-corpus\experiments\logs\errors\run-20260901T031236.570959Z\f374c5352c1807c736e845e23723c41e47c0e9fa3adbfab12499ea3ea84e4bc0.txt
run-20260901T031236.570959Z,2026-09-01T13:06:26.420213+00:00,qwen_4b,zero_shot,patient,updatePatient,FN_updatePatient_END,src/patient/patient.service.ts,53,75,0ddb42a2,jest,3,jest,unknown,"should throw ConflictException when email already exists: Error: expect(received).rejects.toThrow()

Received promise resolved instead of rejected
Resolved to value: undefined",b9168b88b1f822f3c62053d6b2b8941541587ef9455e9b2fb2b3ea829c8e0bab,,C:\Users\cdbaz\OneDrive\Documentos\Projetos\usp\tcc\health-microservice-corpus\experiments\logs\errors\run-20260901T031236.570959Z\b9168b88b1f822f3c62053d6b2b8941541587ef9455e9b2fb2b3ea829c8e0bab.txt
run-20260901T031236.570959Z,2026-09-01T13:07:56.520573+00:00,qwen_4b,zero_shot,patient,updatePatient,FN_updatePatient_END,src/patient/patient.service.ts,53,75,0ddb42a2,jest,4,jest,unknown,"should throw ConflictException when email already exists: Error: expect(received).rejects.toThrow()

Received promise resolved instead of rejected
Resolved to value: {""id"": ""1""}",9d3d8beeb269a9765b8d975669d19a63f1b11b335a011ab8abcfb659fec85e2c,,C:\Users\cdbaz\OneDrive\Documentos\Projetos\usp\tcc\health-microservice-corpus\experiments\logs\errors\run-20260901T031236.570959Z\9d3d8beeb269a9765b8d975669d19a63f1b11b335a011ab8abcfb659fec85e2c.txt
run-20260901T031236.570959Z,2026-09-01T13:08:00.361236+00:00,qwen_4b,zero_shot,patient,updatePatient,FN_updatePatient_END,src/patient/patient.service.ts,53,75,0ddb42a2,repair,4,repair,repair_failed,1 repair attempt(s) did not produce a valid fix,a19dd2f169fea0f558514ac3dac1b23af029a1260819d762429f620cb291dccb,,
run-20260901T031236.570959Z,2026-09-01T13:24:28.056207+00:00,qwen_4b,zero_shot,result,updateResult,FN_updateResult_END,src/result/result.service.ts,126,206,357b6b51,jest,1,jest,runtime_error,should throw BadRequestException when trying to change status of CORRECTED result: TypeError: service.updateResult is not a function,7c9b0000421fb2b8c0543bebd2506aa445d8236cffdddf477f92769ea1ab8f4e,,C:\Users\cdbaz\OneDrive\Documentos\Projetos\usp\tcc\health-microservice-corpus\experiments\logs\errors\run-20260901T031236.570959Z\7c9b0000421fb2b8c0543bebd2506aa445d8236cffdddf477f92769ea1ab8f4e.txt
run-20260901T031236.570959Z,2026-09-01T13:24:28.058215+00:00,qwen_4b,zero_shot,result,updateResult,FN_updateResult_END,src/result/result.service.ts,126,206,357b6b51,jest,1,jest,runtime_error,should throw BadRequestException for invalid status transition from PRELIMINARY to FINAL: TypeError: service.updateResult is not a function,7c9b0000421fb2b8c0543bebd2506aa445d8236cffdddf477f92769ea1ab8f4e,,C:\Users\cdbaz\OneDrive\Documentos\Projetos\usp\tcc\health-microservice-corpus\experiments\logs\errors\run-20260901T031236.570959Z\7c9b0000421fb2b8c0543bebd2506aa445d8236cffdddf477f92769ea1ab8f4e.txt
run-20260901T031236.570959Z,2026-09-01T13:24:28.058215+00:00,qwen_4b,zero_shot,result,updateResult,FN_updateResult_END,src/result/result.service.ts,126,206,357b6b51,jest,1,jest,runtime_error,should throw BadRequestException for invalid status transition from FINAL to PRELIMINARY: TypeError: service.updateResult is not a function,7c9b0000421fb2b8c0543bebd2506aa445d8236cffdddf477f92769ea1ab8f4e,,C:\Users\cdbaz\OneDrive\Documentos\Projetos\usp\tcc\health-microservice-corpus\experiments\logs\errors\run-20260901T031236.570959Z\7c9b0000421fb2b8c0543bebd2506aa445d8236cffdddf477f92769ea1ab8f4e.txt
run-20260901T031236.570959Z,2026-09-01T13:24:28.060221+00:00,qwen_4b,zero_shot,result,updateResult,FN_updateResult_END,src/result/result.service.ts,126,206,357b6b51,jest,1,jest,runtime_error,should throw BadRequestException when trying to update value of FINAL result: TypeError: service.updateResult is not a function,7c9b0000421fb2b8c0543bebd2506aa445d8236cffdddf477f92769ea1ab8f4e,,C:\Users\cdbaz\OneDrive\Documentos\Projetos\usp\tcc\health-microservice-corpus\experiments\logs\errors\run-20260901T031236.570959Z\7c9b0000421fb2b8c0543bebd2506aa445d8236cffdddf477f92769ea1ab8f4e.txt
run-20260901T031236.570959Z,2026-09-01T13:24:28.060221+00:00,qwen_4b,zero_shot,result,updateResult,FN_updateResult_END,src/result/result.service.ts,126,206,357b6b51,jest,1,jest,runtime_error,should throw BadRequestException when trying to update unit of FINAL result: TypeError: service.updateResult is not a function,7c9b0000421fb2b8c0543bebd2506aa445d8236cffdddf477f92769ea1ab8f4e,,C:\Users\cdbaz\OneDrive\Documentos\Projetos\usp\tcc\health-microservice-corpus\experiments\logs\errors\run-20260901T031236.570959Z\7c9b0000421fb2b8c0543bebd2506aa445d8236cffdddf477f92769ea1ab8f4e.txt
run-20260901T031236.570959Z,2026-09-01T13:24:28.060221+00:00,qwen_4b,zero_shot,result,updateResult,FN_updateResult_END,src/result/result.service.ts,126,206,357b6b51,jest,1,jest,runtime_error,should throw BadRequestException when trying to update referenceMin of FINAL result: TypeError: service.updateResult is not a function,7c9b0000421fb2b8c0543bebd2506aa445d8236cffdddf477f92769ea1ab8f4e,,C:\Users\cdbaz\OneDrive\Documentos\Projetos\usp\tcc\health-microservice-corpus\experiments\logs\errors\run-20260901T031236.570959Z\7c9b0000421fb2b8c0543bebd2506aa445d8236cffdddf477f92769ea1ab8f4e.txt
run-20260901T031236.570959Z,2026-09-01T13:24:28.062226+00:00,qwen_4b,zero_shot,result,updateResult,FN_updateResult_END,src/result/result.service.ts,126,206,357b6b51,jest,1,jest,runtime_error,should throw BadRequestException when trying to update referenceMax of FINAL result: TypeError: service.updateResult is not a function,7c9b0000421fb2b8c0543bebd2506aa445d8236cffdddf477f92769ea1ab8f4e,,C:\Users\cdbaz\OneDrive\Documentos\Projetos\usp\tcc\health-microservice-corpus\experiments\logs\errors\run-20260901T031236.570959Z\7c9b0000421fb2b8c0543bebd2506aa445d8236cffdddf477f92769ea1ab8f4e.txt
run-20260901T031236.570959Z,2026-09-01T13:24:28.062226+00:00,qwen_4b,zero_shot,result,updateResult,FN_updateResult_END,src/result/result.service.ts,126,206,357b6b51,jest,1,jest,runtime_error,should throw BadRequestException when referenceMin is greater than or equal to referenceMax: TypeError: service.updateResult is not a function,7c9b0000421fb2b8c0543bebd2506aa445d8236cffdddf477f92769ea1ab8f4e,,C:\Users\cdbaz\OneDrive\Documentos\Projetos\usp\tcc\health-microservice-corpus\experiments\logs\errors\run-20260901T031236.570959Z\7c9b0000421fb2b8c0543bebd2506aa445d8236cffdddf477f92769ea1ab8f4e.txt
run-20260901T031236.570959Z,2026-09-01T13:24:28.064232+00:00,qwen_4b,zero_shot,result,updateResult,FN_updateResult_END,src/result/result.service.ts,126,206,357b6b51,jest,1,jest,runtime_error,should successfully update status from PRELIMINARY to FINAL: TypeError: service.updateResult is not a function,7c9b0000421fb2b8c0543bebd2506aa445d8236cffdddf477f92769ea1ab8f4e,,C:\Users\cdbaz\OneDrive\Documentos\Projetos\usp\tcc\health-microservice-corpus\experiments\logs\errors\run-20260901T031236.570959Z\7c9b0000421fb2b8c0543bebd2506aa445d8236cffdddf477f92769ea1ab8f4e.txt
run-20260901T031236.570959Z,2026-09-01T13:24:28.064232+00:00,qwen_4b,zero_shot,result,updateResult,FN_updateResult_END,src/result/result.service.ts,126,206,357b6b51,jest,1,jest,runtime_error,should successfully update value of PRELIMINARY result: TypeError: service.updateResult is not a function,7c9b0000421fb2b8c0543bebd2506aa445d8236cffdddf477f92769ea1ab8f4e,,C:\Users\cdbaz\OneDrive\Documentos\Projetos\usp\tcc\health-microservice-corpus\experiments\logs\errors\run-20260901T031236.570959Z\7c9b0000421fb2b8c0543bebd2506aa445d8236cffdddf477f92769ea1ab8f4e.txt
run-20260901T031236.570959Z,2026-09-01T13:24:28.066238+00:00,qwen_4b,zero_shot,result,updateResult,FN_updateResult_END,src/result/result.service.ts,126,206,357b6b51,jest,1,jest,runtime_error,should successfully update unit of PRELIMINARY result: TypeError: service.updateResult is not a function,7c9b0000421fb2b8c0543bebd2506aa445d8236cffdddf477f92769ea1ab8f4e,,C:\Users\cdbaz\OneDrive\Documentos\Projetos\usp\tcc\health-microservice-corpus\experiments\logs\errors\run-20260901T031236.570959Z\7c9b0000421fb2b8c0543bebd2506aa445d8236cffdddf477f92769ea1ab8f4e.txt
run-20260901T031236.570959Z,2026-09-01T13:24:28.066238+00:00,qwen_4b,zero_shot,result,updateResult,FN_updateResult_END,src/result/result.service.ts,126,206,357b6b51,jest,1,jest,runtime_error,should successfully update referenceMin of PRELIMINARY result: TypeError: service.updateResult is not a function,7c9b0000421fb2b8c0543bebd2506aa445d8236cffdddf477f92769ea1ab8f4e,,C:\Users\cdbaz\OneDrive\Documentos\Projetos\usp\tcc\health-microservice-corpus\experiments\logs\errors\run-20260901T031236.570959Z\7c9b0000421fb2b8c0543bebd2506aa445d8236cffdddf477f92769ea1ab8f4e.txt
run-20260901T031236.570959Z,2026-09-01T13:24:28.067717+00:00,qwen_4b,zero_shot,result,updateResult,FN_updateResult_END,src/result/result.service.ts,126,206,357b6b51,jest,1,jest,runtime_error,should successfully update referenceMax of PRELIMINARY result: TypeError: service.updateResult is not a function,7c9b0000421fb2b8c0543bebd2506aa445d8236cffdddf477f92769ea1ab8f4e,,C:\Users\cdbaz\OneDrive\Documentos\Projetos\usp\tcc\health-microservice-corpus\experiments\logs\errors\run-20260901T031236.570959Z\7c9b0000421fb2b8c0543bebd2506aa445d8236cffdddf477f92769ea1ab8f4e.txt
run-20260901T031236.570959Z,2026-09-01T13:24:28.069420+00:00,qwen_4b,zero_shot,result,updateResult,FN_updateResult_END,src/result/result.service.ts,126,206,357b6b51,jest,1,jest,runtime_error,should successfully update notes of PRELIMINARY result: TypeError: service.updateResult is not a function,7c9b0000421fb2b8c0543bebd2506aa445d8236cffdddf477f92769ea1ab8f4e,,C:\Users\cdbaz\OneDrive\Documentos\Projetos\usp\tcc\health-microservice-corpus\experiments\logs\errors\run-20260901T031236.570959Z\7c9b0000421fb2b8c0543bebd2506aa445d8236cffdddf477f92769ea1ab8f4e.txt
run-20260901T031236.570959Z,2026-09-01T13:24:28.069884+00:00,qwen_4b,zero_shot,result,updateResult,FN_updateResult_END,src/result/result.service.ts,126,206,357b6b51,jest,1,jest,runtime_error,should successfully update status from PRELIMINARY to CORRECTED: TypeError: service.updateResult is not a function,7c9b0000421fb2b8c0543bebd2506aa445d8236cffdddf477f92769ea1ab8f4e,,C:\Users\cdbaz\OneDrive\Documentos\Projetos\usp\tcc\health-microservice-corpus\experiments\logs\errors\run-20260901T031236.570959Z\7c9b0000421fb2b8c0543bebd2506aa445d8236cffdddf477f92769ea1ab8f4e.txt
run-20260901T031236.570959Z,2026-09-01T13:24:28.071037+00:00,qwen_4b,zero_shot,result,updateResult,FN_updateResult_END,src/result/result.service.ts,126,206,357b6b51,jest,1,jest,runtime_error,should successfully update value of FINAL result with CORRECTED status: TypeError: service.updateResult is not a function,7c9b0000421fb2b8c0543bebd2506aa445d8236cffdddf477f92769ea1ab8f4e,,C:\Users\cdbaz\OneDrive\Documentos\Projetos\usp\tcc\health-microservice-corpus\experiments\logs\errors\run-20260901T031236.570959Z\7c9b0000421fb2b8c0543bebd2506aa445d8236cffdddf477f92769ea1ab8f4e.txt
run-20260901T031236.570959Z,2026-09-01T13:43:58.312950+00:00,qwen_4b,zero_shot,result,updateResult,FN_updateResult_END,src/result/result.service.ts,126,206,357b6b51,jest,2,jest,runtime_error,"should throw BadRequestException when trying to update value of FINAL result: Error: expect(received).rejects.toThrow(expected)

Expected constructor: BadRequestException
Received constructor: TypeError

Received message: ""this.getResultById is not a function""

    [0m [90m 638 |[39m           })[33m,[39m
     [90m 639 |[39m           updateResult[33m:[39m jest[33m.[39mfn()[33m.[39mmockImplementation([36masync[39m (id[33m:[39m string[33m,[39m dto[33m:[39m any) [33m=>[39m {",6c86bb5970bd61edced297179b24f386336b502a3035125f69b42a7caf3215ea,,C:\Users\cdbaz\OneDrive\Documentos\Projetos\usp\tcc\health-microservice-corpus\experiments\logs\errors\run-20260901T031236.570959Z\6c86bb5970bd61edced297179b24f386336b502a3035125f69b42a7caf3215ea.txt
run-20260901T031236.570959Z,2026-09-01T13:47:14.770290+00:00,qwen_4b,few_shot,encounter,createEncounter,FN_createEncounter_END,src/encounter/encounter.service.ts,30,63,04a941d1,jest,1,jest,assertion_failure,"should throw ConflictException when patient has active encounter: Error: expect(received).rejects.toThrow(expected)

Expected constructor: ConflictException
Received constructor: BadRequestException

Received message: ""Ward is required for ADT A01 (admission)""

    [0m [90m 65 |[39m   validateEncounterFields(dto[33m:[39m [33mCreateEncounterDto[39m)[33m:[39m [36mvoid[39m {
     [90m 66 |[39m     [36mif[39m (dto[33m.[39madtType [33m===[39m [33mAdtType[39m[33m.[39m[33mA01[3",dceed3684d821800ac796f837f4a2f650ef8823c102206f7d6c0b501a10d8e7b,,C:\Users\cdbaz\OneDrive\Documentos\Projetos\usp\tcc\health-microservice-corpus\experiments\logs\errors\run-20260901T031236.570959Z\dceed3684d821800ac796f837f4a2f650ef8823c102206f7d6c0b501a10d8e7b.txt
run-20260901T031236.570959Z,2026-09-01T13:48:11.657567+00:00,qwen_4b,few_shot,encounter,createEncounter,FN_createEncounter_END,src/encounter/encounter.service.ts,30,63,04a941d1,jest,2,jest,runtime_error,"should throw ConflictException when patient has active encounter: Error: expect(received).rejects.toThrow(expected)

Expected constructor: ConflictException
Received constructor: TypeError

Received message: ""Cannot read properties of undefined (reading 'active')""

    [0m [90m 38 |[39m     [36mconst[39m patient [33m=[39m [36mawait[39m [36mthis[39m[33m.[39mpatientService[33m.[39mgetPatientById(dto[33m.[39mpatientId)[33m;[39m
     [90m 39 |[39m
    [31m[1m>[22m[39m[90m 4",f0cdc1873780c4efb36e59c3daddcda449d23ba928effd3f6ffc4a84b6b5c273,,C:\Users\cdbaz\OneDrive\Documentos\Projetos\usp\tcc\health-microservice-corpus\experiments\logs\errors\run-20260901T031236.570959Z\f0cdc1873780c4efb36e59c3daddcda449d23ba928effd3f6ffc4a84b6b5c273.txt
run-20260901T031236.570959Z,2026-09-01T13:55:16.873398+00:00,qwen_4b,few_shot,encounter,transitionEncounterStatus,FN_transitionEncounterStatus_END,src/encounter/encounter.service.ts,109,197,04a941d1,jest,1,jest,unknown,should successfully transition to TRANSFERRED with valid dates and ward: BadRequestException: Invalid status transition from TRANSFERRED to TRANSFERRED,09f3827d262b47bcec9b218461476d57f17edfde5b4053aee74b95863c32cc84,,C:\Users\cdbaz\OneDrive\Documentos\Projetos\usp\tcc\health-microservice-corpus\experiments\logs\errors\run-20260901T031236.570959Z\09f3827d262b47bcec9b218461476d57f17edfde5b4053aee74b95863c32cc84.txt
run-20260901T031236.570959Z,2026-09-01T14:00:06.887519+00:00,qwen_4b,few_shot,encounter,processAdtMessage,FN_processAdtMessage_END,src/encounter/encounter.service.ts,199,317,04a941d1,jest,1,jest,runtime_error,should create patient and encounter for A01: TypeError: Cannot read properties of null (reading 'id'),b0ae713356ba12ef16cb18b46a8d2a80e251109bf93fe3451e2ee07d34a705d8,,C:\Users\cdbaz\OneDrive\Documentos\Projetos\usp\tcc\health-microservice-corpus\experiments\logs\errors\run-20260901T031236.570959Z\b0ae713356ba12ef16cb18b46a8d2a80e251109bf93fe3451e2ee07d34a705d8.txt
run-20260901T031236.570959Z,2026-09-01T14:00:06.887519+00:00,qwen_4b,few_shot,encounter,processAdtMessage,FN_processAdtMessage_END,src/encounter/encounter.service.ts,199,317,04a941d1,jest,1,jest,unknown,should update encounter status for A02: NotFoundException: Encounter with id 2 not found,b0ae713356ba12ef16cb18b46a8d2a80e251109bf93fe3451e2ee07d34a705d8,,C:\Users\cdbaz\OneDrive\Documentos\Projetos\usp\tcc\health-microservice-corpus\experiments\logs\errors\run-20260901T031236.570959Z\b0ae713356ba12ef16cb18b46a8d2a80e251109bf93fe3451e2ee07d34a705d8.txt
run-20260901T031236.570959Z,2026-09-01T14:00:06.887519+00:00,qwen_4b,few_shot,encounter,processAdtMessage,FN_processAdtMessage_END,src/encounter/encounter.service.ts,199,317,04a941d1,jest,1,jest,unknown,should update encounter status for A03: NotFoundException: Encounter with id 2 not found,b0ae713356ba12ef16cb18b46a8d2a80e251109bf93fe3451e2ee07d34a705d8,,C:\Users\cdbaz\OneDrive\Documentos\Projetos\usp\tcc\health-microservice-corpus\experiments\logs\errors\run-20260901T031236.570959Z\b0ae713356ba12ef16cb18b46a8d2a80e251109bf93fe3451e2ee07d34a705d8.txt
run-20260901T031236.570959Z,2026-09-01T14:00:06.887519+00:00,qwen_4b,few_shot,encounter,processAdtMessage,FN_processAdtMessage_END,src/encounter/encounter.service.ts,199,317,04a941d1,jest,1,jest,runtime_error,"should throw NotFoundException when patient not found for A01: Error: expect(received).rejects.toThrow(expected)

Expected constructor: NotFoundException
Received constructor: TypeError

Received message: ""Cannot read properties of undefined (reading 'id')""

    [0m [90m 226 |[39m
     [90m 227 |[39m       [36mconst[39m encounter [33m=[39m [36mawait[39m [36mthis[39m[33m.[39mcreateEncounter({
    [31m[1m>[22m[39m[90m 228 |[39m         patientId[33m:[39m patient[33m.[39mid",b0ae713356ba12ef16cb18b46a8d2a80e251109bf93fe3451e2ee07d34a705d8,,C:\Users\cdbaz\OneDrive\Documentos\Projetos\usp\tcc\health-microservice-corpus\experiments\logs\errors\run-20260901T031236.570959Z\b0ae713356ba12ef16cb18b46a8d2a80e251109bf93fe3451e2ee07d34a705d8.txt
run-20260901T031236.570959Z,2026-09-01T14:05:18.478243+00:00,qwen_4b,few_shot,encounter,processAdtMessage,FN_processAdtMessage_END,src/encounter/encounter.service.ts,199,317,04a941d1,jest,2,jest,runtime_error,should create patient and encounter for A01: ReferenceError: serviceMock is not defined,2a9eaf3ff3ce7576b93440ff21a4440b83f2c5480e40c0fce30c30c565b276c5,,C:\Users\cdbaz\OneDrive\Documentos\Projetos\usp\tcc\health-microservice-corpus\experiments\logs\errors\run-20260901T031236.570959Z\2a9eaf3ff3ce7576b93440ff21a4440b83f2c5480e40c0fce30c30c565b276c5.txt
run-20260901T031236.570959Z,2026-09-01T14:05:18.478243+00:00,qwen_4b,few_shot,encounter,processAdtMessage,FN_processAdtMessage_END,src/encounter/encounter.service.ts,199,317,04a941d1,jest,2,jest,unknown,should update encounter status for A02: NotFoundException: Encounter with id 2 not found,2a9eaf3ff3ce7576b93440ff21a4440b83f2c5480e40c0fce30c30c565b276c5,,C:\Users\cdbaz\OneDrive\Documentos\Projetos\usp\tcc\health-microservice-corpus\experiments\logs\errors\run-20260901T031236.570959Z\2a9eaf3ff3ce7576b93440ff21a4440b83f2c5480e40c0fce30c30c565b276c5.txt
run-20260901T031236.570959Z,2026-09-01T14:05:18.478243+00:00,qwen_4b,few_shot,encounter,processAdtMessage,FN_processAdtMessage_END,src/encounter/encounter.service.ts,199,317,04a941d1,jest,2,jest,unknown,should update encounter status for A03: NotFoundException: Encounter with id 2 not found,2a9eaf3ff3ce7576b93440ff21a4440b83f2c5480e40c0fce30c30c565b276c5,,C:\Users\cdbaz\OneDrive\Documentos\Projetos\usp\tcc\health-microservice-corpus\experiments\logs\errors\run-20260901T031236.570959Z\2a9eaf3ff3ce7576b93440ff21a4440b83f2c5480e40c0fce30c30c565b276c5.txt
run-20260901T031236.570959Z,2026-09-01T14:05:18.478243+00:00,qwen_4b,few_shot,encounter,processAdtMessage,FN_processAdtMessage_END,src/encounter/encounter.service.ts,199,317,04a941d1,jest,2,jest,runtime_error,"should throw NotFoundException when patient not found for A01: Error: expect(received).rejects.toThrow(expected)

Expected constructor: NotFoundException
Received constructor: TypeError

Received message: ""Cannot read properties of undefined (reading 'active')""

    [0m [90m 38 |[39m     [36mconst[39m patient [33m=[39m [36mawait[39m [36mthis[39m[33m.[39mpatientService[33m.[39mgetPatientById(dto[33m.[39mpatientId)[33m;[39m
     [90m 39 |[39m
    [31m[1m>[22m[39m[90m 40 |",2a9eaf3ff3ce7576b93440ff21a4440b83f2c5480e40c0fce30c30c565b276c5,,C:\Users\cdbaz\OneDrive\Documentos\Projetos\usp\tcc\health-microservice-corpus\experiments\logs\errors\run-20260901T031236.570959Z\2a9eaf3ff3ce7576b93440ff21a4440b83f2c5480e40c0fce30c30c565b276c5.txt
run-20260901T031236.570959Z,2026-09-01T14:12:34.197651+00:00,qwen_4b,few_shot,encounter,processAdtMessage,FN_processAdtMessage_END,src/encounter/encounter.service.ts,199,317,04a941d1,jest,3,jest,runtime_error,should update encounter status for A02: TypeError: Cannot read properties of undefined (reading 'mockResolvedValueOnce'),3ed3518eeee1e600a7eabbf913023dc57f3c219b47d704932e3d435e4ad5def3,,C:\Users\cdbaz\OneDrive\Documentos\Projetos\usp\tcc\health-microservice-corpus\experiments\logs\errors\run-20260901T031236.570959Z\3ed3518eeee1e600a7eabbf913023dc57f3c219b47d704932e3d435e4ad5def3.txt
run-20260901T031236.570959Z,2026-09-01T14:12:34.197651+00:00,qwen_4b,few_shot,encounter,processAdtMessage,FN_processAdtMessage_END,src/encounter/encounter.service.ts,199,317,04a941d1,jest,3,jest,runtime_error,should update encounter status for A03: ReferenceError: transitionEncounterStatusMock is not defined,3ed3518eeee1e600a7eabbf913023dc57f3c219b47d704932e3d435e4ad5def3,,C:\Users\cdbaz\OneDrive\Documentos\Projetos\usp\tcc\health-microservice-corpus\experiments\logs\errors\run-20260901T031236.570959Z\3ed3518eeee1e600a7eabbf913023dc57f3c219b47d704932e3d435e4ad5def3.txt
run-20260901T031236.570959Z,2026-09-01T14:12:34.197651+00:00,qwen_4b,few_shot,encounter,processAdtMessage,FN_processAdtMessage_END,src/encounter/encounter.service.ts,199,317,04a941d1,jest,3,jest,runtime_error,"should throw NotFoundException when patient not found for A01: Error: expect(received).rejects.toThrow(expected)

Expected constructor: NotFoundException
Received constructor: TypeError

Received message: ""Cannot read properties of undefined (reading 'active')""

    [0m [90m 38 |[39m     [36mconst[39m patient [33m=[39m [36mawait[39m [36mthis[39m[33m.[39mpatientService[33m.[39mgetPatientById(dto[33m.[39mpatientId)[33m;[39m
     [90m 39 |[39m
    [31m[1m>[22m[39m[90m 40 |",3ed3518eeee1e600a7eabbf913023dc57f3c219b47d704932e3d435e4ad5def3,,C:\Users\cdbaz\OneDrive\Documentos\Projetos\usp\tcc\health-microservice-corpus\experiments\logs\errors\run-20260901T031236.570959Z\3ed3518eeee1e600a7eabbf913023dc57f3c219b47d704932e3d435e4ad5def3.txt
run-20260901T031236.570959Z,2026-09-01T14:19:46.296488+00:00,qwen_4b,few_shot,encounter,updateEncounter,FN_updateEncounter_END,src/encounter/encounter.service.ts,319,363,04a941d1,jest,1,jest,runtime_error,should throw BadRequestException when encounter is discharged: TypeError: Cannot read properties of undefined (reading 'mockResolvedValueOnce'),fc0c8e11ac7c4dd8ee7965bb6cdb81c9dfabac65b5696bd0e913a6bf932b3111,,C:\Users\cdbaz\OneDrive\Documentos\Projetos\usp\tcc\health-microservice-corpus\experiments\logs\errors\run-20260901T031236.570959Z\fc0c8e11ac7c4dd8ee7965bb6cdb81c9dfabac65b5696bd0e913a6bf932b3111.txt
run-20260901T031236.570959Z,2026-09-01T14:19:46.296488+00:00,qwen_4b,few_shot,encounter,updateEncounter,FN_updateEncounter_END,src/encounter/encounter.service.ts,319,363,04a941d1,jest,1,jest,runtime_error,should throw BadRequestException when admitDate is provided but status is not ADMITTED: TypeError: Cannot read properties of undefined (reading 'mockResolvedValueOnce'),fc0c8e11ac7c4dd8ee7965bb6cdb81c9dfabac65b5696bd0e913a6bf932b3111,,C:\Users\cdbaz\OneDrive\Documentos\Projetos\usp\tcc\health-microservice-corpus\experiments\logs\errors\run-20260901T031236.570959Z\fc0c8e11ac7c4dd8ee7965bb6cdb81c9dfabac65b5696bd0e913a6bf932b3111.txt
run-20260901T031236.570959Z,2026-09-01T14:19:46.296488+00:00,qwen_4b,few_shot,encounter,updateEncounter,FN_updateEncounter_END,src/encounter/encounter.service.ts,319,363,04a941d1,jest,1,jest,runtime_error,should throw BadRequestException when admitDate is a future date: TypeError: Cannot read properties of undefined (reading 'mockResolvedValueOnce'),fc0c8e11ac7c4dd8ee7965bb6cdb81c9dfabac65b5696bd0e913a6bf932b3111,,C:\Users\cdbaz\OneDrive\Documentos\Projetos\usp\tcc\health-microservice-corpus\experiments\logs\errors\run-20260901T031236.570959Z\fc0c8e11ac7c4dd8ee7965bb6cdb81c9dfabac65b5696bd0e913a6bf932b3111.txt
run-20260901T031236.570959Z,2026-09-01T14:19:46.296488+00:00,qwen_4b,few_shot,encounter,updateEncounter,FN_updateEncounter_END,src/encounter/encounter.service.ts,319,363,04a941d1,jest,1,jest,runtime_error,should throw BadRequestException when admitDate is after transferDate: TypeError: Cannot read properties of undefined (reading 'mockResolvedValueOnce'),fc0c8e11ac7c4dd8ee7965bb6cdb81c9dfabac65b5696bd0e913a6bf932b3111,,C:\Users\cdbaz\OneDrive\Documentos\Projetos\usp\tcc\health-microservice-corpus\experiments\logs\errors\run-20260901T031236.570959Z\fc0c8e11ac7c4dd8ee7965bb6cdb81c9dfabac65b5696bd0e913a6bf932b3111.txt
run-20260901T031236.570959Z,2026-09-01T14:19:46.296488+00:00,qwen_4b,few_shot,encounter,updateEncounter,FN_updateEncounter_END,src/encounter/encounter.service.ts,319,363,04a941d1,jest,1,jest,runtime_error,should update admitDate when valid and encounter is ADMITTED: TypeError: Cannot read properties of undefined (reading 'mockResolvedValueOnce'),fc0c8e11ac7c4dd8ee7965bb6cdb81c9dfabac65b5696bd0e913a6bf932b3111,,C:\Users\cdbaz\OneDrive\Documentos\Projetos\usp\tcc\health-microservice-corpus\experiments\logs\errors\run-20260901T031236.570959Z\fc0c8e11ac7c4dd8ee7965bb6cdb81c9dfabac65b5696bd0e913a6bf932b3111.txt
run-20260901T031236.570959Z,2026-09-01T14:19:46.296488+00:00,qwen_4b,few_shot,encounter,updateEncounter,FN_updateEncounter_END,src/encounter/encounter.service.ts,319,363,04a941d1,jest,1,jest,runtime_error,should throw BadRequestException when ward is already set: TypeError: Cannot read properties of undefined (reading 'mockResolvedValueOnce'),fc0c8e11ac7c4dd8ee7965bb6cdb81c9dfabac65b5696bd0e913a6bf932b3111,,C:\Users\cdbaz\OneDrive\Documentos\Projetos\usp\tcc\health-microservice-corpus\experiments\logs\errors\run-20260901T031236.570959Z\fc0c8e11ac7c4dd8ee7965bb6cdb81c9dfabac65b5696bd0e913a6bf932b3111.txt
run-20260901T031236.570959Z,2026-09-01T14:19:46.296488+00:00,qwen_4b,few_shot,encounter,updateEncounter,FN_updateEncounter_END,src/encounter/encounter.service.ts,319,363,04a941d1,jest,1,jest,runtime_error,should update ward when different from current: TypeError: Cannot read properties of undefined (reading 'mockResolvedValueOnce'),fc0c8e11ac7c4dd8ee7965bb6cdb81c9dfabac65b5696bd0e913a6bf932b3111,,C:\Users\cdbaz\OneDrive\Documentos\Projetos\usp\tcc\health-microservice-corpus\experiments\logs\errors\run-20260901T031236.570959Z\fc0c8e11ac7c4dd8ee7965bb6cdb81c9dfabac65b5696bd0e913a6bf932b3111.txt
run-20260901T031236.570959Z,2026-09-01T14:19:46.296488+00:00,qwen_4b,few_shot,encounter,updateEncounter,FN_updateEncounter_END,src/encounter/encounter.service.ts,319,363,04a941d1,jest,1,jest,runtime_error,should update both admitDate and ward when valid: TypeError: Cannot read properties of undefined (reading 'mockResolvedValueOnce'),fc0c8e11ac7c4dd8ee7965bb6cdb81c9dfabac65b5696bd0e913a6bf932b3111,,C:\Users\cdbaz\OneDrive\Documentos\Projetos\usp\tcc\health-microservice-corpus\experiments\logs\errors\run-20260901T031236.570959Z\fc0c8e11ac7c4dd8ee7965bb6cdb81c9dfabac65b5696bd0e913a6bf932b3111.txt
run-20260901T031236.570959Z,2026-09-01T14:35:55.580342+00:00,qwen_4b,few_shot,encounter,updateEncounter,FN_updateEncounter_END,src/encounter/encounter.service.ts,319,363,04a941d1,jest,2,jest,assertion_failure,"should throw BadRequestException when encounter is discharged: Error: expect(received).rejects.toThrow(expected)

Expected constructor: BadRequestException
Received constructor: NotFoundException

Received message: ""Encounter with id 1 not found""

    [0m [90m 102 |[39m     [36mconst[39m encounter [33m=[39m [36mawait[39m [36mthis[39m[33m.[39mencounterRepository[33m.[39mfindById(id)[33m;[39m
     [90m 103 |[39m     [36mif[39m ([33m![39mencounter) {
    [31m[1m>[22m[39m",77bf5287fefa0828a6614227758ef8a4fb5c1afc288fb299f79276f8c3c2bafa,,C:\Users\cdbaz\OneDrive\Documentos\Projetos\usp\tcc\health-microservice-corpus\experiments\logs\errors\run-20260901T031236.570959Z\77bf5287fefa0828a6614227758ef8a4fb5c1afc288fb299f79276f8c3c2bafa.txt
run-20260901T031236.570959Z,2026-09-01T14:35:55.580342+00:00,qwen_4b,few_shot,encounter,updateEncounter,FN_updateEncounter_END,src/encounter/encounter.service.ts,319,363,04a941d1,jest,2,jest,runtime_error,should throw BadRequestException when admitDate is a future date: TypeError: Cannot read properties of undefined (reading 'mockResolvedValueOnce'),77bf5287fefa0828a6614227758ef8a4fb5c1afc288fb299f79276f8c3c2bafa,,C:\Users\cdbaz\OneDrive\Documentos\Projetos\usp\tcc\health-microservice-corpus\experiments\logs\errors\run-20260901T031236.570959Z\77bf5287fefa0828a6614227758ef8a4fb5c1afc288fb299f79276f8c3c2bafa.txt
run-20260901T031236.570959Z,2026-09-01T14:35:55.580342+00:00,qwen_4b,few_shot,encounter,updateEncounter,FN_updateEncounter_END,src/encounter/encounter.service.ts,319,363,04a941d1,jest,2,jest,runtime_error,should throw BadRequestException when valid but encounter is not ADMITTED: TypeError: Cannot read properties of undefined (reading 'mockResolvedValueOnce'),77bf5287fefa0828a6614227758ef8a4fb5c1afc288fb299f79276f8c3c2bafa,,C:\Users\cdbaz\OneDrive\Documentos\Projetos\usp\tcc\health-microservice-corpus\experiments\logs\errors\run-20260901T031236.570959Z\77bf5287fefa0828a6614227758ef8a4fb5c1afc288fb299f79276f8c3c2bafa.txt
run-20260901T031236.570959Z,2026-09-01T14:47:09.831074+00:00,qwen_4b,few_shot,encounter,updateEncounter,FN_updateEncounter_END,src/encounter/encounter.service.ts,319,363,04a941d1,jest,3,jest,assertion_failure,"should throw BadRequestException when encounter is discharged: Error: expect(received).rejects.toThrow(expected)

Expected constructor: BadRequestException
Received constructor: NotFoundException

Received message: ""Encounter with id 1 not found""

    [0m [90m 102 |[39m     [36mconst[39m encounter [33m=[39m [36mawait[39m [36mthis[39m[33m.[39mencounterRepository[33m.[39mfindById(id)[33m;[39m
     [90m 103 |[39m     [36mif[39m ([33m![39mencounter) {
    [31m[1m>[22m[39m",2b4c34228405bc2b2f0aac0fb76a1997a14fa0855a0d248388760ca46c7ec6d1,,C:\Users\cdbaz\OneDrive\Documentos\Projetos\usp\tcc\health-microservice-corpus\experiments\logs\errors\run-20260901T031236.570959Z\2b4c34228405bc2b2f0aac0fb76a1997a14fa0855a0d248388760ca46c7ec6d1.txt
run-20260901T031236.570959Z,2026-09-01T14:47:09.843102+00:00,qwen_4b,few_shot,encounter,updateEncounter,FN_updateEncounter_END,src/encounter/encounter.service.ts,319,363,04a941d1,jest,3,jest,assertion_failure,"should throw BadRequestException when valid but encounter is not ADMITTED: Error: expect(received).rejects.toThrow(expected)

Expected constructor: BadRequestException
Received constructor: NotFoundException

Received message: ""Encounter with id 1 not found""

    [0m [90m 102 |[39m     [36mconst[39m encounter [33m=[39m [36mawait[39m [36mthis[39m[33m.[39mencounterRepository[33m.[39mfindById(id)[33m;[39m
     [90m 103 |[39m     [36mif[39m ([33m![39mencounter) {
    [31m[1m",2b4c34228405bc2b2f0aac0fb76a1997a14fa0855a0d248388760ca46c7ec6d1,,C:\Users\cdbaz\OneDrive\Documentos\Projetos\usp\tcc\health-microservice-corpus\experiments\logs\errors\run-20260901T031236.570959Z\2b4c34228405bc2b2f0aac0fb76a1997a14fa0855a0d248388760ca46c7ec6d1.txt
run-20260901T031236.570959Z,2026-09-01T14:52:27.480469+00:00,qwen_4b,few_shot,encounter,buildEncounterSummary,FN_buildEncounterSummary_END,src/encounter/encounter.service.ts,365,439,04a941d1,jest,1,jest,assertion_failure,"should return EncounterSummary with MEDIUM risk flag when has abnormal results and active days <= 7: Error: expect(received).toBe(expected) // Object.is equality

Expected: ""MEDIUM""
Received: ""LOW""",c70f9e94faaefb8f4ec50c644e3aad3205b1c7179c623eedd26d85b0dab92e7e,,C:\Users\cdbaz\OneDrive\Documentos\Projetos\usp\tcc\health-microservice-corpus\experiments\logs\errors\run-20260901T031236.570959Z\c70f9e94faaefb8f4ec50c644e3aad3205b1c7179c623eedd26d85b0dab92e7e.txt
run-20260901T031236.570959Z,2026-09-01T14:52:27.480469+00:00,qwen_4b,few_shot,encounter,buildEncounterSummary,FN_buildEncounterSummary_END,src/encounter/encounter.service.ts,365,439,04a941d1,jest,1,jest,assertion_failure,"should return EncounterSummary with HIGH risk flag when has abnormal results and active days > 7: Error: expect(received).toBe(expected) // Object.is equality

Expected: ""HIGH""
Received: ""MEDIUM""",c70f9e94faaefb8f4ec50c644e3aad3205b1c7179c623eedd26d85b0dab92e7e,,C:\Users\cdbaz\OneDrive\Documentos\Projetos\usp\tcc\health-microservice-corpus\experiments\logs\errors\run-20260901T031236.570959Z\c70f9e94faaefb8f4ec50c644e3aad3205b1c7179c623eedd26d85b0dab92e7e.txt
run-20260901T031236.570959Z,2026-09-01T14:52:27.480469+00:00,qwen_4b,few_shot,encounter,buildEncounterSummary,FN_buildEncounterSummary_END,src/encounter/encounter.service.ts,365,439,04a941d1,jest,1,jest,assertion_failure,"should calculate resultSummary correctly when results with abnormal values exist: Error: expect(received).toBe(expected) // Object.is equality

Expected: 1
Received: 0",c70f9e94faaefb8f4ec50c644e3aad3205b1c7179c623eedd26d85b0dab92e7e,,C:\Users\cdbaz\OneDrive\Documentos\Projetos\usp\tcc\health-microservice-corpus\experiments\logs\errors\run-20260901T031236.570959Z\c70f9e94faaefb8f4ec50c644e3aad3205b1c7179c623eedd26d85b0dab92e7e.txt
run-20260901T031236.570959Z,2026-09-01T14:52:27.480469+00:00,qwen_4b,few_shot,encounter,buildEncounterSummary,FN_buildEncounterSummary_END,src/encounter/encounter.service.ts,365,439,04a941d1,jest,1,jest,assertion_failure,"should calculate hasAbnormalResults correctly when abnormal results exist: Error: expect(received).toBe(expected) // Object.is equality

Expected: true
Received: false",c70f9e94faaefb8f4ec50c644e3aad3205b1c7179c623eedd26d85b0dab92e7e,,C:\Users\cdbaz\OneDrive\Documentos\Projetos\usp\tcc\health-microservice-corpus\experiments\logs\errors\run-20260901T031236.570959Z\c70f9e94faaefb8f4ec50c644e3aad3205b1c7179c623eedd26d85b0dab92e7e.txt
run-20260901T031236.570959Z,2026-09-01T14:54:19.204478+00:00,qwen_4b,few_shot,encounter,buildEncounterSummary,FN_buildEncounterSummary_END,src/encounter/encounter.service.ts,365,439,04a941d1,jest,2,jest,assertion_failure,"should return EncounterSummary with MEDIUM risk flag when has abnormal results and active days <= 7: Error: expect(received).toBe(expected) // Object.is equality

Expected: ""MEDIUM""
Received: ""LOW""",80aad04adc11cc0270cd364b2f2ee5d85f21cc3ec8a0c389a075cfc49ae9fd89,,C:\Users\cdbaz\OneDrive\Documentos\Projetos\usp\tcc\health-microservice-corpus\experiments\logs\errors\run-20260901T031236.570959Z\80aad04adc11cc0270cd364b2f2ee5d85f21cc3ec8a0c389a075cfc49ae9fd89.txt
run-20260901T031236.570959Z,2026-09-01T14:54:19.204478+00:00,qwen_4b,few_shot,encounter,buildEncounterSummary,FN_buildEncounterSummary_END,src/encounter/encounter.service.ts,365,439,04a941d1,jest,2,jest,assertion_failure,"should return EncounterSummary with HIGH risk flag when has abnormal results and active days > 7: Error: expect(received).toBe(expected) // Object.is equality

Expected: ""HIGH""
Received: ""MEDIUM""",80aad04adc11cc0270cd364b2f2ee5d85f21cc3ec8a0c389a075cfc49ae9fd89,,C:\Users\cdbaz\OneDrive\Documentos\Projetos\usp\tcc\health-microservice-corpus\experiments\logs\errors\run-20260901T031236.570959Z\80aad04adc11cc0270cd364b2f2ee5d85f21cc3ec8a0c389a075cfc49ae9fd89.txt
run-20260901T031236.570959Z,2026-09-01T14:54:19.245524+00:00,qwen_4b,few_shot,encounter,buildEncounterSummary,FN_buildEncounterSummary_END,src/encounter/encounter.service.ts,365,439,04a941d1,repair,2,repair,repair_failed,2 repair attempt(s) did not produce a valid fix,2b4174000bb2ce09b371befe017029260089b679a199f81a21ab39398057e434,,
run-20260901T031236.570959Z,2026-09-01T14:54:22.356948+00:00,qwen_4b,few_shot,encounter,buildEncounterSummary,FN_buildEncounterSummary_END,src/encounter/encounter.service.ts,365,439,04a941d1,jest,3,jest,assertion_failure,"should return EncounterSummary with MEDIUM risk flag when has abnormal results and active days <= 7: Error: expect(received).toBe(expected) // Object.is equality

Expected: ""MEDIUM""
Received: ""LOW""",fe883f0a1c30d6c4265e9337b4318920663bd6d683ac1f9dccc7506e21270cdc,,C:\Users\cdbaz\OneDrive\Documentos\Projetos\usp\tcc\health-microservice-corpus\experiments\logs\errors\run-20260901T031236.570959Z\fe883f0a1c30d6c4265e9337b4318920663bd6d683ac1f9dccc7506e21270cdc.txt
run-20260901T031236.570959Z,2026-09-01T14:54:22.356948+00:00,qwen_4b,few_shot,encounter,buildEncounterSummary,FN_buildEncounterSummary_END,src/encounter/encounter.service.ts,365,439,04a941d1,jest,3,jest,assertion_failure,"should return EncounterSummary with HIGH risk flag when has abnormal results and active days > 7: Error: expect(received).toBe(expected) // Object.is equality

Expected: ""HIGH""
Received: ""MEDIUM""",fe883f0a1c30d6c4265e9337b4318920663bd6d683ac1f9dccc7506e21270cdc,,C:\Users\cdbaz\OneDrive\Documentos\Projetos\usp\tcc\health-microservice-corpus\experiments\logs\errors\run-20260901T031236.570959Z\fe883f0a1c30d6c4265e9337b4318920663bd6d683ac1f9dccc7506e21270cdc.txt
run-20260901T031236.570959Z,2026-09-01T14:54:22.413679+00:00,qwen_4b,few_shot,encounter,buildEncounterSummary,FN_buildEncounterSummary_END,src/encounter/encounter.service.ts,365,439,04a941d1,repair,3,repair,repair_failed,2 repair attempt(s) did not produce a valid fix,2b4174000bb2ce09b371befe017029260089b679a199f81a21ab39398057e434,,
run-20260901T031236.570959Z,2026-09-01T14:54:25.510589+00:00,qwen_4b,few_shot,encounter,buildEncounterSummary,FN_buildEncounterSummary_END,src/encounter/encounter.service.ts,365,439,04a941d1,jest,4,jest,assertion_failure,"should return EncounterSummary with MEDIUM risk flag when has abnormal results and active days <= 7: Error: expect(received).toBe(expected) // Object.is equality

Expected: ""MEDIUM""
Received: ""LOW""",96ae38e360b25ec21a236f82f59dbec2c5ad3f1e5ae84aba3aec2264baa8edb8,,C:\Users\cdbaz\OneDrive\Documentos\Projetos\usp\tcc\health-microservice-corpus\experiments\logs\errors\run-20260901T031236.570959Z\96ae38e360b25ec21a236f82f59dbec2c5ad3f1e5ae84aba3aec2264baa8edb8.txt
run-20260901T031236.570959Z,2026-09-01T14:54:25.510589+00:00,qwen_4b,few_shot,encounter,buildEncounterSummary,FN_buildEncounterSummary_END,src/encounter/encounter.service.ts,365,439,04a941d1,jest,4,jest,assertion_failure,"should return EncounterSummary with HIGH risk flag when has abnormal results and active days > 7: Error: expect(received).toBe(expected) // Object.is equality

Expected: ""HIGH""
Received: ""MEDIUM""",96ae38e360b25ec21a236f82f59dbec2c5ad3f1e5ae84aba3aec2264baa8edb8,,C:\Users\cdbaz\OneDrive\Documentos\Projetos\usp\tcc\health-microservice-corpus\experiments\logs\errors\run-20260901T031236.570959Z\96ae38e360b25ec21a236f82f59dbec2c5ad3f1e5ae84aba3aec2264baa8edb8.txt
run-20260901T031236.570959Z,2026-09-01T14:54:25.556218+00:00,qwen_4b,few_shot,encounter,buildEncounterSummary,FN_buildEncounterSummary_END,src/encounter/encounter.service.ts,365,439,04a941d1,repair,4,repair,repair_failed,2 repair attempt(s) did not produce a valid fix,2b4174000bb2ce09b371befe017029260089b679a199f81a21ab39398057e434,,
run-20260901T031236.570959Z,2026-09-01T14:54:28.663582+00:00,qwen_4b,few_shot,encounter,buildEncounterSummary,FN_buildEncounterSummary_END,src/encounter/encounter.service.ts,365,439,04a941d1,jest,5,jest,assertion_failure,"should return EncounterSummary with MEDIUM risk flag when has abnormal results and active days <= 7: Error: expect(received).toBe(expected) // Object.is equality

Expected: ""MEDIUM""
Received: ""LOW""",5b30837af7b7247bdbfc5568f7d4a48e2fb2138c44922bd25ff45e50c3049bf0,,C:\Users\cdbaz\OneDrive\Documentos\Projetos\usp\tcc\health-microservice-corpus\experiments\logs\errors\run-20260901T031236.570959Z\5b30837af7b7247bdbfc5568f7d4a48e2fb2138c44922bd25ff45e50c3049bf0.txt
run-20260901T031236.570959Z,2026-09-01T14:54:28.663582+00:00,qwen_4b,few_shot,encounter,buildEncounterSummary,FN_buildEncounterSummary_END,src/encounter/encounter.service.ts,365,439,04a941d1,jest,5,jest,assertion_failure,"should return EncounterSummary with HIGH risk flag when has abnormal results and active days > 7: Error: expect(received).toBe(expected) // Object.is equality

Expected: ""HIGH""
Received: ""MEDIUM""",5b30837af7b7247bdbfc5568f7d4a48e2fb2138c44922bd25ff45e50c3049bf0,,C:\Users\cdbaz\OneDrive\Documentos\Projetos\usp\tcc\health-microservice-corpus\experiments\logs\errors\run-20260901T031236.570959Z\5b30837af7b7247bdbfc5568f7d4a48e2fb2138c44922bd25ff45e50c3049bf0.txt
run-20260901T031236.570959Z,2026-09-01T14:54:28.663582+00:00,qwen_4b,few_shot,encounter,buildEncounterSummary,FN_buildEncounterSummary_END,src/encounter/encounter.service.ts,365,439,04a941d1,repair,5,repair,max_repairs_exceeded,Runtime repair exhausted MAX_RUNTIME_REPAIRS=5 attempts,07669857ffb0ce3ee50e620aaa2bdb3e306e87699a96b0b0862427652773b240,,
run-20260901T031236.570959Z,2026-09-01T14:54:28.699021+00:00,qwen_4b,few_shot,encounter,buildEncounterSummary,FN_buildEncounterSummary_END,src/encounter/encounter.service.ts,365,439,04a941d1,pipeline,,pipeline,rollback,Function 'buildEncounterSummary' failed irrecoverably; rolled back to the last known-good snapshot.,c515d2813418d62554b3bc57ca018c713d1ec00fedacbda2589c150c8bfeb782,restored,
run-20260901T031236.570959Z,2026-09-01T14:57:11.115727+00:00,qwen_4b,few_shot,order,createOrder,FN_createOrder_END,src/order/order.service.ts,34,70,556cd6ea,jest,1,jest,assertion_failure,"should save and return the created order: Error: expect(jest.fn()).toHaveBeenCalledWith(...expected)

- Expected
+ Received

  Object {
    ""encounterId"": ""1"",
    ""examType"": ""HEMOGRAM"",
    ""notes"": null,
    ""requestedAt"": 2024-01-02T00:00:00.000Z,
+   ""requestedBy"": ""test"",
    ""status"": ""PENDING"",
  },

Number of calls: 1",d4e87eff4e06b0a7c608bb9dbcc95e7bdc915798240207ec6680e7133ed58cc2,,C:\Users\cdbaz\OneDrive\Documentos\Projetos\usp\tcc\health-microservice-corpus\experiments\logs\errors\run-20260901T031236.570959Z\d4e87eff4e06b0a7c608bb9dbcc95e7bdc915798240207ec6680e7133ed58cc2.txt
run-20260901T031236.570959Z,2026-09-01T15:02:57.800767+00:00,qwen_4b,few_shot,order,validateOrderResult,FN_validateOrderResult_END,src/order/order.service.ts,80,158,556cd6ea,jest,1,jest,unknown,should update PENDING order to IN_PROGRESS and save when FINAL result: BadRequestException: Cannot register a FINAL result for a PENDING order. Order must be IN_PROGRESS first,cef38cd182e8ef702240a9b554987c6102605e30de5726dd1fbc84d9c31eb76e,,C:\Users\cdbaz\OneDrive\Documentos\Projetos\usp\tcc\health-microservice-corpus\experiments\logs\errors\run-20260901T031236.570959Z\cef38cd182e8ef702240a9b554987c6102605e30de5726dd1fbc84d9c31eb76e.txt
run-20260901T031236.570959Z,2026-09-01T15:06:34.635133+00:00,qwen_4b,few_shot,order,cancelOrder,FN_cancelOrder_END,src/order/order.service.ts,160,168,556cd6ea,jest,1,jest,assertion_failure,"should save and return the order with updated status: Error: expect(jest.fn()).toHaveBeenCalledWith(...expected)

- Expected
+ Received

  Object {
    ""id"": ""1"",
-   ""status"": ""PENDING"",
+   ""status"": ""CANCELLED"",
  },

Number of calls: 1",45dac8aa65b598b62ee927d33f5b4baeb515cfb607b1822e8d54cdc59f40e771,,C:\Users\cdbaz\OneDrive\Documentos\Projetos\usp\tcc\health-microservice-corpus\experiments\logs\errors\run-20260901T031236.570959Z\45dac8aa65b598b62ee927d33f5b4baeb515cfb607b1822e8d54cdc59f40e771.txt
run-20260901T031236.570959Z,2026-09-01T15:10:01.460154+00:00,qwen_4b,few_shot,order,updateOrder,FN_updateOrder_END,src/order/order.service.ts,170,203,556cd6ea,jest,1,jest,unknown,should update and save order with requestedBy field: BadRequestException: Cannot update requestedBy for an order in progress. Only notes can be updated,5f93d6683d1e0fc8322ce9e9fe9de61f26448e681337fea8d678ca09ba3c151c,,C:\Users\cdbaz\OneDrive\Documentos\Projetos\usp\tcc\health-microservice-corpus\experiments\logs\errors\run-20260901T031236.570959Z\5f93d6683d1e0fc8322ce9e9fe9de61f26448e681337fea8d678ca09ba3c151c.txt
run-20260901T031236.570959Z,2026-09-01T15:10:01.460154+00:00,qwen_4b,few_shot,order,updateOrder,FN_updateOrder_END,src/order/order.service.ts,170,203,556cd6ea,jest,1,jest,unknown,should update and save order with both requestedBy and notes fields: BadRequestException: Cannot update requestedBy for an order in progress. Only notes can be updated,5f93d6683d1e0fc8322ce9e9fe9de61f26448e681337fea8d678ca09ba3c151c,,C:\Users\cdbaz\OneDrive\Documentos\Projetos\usp\tcc\health-microservice-corpus\experiments\logs\errors\run-20260901T031236.570959Z\5f93d6683d1e0fc8322ce9e9fe9de61f26448e681337fea8d678ca09ba3c151c.txt
run-20260901T031236.570959Z,2026-09-01T15:11:37.113126+00:00,qwen_4b,few_shot,order,updateOrder,FN_updateOrder_END,src/order/order.service.ts,170,203,556cd6ea,jest,2,jest,assertion_failure,"should update and save order with both requestedBy and notes fields: Error: expect(jest.fn()).toHaveBeenCalledWith(...expected)

- Expected
+ Received

  Object {
    ""id"": ""1"",
    ""notes"": ""notes"",
-   ""requestedBy"": ""test"",
    ""status"": ""IN_PROGRESS"",
  },

Number of calls: 1",dca015cf8a4e612e929a4da69d72ee42e629f00d7dd28419b2076e2dd63a2027,,C:\Users\cdbaz\OneDrive\Documentos\Projetos\usp\tcc\health-microservice-corpus\experiments\logs\errors\run-20260901T031236.570959Z\dca015cf8a4e612e929a4da69d72ee42e629f00d7dd28419b2076e2dd63a2027.txt
run-20260901T031236.570959Z,2026-09-01T15:12:34.774847+00:00,qwen_4b,few_shot,order,updateOrder,FN_updateOrder_END,src/order/order.service.ts,170,203,556cd6ea,jest,3,jest,unknown,should update and save order with both requestedBy and notes fields: BadRequestException: Cannot update requestedBy for an order in progress. Only notes can be updated,975751e5991a2541529c198b1875472959809a3bf850b46faaf842e938cb8f59,,C:\Users\cdbaz\OneDrive\Documentos\Projetos\usp\tcc\health-microservice-corpus\experiments\logs\errors\run-20260901T031236.570959Z\975751e5991a2541529c198b1875472959809a3bf850b46faaf842e938cb8f59.txt
run-20260901T031236.570959Z,2026-09-01T15:17:48.715299+00:00,qwen_4b,few_shot,patient,updatePatient,FN_updatePatient_END,src/patient/patient.service.ts,53,75,0ddb42a2,jest,1,jest,assertion_failure,"should throw ConflictException when email already exists: Error: expect(received).rejects.toThrow(expected)

Expected constructor: ConflictException
Received constructor: NotFoundException

Received message: ""Patient with id 1 not found""

    [0m [90m 16 |[39m     [36mconst[39m patient [33m=[39m [36mawait[39m [36mthis[39m[33m.[39mpatientRepository[33m.[39mfindById(id)[33m;[39m
     [90m 17 |[39m     [36mif[39m ([33m![39mpatient) {
    [31m[1m>[22m[39m[90m 18 |[39m   ",5504f54f36086b0ca898cc87f33e8a893d00dd7e840eaf2c4aeb10e7002d654e,,C:\Users\cdbaz\OneDrive\Documentos\Projetos\usp\tcc\health-microservice-corpus\experiments\logs\errors\run-20260901T031236.570959Z\5504f54f36086b0ca898cc87f33e8a893d00dd7e840eaf2c4aeb10e7002d654e.txt
run-20260901T031236.570959Z,2026-09-01T15:17:48.715299+00:00,qwen_4b,few_shot,patient,updatePatient,FN_updatePatient_END,src/patient/patient.service.ts,53,75,0ddb42a2,jest,1,jest,unknown,should update patient with all fields: ConflictException: Email new@test.com already registered,5504f54f36086b0ca898cc87f33e8a893d00dd7e840eaf2c4aeb10e7002d654e,,C:\Users\cdbaz\OneDrive\Documentos\Projetos\usp\tcc\health-microservice-corpus\experiments\logs\errors\run-20260901T031236.570959Z\5504f54f36086b0ca898cc87f33e8a893d00dd7e840eaf2c4aeb10e7002d654e.txt
run-20260901T031236.570959Z,2026-09-01T15:26:17.583570+00:00,qwen_4b,few_shot,result,buildResultReport,FN_buildResultReport_END,src/result/result.service.ts,53,124,357b6b51,jest,1,jest,assertion_failure,"should return report with all statuses and abnormal count: Error: expect(received).toBe(expected) // Object.is equality

Expected: 2
Received: 1",1f03e9d4e85340e15b221ee4e30bc87341daecd6f0a3402493388b803c566fde,,C:\Users\cdbaz\OneDrive\Documentos\Projetos\usp\tcc\health-microservice-corpus\experiments\logs\errors\run-20260901T031236.570959Z\1f03e9d4e85340e15b221ee4e30bc87341daecd6f0a3402493388b803c566fde.txt
run-20260901T031236.570959Z,2026-09-01T15:26:17.583570+00:00,qwen_4b,few_shot,result,buildResultReport,FN_buildResultReport_END,src/result/result.service.ts,53,124,357b6b51,jest,1,jest,assertion_failure,"should use default ranges for exam type not in defaultRanges: Error: expect(received).toBe(expected) // Object.is equality

Expected: 70
Received: null",1f03e9d4e85340e15b221ee4e30bc87341daecd6f0a3402493388b803c566fde,,C:\Users\cdbaz\OneDrive\Documentos\Projetos\usp\tcc\health-microservice-corpus\experiments\logs\errors\run-20260901T031236.570959Z\1f03e9d4e85340e15b221ee4e30bc87341daecd6f0a3402493388b803c566fde.txt
run-20260901T031236.570959Z,2026-09-01T15:28:47.811489+00:00,qwen_4b,few_shot,result,buildResultReport,FN_buildResultReport_END,src/result/result.service.ts,53,124,357b6b51,jest,2,jest,assertion_failure,"should return report with all statuses and abnormal count: Error: expect(received).toBe(expected) // Object.is equality

Expected: ""UNKNOWN""
Received: ""NORMAL""",26141f209357c060459054c3381ef8d74737a81867a8f1b9309b3ff7cafe19d2,,C:\Users\cdbaz\OneDrive\Documentos\Projetos\usp\tcc\health-microservice-corpus\experiments\logs\errors\run-20260901T031236.570959Z\26141f209357c060459054c3381ef8d74737a81867a8f1b9309b3ff7cafe19d2.txt
run-20260901T031236.570959Z,2026-09-01T15:37:36.739942+00:00,qwen_4b,few_shot,result,buildResultReport,FN_buildResultReport_END,src/result/result.service.ts,53,124,357b6b51,repair,2,repair,repair_failed,1 repair attempt(s) did not produce a valid fix,a19dd2f169fea0f558514ac3dac1b23af029a1260819d762429f620cb291dccb,,
run-20260901T031236.570959Z,2026-09-01T15:40:45.047241+00:00,qwen_4b,structured,encounter,createEncounter,FN_createEncounter_END,src/encounter/encounter.service.ts,30,63,04a941d1,jest,1,jest,unknown,"C:\Users\cdbaz\OneDrive\Documentos\Projetos\usp\tcc\health-microservice-corpus\corpus\src\encounter\encounter.service.ts:5499
      throw new common_1.BadRequestException('Only ADT A01 can create an encounter; use the ADT workflow for A02, A03 and A08');
            ^

[BadRequestException: Only ADT A01 can create an encounter; use the ADT workflow for A02, A03 and A08] {
  response: {
    message: 'Only ADT A01 can create an encounter; use the ADT workflow for A02, A03 and A08',
    error: 'Bad",b39c1af044098cfecfa85a9eca8f6367ede90385a9101e146722f5f848125fa4,,C:\Users\cdbaz\OneDrive\Documentos\Projetos\usp\tcc\health-microservice-corpus\experiments\logs\errors\run-20260901T031236.570959Z\b39c1af044098cfecfa85a9eca8f6367ede90385a9101e146722f5f848125fa4.txt
run-20260901T031236.570959Z,2026-09-01T15:40:45.047241+00:00,qwen_4b,structured,encounter,createEncounter,FN_createEncounter_END,src/encounter/encounter.service.ts,30,63,04a941d1,repair,1,repair,unparseable_failure,0 failures parsed from Jest output; whole-file repair is disabled for this attempt.,2ca322236f16007840cf7e8abfbc15162da7933dc8752f1c6a0b9c76d3d03702,,
run-20260901T031236.570959Z,2026-09-01T15:40:48.060523+00:00,qwen_4b,structured,encounter,createEncounter,FN_createEncounter_END,src/encounter/encounter.service.ts,30,63,04a941d1,jest,2,jest,unknown,"C:\Users\cdbaz\OneDrive\Documentos\Projetos\usp\tcc\health-microservice-corpus\corpus\src\encounter\encounter.service.ts:5499
      throw new common_1.BadRequestException('Only ADT A01 can create an encounter; use the ADT workflow for A02, A03 and A08');
            ^

[BadRequestException: Only ADT A01 can create an encounter; use the ADT workflow for A02, A03 and A08] {
  response: {
    message: 'Only ADT A01 can create an encounter; use the ADT workflow for A02, A03 and A08',
    error: 'Bad",b39c1af044098cfecfa85a9eca8f6367ede90385a9101e146722f5f848125fa4,,C:\Users\cdbaz\OneDrive\Documentos\Projetos\usp\tcc\health-microservice-corpus\experiments\logs\errors\run-20260901T031236.570959Z\b39c1af044098cfecfa85a9eca8f6367ede90385a9101e146722f5f848125fa4.txt
run-20260901T031236.570959Z,2026-09-01T15:40:48.060523+00:00,qwen_4b,structured,encounter,createEncounter,FN_createEncounter_END,src/encounter/encounter.service.ts,30,63,04a941d1,repair,2,repair,unparseable_failure,0 failures parsed from Jest output; whole-file repair is disabled for this attempt.,2ca322236f16007840cf7e8abfbc15162da7933dc8752f1c6a0b9c76d3d03702,,
run-20260901T031236.570959Z,2026-09-01T15:40:51.025664+00:00,qwen_4b,structured,encounter,createEncounter,FN_createEncounter_END,src/encounter/encounter.service.ts,30,63,04a941d1,jest,3,jest,unknown,"C:\Users\cdbaz\OneDrive\Documentos\Projetos\usp\tcc\health-microservice-corpus\corpus\src\encounter\encounter.service.ts:5499
      throw new common_1.BadRequestException('Only ADT A01 can create an encounter; use the ADT workflow for A02, A03 and A08');
            ^

[BadRequestException: Only ADT A01 can create an encounter; use the ADT workflow for A02, A03 and A08] {
  response: {
    message: 'Only ADT A01 can create an encounter; use the ADT workflow for A02, A03 and A08',
    error: 'Bad",b39c1af044098cfecfa85a9eca8f6367ede90385a9101e146722f5f848125fa4,,C:\Users\cdbaz\OneDrive\Documentos\Projetos\usp\tcc\health-microservice-corpus\experiments\logs\errors\run-20260901T031236.570959Z\b39c1af044098cfecfa85a9eca8f6367ede90385a9101e146722f5f848125fa4.txt
run-20260901T031236.570959Z,2026-09-01T15:40:51.025664+00:00,qwen_4b,structured,encounter,createEncounter,FN_createEncounter_END,src/encounter/encounter.service.ts,30,63,04a941d1,repair,3,repair,unparseable_failure,0 failures parsed from Jest output; whole-file repair is disabled for this attempt.,2ca322236f16007840cf7e8abfbc15162da7933dc8752f1c6a0b9c76d3d03702,,
run-20260901T031236.570959Z,2026-09-01T15:40:53.991463+00:00,qwen_4b,structured,encounter,createEncounter,FN_createEncounter_END,src/encounter/encounter.service.ts,30,63,04a941d1,jest,4,jest,unknown,"C:\Users\cdbaz\OneDrive\Documentos\Projetos\usp\tcc\health-microservice-corpus\corpus\src\encounter\encounter.service.ts:5499
      throw new common_1.BadRequestException('Only ADT A01 can create an encounter; use the ADT workflow for A02, A03 and A08');
            ^

[BadRequestException: Only ADT A01 can create an encounter; use the ADT workflow for A02, A03 and A08] {
  response: {
    message: 'Only ADT A01 can create an encounter; use the ADT workflow for A02, A03 and A08',
    error: 'Bad",b39c1af044098cfecfa85a9eca8f6367ede90385a9101e146722f5f848125fa4,,C:\Users\cdbaz\OneDrive\Documentos\Projetos\usp\tcc\health-microservice-corpus\experiments\logs\errors\run-20260901T031236.570959Z\b39c1af044098cfecfa85a9eca8f6367ede90385a9101e146722f5f848125fa4.txt
run-20260901T031236.570959Z,2026-09-01T15:40:53.991463+00:00,qwen_4b,structured,encounter,createEncounter,FN_createEncounter_END,src/encounter/encounter.service.ts,30,63,04a941d1,repair,4,repair,unparseable_failure,0 failures parsed from Jest output; whole-file repair is disabled for this attempt.,2ca322236f16007840cf7e8abfbc15162da7933dc8752f1c6a0b9c76d3d03702,,
run-20260901T031236.570959Z,2026-09-01T15:40:56.971991+00:00,qwen_4b,structured,encounter,createEncounter,FN_createEncounter_END,src/encounter/encounter.service.ts,30,63,04a941d1,jest,5,jest,unknown,"C:\Users\cdbaz\OneDrive\Documentos\Projetos\usp\tcc\health-microservice-corpus\corpus\src\encounter\encounter.service.ts:5499
      throw new common_1.BadRequestException('Only ADT A01 can create an encounter; use the ADT workflow for A02, A03 and A08');
            ^

[BadRequestException: Only ADT A01 can create an encounter; use the ADT workflow for A02, A03 and A08] {
  response: {
    message: 'Only ADT A01 can create an encounter; use the ADT workflow for A02, A03 and A08',
    error: 'Bad",b39c1af044098cfecfa85a9eca8f6367ede90385a9101e146722f5f848125fa4,,C:\Users\cdbaz\OneDrive\Documentos\Projetos\usp\tcc\health-microservice-corpus\experiments\logs\errors\run-20260901T031236.570959Z\b39c1af044098cfecfa85a9eca8f6367ede90385a9101e146722f5f848125fa4.txt
run-20260901T031236.570959Z,2026-09-01T15:40:56.971991+00:00,qwen_4b,structured,encounter,createEncounter,FN_createEncounter_END,src/encounter/encounter.service.ts,30,63,04a941d1,repair,5,repair,max_repairs_exceeded,Runtime repair exhausted MAX_RUNTIME_REPAIRS=5 attempts,07669857ffb0ce3ee50e620aaa2bdb3e306e87699a96b0b0862427652773b240,,
run-20260901T031236.570959Z,2026-09-01T15:40:56.981117+00:00,qwen_4b,structured,encounter,createEncounter,FN_createEncounter_END,src/encounter/encounter.service.ts,30,63,04a941d1,pipeline,,pipeline,rollback,Function 'createEncounter' failed irrecoverably; rolled back to the last known-good snapshot.,04691e7d6d4c79f857b8e4d8d43e687d9c8b50a7eefa662d2a516a881aa0578b,restored,
run-20260901T031236.570959Z,2026-09-01T15:42:05.954984+00:00,qwen_4b,structured,encounter,validateEncounterFields,FN_validateEncounterFields_END,src/encounter/encounter.service.ts,65,91,04a941d1,jest,1,jest,unknown,"should throw BadRequestException when A08 without patientId: Error: expect(received).toThrow(expected)

Expected substring: ""PatientId is required for ADT A08 (update)""
Received message:   ""Ward must not be informed for ADT A08 (update)""

    [0m [90m 79 |[39m
     [90m 80 |[39m     [36mif[39m (dto[33m.[39madtType [33m===[39m [33mAdtType[39m[33m.[39m[33mA08[39m [33m&&[39m dto[33m.[39mward) {
    [31m[1m>[22m[39m[90m 81 |[39m       [36mthrow[39m [36mnew[39m [33mBad",ce6f1401325478b8f9f9c9d290209bd7eecc343160e3c49d0cc3669ed36add99,,C:\Users\cdbaz\OneDrive\Documentos\Projetos\usp\tcc\health-microservice-corpus\experiments\logs\errors\run-20260901T031236.570959Z\ce6f1401325478b8f9f9c9d290209bd7eecc343160e3c49d0cc3669ed36add99.txt
run-20260901T031236.570959Z,2026-09-01T15:52:34.256366+00:00,qwen_4b,structured,encounter,processAdtMessage,FN_processAdtMessage_END,src/encounter/encounter.service.ts,199,317,04a941d1,jest,1,jest,unknown,"should handle A01 with valid data - returns patient and encounter: Error: expect(received).resolves.toEqual()

Received promise rejected instead of resolved
Rejected to value: [BadRequestException: Ward is required for ADT A01 (admission)]",0fd29f88c5be4939b775dbc686c712cb944605dcb8bee66e3978f636fa63783d,,C:\Users\cdbaz\OneDrive\Documentos\Projetos\usp\tcc\health-microservice-corpus\experiments\logs\errors\run-20260901T031236.570959Z\0fd29f88c5be4939b775dbc686c712cb944605dcb8bee66e3978f636fa63783d.txt
run-20260901T031236.570959Z,2026-09-01T15:52:34.258372+00:00,qwen_4b,structured,encounter,processAdtMessage,FN_processAdtMessage_END,src/encounter/encounter.service.ts,199,317,04a941d1,jest,1,jest,unknown,"should handle A02 with valid ward and transferDate - returns patient and updated encounter: Error: expect(received).resolves.toEqual()

Received promise rejected instead of resolved
Rejected to value: [NotFoundException: Encounter with id e-456 not found]",0fd29f88c5be4939b775dbc686c712cb944605dcb8bee66e3978f636fa63783d,,C:\Users\cdbaz\OneDrive\Documentos\Projetos\usp\tcc\health-microservice-corpus\experiments\logs\errors\run-20260901T031236.570959Z\0fd29f88c5be4939b775dbc686c712cb944605dcb8bee66e3978f636fa63783d.txt
run-20260901T031236.570959Z,2026-09-01T15:52:34.258372+00:00,qwen_4b,structured,encounter,processAdtMessage,FN_processAdtMessage_END,src/encounter/encounter.service.ts,199,317,04a941d1,jest,1,jest,unknown,"should handle A03 with valid dischargeDate - returns patient and updated encounter: Error: expect(received).resolves.toEqual()

Received promise rejected instead of resolved
Rejected to value: [NotFoundException: Encounter with id e-456 not found]",0fd29f88c5be4939b775dbc686c712cb944605dcb8bee66e3978f636fa63783d,,C:\Users\cdbaz\OneDrive\Documentos\Projetos\usp\tcc\health-microservice-corpus\experiments\logs\errors\run-20260901T031236.570959Z\0fd29f88c5be4939b775dbc686c712cb944605dcb8bee66e3978f636fa63783d.txt
run-20260901T031236.570959Z,2026-09-01T15:52:34.260378+00:00,qwen_4b,structured,encounter,processAdtMessage,FN_processAdtMessage_END,src/encounter/encounter.service.ts,199,317,04a941d1,jest,1,jest,unknown,"should handle A08 with at least one field to update - returns updated patient: Error: expect(received).resolves.toEqual(expected) // deep equality

- Expected  - 13
+ Received  +  1

  Object {
-   ""patient"": Object {
-     ""active"": true,
-     ""birthDate"": 2026-09-01T15:52:34.097Z,
-     ""cpf"": ""123.456.789-00"",
-     ""created_at"": 2026-09-01T15:52:34.097Z,
-     ""email"": ""john@example.com"",
-     ""encounters"": Array [],
-     ""id"": ""p-123"",
-     ""name"": ""Jane Doe"",
-     ""phone"": ""123-456-78",0fd29f88c5be4939b775dbc686c712cb944605dcb8bee66e3978f636fa63783d,,C:\Users\cdbaz\OneDrive\Documentos\Projetos\usp\tcc\health-microservice-corpus\experiments\logs\errors\run-20260901T031236.570959Z\0fd29f88c5be4939b775dbc686c712cb944605dcb8bee66e3978f636fa63783d.txt
run-20260901T031236.570959Z,2026-09-01T15:52:34.260378+00:00,qwen_4b,structured,encounter,processAdtMessage,FN_processAdtMessage_END,src/encounter/encounter.service.ts,199,317,04a941d1,jest,1,jest,runtime_error,"should handle unsupported ADT type - throws BadRequestException: Error: expect(received).rejects.toThrow(expected)

Expected constructor: BadRequestException
Received constructor: TypeError

Received message: ""Cannot read properties of undefined (reading 'id')""

    [0m [90m 226 |[39m
     [90m 227 |[39m       [36mconst[39m encounter [33m=[39m [36mawait[39m [36mthis[39m[33m.[39mcreateEncounter({
    [31m[1m>[22m[39m[90m 228 |[39m         patientId[33m:[39m patient[33m.[3",0fd29f88c5be4939b775dbc686c712cb944605dcb8bee66e3978f636fa63783d,,C:\Users\cdbaz\OneDrive\Documentos\Projetos\usp\tcc\health-microservice-corpus\experiments\logs\errors\run-20260901T031236.570959Z\0fd29f88c5be4939b775dbc686c712cb944605dcb8bee66e3978f636fa63783d.txt
run-20260901T031236.570959Z,2026-09-01T16:00:35.391053+00:00,qwen_4b,structured,encounter,processAdtMessage,FN_processAdtMessage_END,src/encounter/encounter.service.ts,199,317,04a941d1,jest,2,jest,runtime_error,"should handle A01 with valid data - returns patient and encounter: Error: expect(received).resolves.toEqual()

Received promise rejected instead of resolved
Rejected to value: [TypeError: Cannot read properties of undefined (reading 'active')]",339429c06a1ea66a3cfffcd7236b5ff9d7d76959bf723f53c426c855f7b010b8,,C:\Users\cdbaz\OneDrive\Documentos\Projetos\usp\tcc\health-microservice-corpus\experiments\logs\errors\run-20260901T031236.570959Z\339429c06a1ea66a3cfffcd7236b5ff9d7d76959bf723f53c426c855f7b010b8.txt
run-20260901T031236.570959Z,2026-09-01T16:00:35.391053+00:00,qwen_4b,structured,encounter,processAdtMessage,FN_processAdtMessage_END,src/encounter/encounter.service.ts,199,317,04a941d1,jest,2,jest,runtime_error,should handle A03 with valid dischargeDate - returns patient and updated encounter: ReferenceError: transitionEncounterStatusMock is not defined,339429c06a1ea66a3cfffcd7236b5ff9d7d76959bf723f53c426c855f7b010b8,,C:\Users\cdbaz\OneDrive\Documentos\Projetos\usp\tcc\health-microservice-corpus\experiments\logs\errors\run-20260901T031236.570959Z\339429c06a1ea66a3cfffcd7236b5ff9d7d76959bf723f53c426c855f7b010b8.txt
run-20260901T031236.570959Z,2026-09-01T16:00:35.391053+00:00,qwen_4b,structured,encounter,processAdtMessage,FN_processAdtMessage_END,src/encounter/encounter.service.ts,199,317,04a941d1,jest,2,jest,runtime_error,"should handle unsupported ADT type - throws BadRequestException: Error: expect(received).rejects.toThrow(expected)

Expected constructor: BadRequestException
Received constructor: TypeError

Received message: ""Cannot read properties of undefined (reading 'id')""

    [0m [90m 226 |[39m
     [90m 227 |[39m       [36mconst[39m encounter [33m=[39m [36mawait[39m [36mthis[39m[33m.[39mcreateEncounter({
    [31m[1m>[22m[39m[90m 228 |[39m         patientId[33m:[39m patient[33m.[3",339429c06a1ea66a3cfffcd7236b5ff9d7d76959bf723f53c426c855f7b010b8,,C:\Users\cdbaz\OneDrive\Documentos\Projetos\usp\tcc\health-microservice-corpus\experiments\logs\errors\run-20260901T031236.570959Z\339429c06a1ea66a3cfffcd7236b5ff9d7d76959bf723f53c426c855f7b010b8.txt
run-20260901T031236.570959Z,2026-09-01T16:04:18.452913+00:00,qwen_4b,structured,encounter,processAdtMessage,FN_processAdtMessage_END,src/encounter/encounter.service.ts,199,317,04a941d1,jest,3,jest,runtime_error,should handle unsupported ADT type - throws BadRequestException: TypeError: Cannot spy on the `patientService` property because it is not a function; object given instead.,1848de632a3c2f23df2a9c6dbdf68d59fadbe4913355a078cb5b864552540bae,,C:\Users\cdbaz\OneDrive\Documentos\Projetos\usp\tcc\health-microservice-corpus\experiments\logs\errors\run-20260901T031236.570959Z\1848de632a3c2f23df2a9c6dbdf68d59fadbe4913355a078cb5b864552540bae.txt
run-20260901T031236.570959Z,2026-09-01T16:05:38.770478+00:00,qwen_4b,structured,encounter,processAdtMessage,FN_processAdtMessage_END,src/encounter/encounter.service.ts,199,317,04a941d1,jest,4,jest,runtime_error,should handle unsupported ADT type - throws BadRequestException: TypeError: Cannot spy on the `patientService` property because it is not a function; object given instead.,ce3badb11d130d31d6361d3b211ee7f2ddcf53e9107c20a213678822d186165d,,C:\Users\cdbaz\OneDrive\Documentos\Projetos\usp\tcc\health-microservice-corpus\experiments\logs\errors\run-20260901T031236.570959Z\ce3badb11d130d31d6361d3b211ee7f2ddcf53e9107c20a213678822d186165d.txt
run-20260901T031236.570959Z,2026-09-01T16:05:42.630782+00:00,qwen_4b,structured,encounter,processAdtMessage,FN_processAdtMessage_END,src/encounter/encounter.service.ts,199,317,04a941d1,repair,4,repair,repair_failed,1 repair attempt(s) did not produce a valid fix,a19dd2f169fea0f558514ac3dac1b23af029a1260819d762429f620cb291dccb,,
run-20260901T031236.570959Z,2026-09-01T16:12:08.152637+00:00,qwen_4b,structured,encounter,buildEncounterSummary,FN_buildEncounterSummary_END,src/encounter/encounter.service.ts,365,439,04a941d1,jest,1,jest,unknown,"should build encounter summary with PENDING order status: Error: expect(received).toEqual(expected) // deep equality

- Expected  - 2
+ Received  + 2

@@ -1,7 +1,7 @@
  Object {
-   ""activeDays"": 365,
+   ""activeDays"": 974,
    ""encounter"": Object {
      ""admitDate"": 2024-01-01T00:00:00.000Z,
      ""id"": ""1"",
      ""orders"": Array [
        Object {
@@ -27,7 +27,7 @@
    ""results"": Object {
      ""abnormal"": 0,
      ""preliminary"": 0,
      ""total"": 0,
    },
-   ""riskFlag"": ""LOW"",
+   ""riskFla",bf8b5eb7b2ef15faa711c67084a3c7832d89a2c22ef7977a0247ed58edd40b3e,,C:\Users\cdbaz\OneDrive\Documentos\Projetos\usp\tcc\health-microservice-corpus\experiments\logs\errors\run-20260901T031236.570959Z\bf8b5eb7b2ef15faa711c67084a3c7832d89a2c22ef7977a0247ed58edd40b3e.txt
run-20260901T031236.570959Z,2026-09-01T16:12:08.154653+00:00,qwen_4b,structured,encounter,buildEncounterSummary,FN_buildEncounterSummary_END,src/encounter/encounter.service.ts,365,439,04a941d1,jest,1,jest,unknown,"should build encounter summary with IN_PROGRESS order status: Error: expect(received).toEqual(expected) // deep equality

- Expected  - 2
+ Received  + 2

@@ -1,7 +1,7 @@
  Object {
-   ""activeDays"": 365,
+   ""activeDays"": 974,
    ""encounter"": Object {
      ""admitDate"": 2024-01-01T00:00:00.000Z,
      ""id"": ""1"",
      ""orders"": Array [
        Object {
@@ -27,7 +27,7 @@
    ""results"": Object {
      ""abnormal"": 0,
      ""preliminary"": 0,
      ""total"": 0,
    },
-   ""riskFlag"": ""LOW"",
+   ""ris",bf8b5eb7b2ef15faa711c67084a3c7832d89a2c22ef7977a0247ed58edd40b3e,,C:\Users\cdbaz\OneDrive\Documentos\Projetos\usp\tcc\health-microservice-corpus\experiments\logs\errors\run-20260901T031236.570959Z\bf8b5eb7b2ef15faa711c67084a3c7832d89a2c22ef7977a0247ed58edd40b3e.txt
run-20260901T031236.570959Z,2026-09-01T16:12:08.156668+00:00,qwen_4b,structured,encounter,buildEncounterSummary,FN_buildEncounterSummary_END,src/encounter/encounter.service.ts,365,439,04a941d1,jest,1,jest,unknown,"should build encounter summary with COMPLETED order status: Error: expect(received).toEqual(expected) // deep equality

- Expected  - 2
+ Received  + 2

@@ -1,7 +1,7 @@
  Object {
-   ""activeDays"": 365,
+   ""activeDays"": 974,
    ""encounter"": Object {
      ""admitDate"": 2024-01-01T00:00:00.000Z,
      ""id"": ""1"",
      ""orders"": Array [
        Object {
@@ -27,7 +27,7 @@
    ""results"": Object {
      ""abnormal"": 0,
      ""preliminary"": 0,
      ""total"": 0,
    },
-   ""riskFlag"": ""LOW"",
+   ""riskF",bf8b5eb7b2ef15faa711c67084a3c7832d89a2c22ef7977a0247ed58edd40b3e,,C:\Users\cdbaz\OneDrive\Documentos\Projetos\usp\tcc\health-microservice-corpus\experiments\logs\errors\run-20260901T031236.570959Z\bf8b5eb7b2ef15faa711c67084a3c7832d89a2c22ef7977a0247ed58edd40b3e.txt
run-20260901T031236.570959Z,2026-09-01T16:12:08.158428+00:00,qwen_4b,structured,encounter,buildEncounterSummary,FN_buildEncounterSummary_END,src/encounter/encounter.service.ts,365,439,04a941d1,jest,1,jest,unknown,"should build encounter summary with CANCELLED order status: Error: expect(received).toEqual(expected) // deep equality

- Expected  - 2
+ Received  + 2

@@ -1,7 +1,7 @@
  Object {
-   ""activeDays"": 365,
+   ""activeDays"": 974,
    ""encounter"": Object {
      ""admitDate"": 2024-01-01T00:00:00.000Z,
      ""id"": ""1"",
      ""orders"": Array [
        Object {
@@ -27,7 +27,7 @@
    ""results"": Object {
      ""abnormal"": 0,
      ""preliminary"": 0,
      ""total"": 0,
    },
-   ""riskFlag"": ""LOW"",
+   ""riskF",bf8b5eb7b2ef15faa711c67084a3c7832d89a2c22ef7977a0247ed58edd40b3e,,C:\Users\cdbaz\OneDrive\Documentos\Projetos\usp\tcc\health-microservice-corpus\experiments\logs\errors\run-20260901T031236.570959Z\bf8b5eb7b2ef15faa711c67084a3c7832d89a2c22ef7977a0247ed58edd40b3e.txt
run-20260901T031236.570959Z,2026-09-01T16:12:08.158428+00:00,qwen_4b,structured,encounter,buildEncounterSummary,FN_buildEncounterSummary_END,src/encounter/encounter.service.ts,365,439,04a941d1,jest,1,jest,unknown,"should build encounter summary with PRELIMINARY result status: Error: expect(received).toEqual(expected) // deep equality

- Expected  - 2
+ Received  + 2

@@ -1,7 +1,7 @@
  Object {
-   ""activeDays"": 365,
+   ""activeDays"": 974,
    ""encounter"": Object {
      ""admitDate"": 2024-01-01T00:00:00.000Z,
      ""id"": ""1"",
      ""orders"": Array [
        Object {
@@ -35,7 +35,7 @@
    ""results"": Object {
      ""abnormal"": 0,
      ""preliminary"": 1,
      ""total"": 1,
    },
-   ""riskFlag"": ""LOW"",
+   ""ri",bf8b5eb7b2ef15faa711c67084a3c7832d89a2c22ef7977a0247ed58edd40b3e,,C:\Users\cdbaz\OneDrive\Documentos\Projetos\usp\tcc\health-microservice-corpus\experiments\logs\errors\run-20260901T031236.570959Z\bf8b5eb7b2ef15faa711c67084a3c7832d89a2c22ef7977a0247ed58edd40b3e.txt
run-20260901T031236.570959Z,2026-09-01T16:12:08.161916+00:00,qwen_4b,structured,encounter,buildEncounterSummary,FN_buildEncounterSummary_END,src/encounter/encounter.service.ts,365,439,04a941d1,jest,1,jest,unknown,"should build encounter summary with isAbnormal value less than refMin: Error: expect(received).toEqual(expected) // deep equality

- Expected  - 2
+ Received  + 2

@@ -1,7 +1,7 @@
  Object {
-   ""activeDays"": 365,
+   ""activeDays"": 974,
    ""encounter"": Object {
      ""admitDate"": 2024-01-01T00:00:00.000Z,
      ""id"": ""1"",
      ""orders"": Array [
        Object {
@@ -35,7 +35,7 @@
    ""results"": Object {
      ""abnormal"": 1,
      ""preliminary"": 1,
      ""total"": 1,
    },
-   ""riskFlag"": ""LOW"",",bf8b5eb7b2ef15faa711c67084a3c7832d89a2c22ef7977a0247ed58edd40b3e,,C:\Users\cdbaz\OneDrive\Documentos\Projetos\usp\tcc\health-microservice-corpus\experiments\logs\errors\run-20260901T031236.570959Z\bf8b5eb7b2ef15faa711c67084a3c7832d89a2c22ef7977a0247ed58edd40b3e.txt
run-20260901T031236.570959Z,2026-09-01T16:12:08.163258+00:00,qwen_4b,structured,encounter,buildEncounterSummary,FN_buildEncounterSummary_END,src/encounter/encounter.service.ts,365,439,04a941d1,jest,1,jest,unknown,"should build encounter summary with isAbnormal value greater than refMax: Error: expect(received).toEqual(expected) // deep equality

- Expected  - 2
+ Received  + 2

@@ -1,7 +1,7 @@
  Object {
-   ""activeDays"": 365,
+   ""activeDays"": 974,
    ""encounter"": Object {
      ""admitDate"": 2024-01-01T00:00:00.000Z,
      ""id"": ""1"",
      ""orders"": Array [
        Object {
@@ -35,7 +35,7 @@
    ""results"": Object {
      ""abnormal"": 1,
      ""preliminary"": 1,
      ""total"": 1,
    },
-   ""riskFlag"": ""LO",bf8b5eb7b2ef15faa711c67084a3c7832d89a2c22ef7977a0247ed58edd40b3e,,C:\Users\cdbaz\OneDrive\Documentos\Projetos\usp\tcc\health-microservice-corpus\experiments\logs\errors\run-20260901T031236.570959Z\bf8b5eb7b2ef15faa711c67084a3c7832d89a2c22ef7977a0247ed58edd40b3e.txt
run-20260901T031236.570959Z,2026-09-01T16:12:08.164286+00:00,qwen_4b,structured,encounter,buildEncounterSummary,FN_buildEncounterSummary_END,src/encounter/encounter.service.ts,365,439,04a941d1,jest,1,jest,unknown,"should build encounter summary with HIGH risk flag when hasAbnormalResults and activeDays > 7: Error: expect(received).toEqual(expected) // deep equality

- Expected  - 1
+ Received  + 1

@@ -1,7 +1,7 @@
  Object {
-   ""activeDays"": 8,
+   ""activeDays"": 974,
    ""encounter"": Object {
      ""admitDate"": 2024-01-01T00:00:00.000Z,
      ""id"": ""1"",
      ""orders"": Array [
        Object {",bf8b5eb7b2ef15faa711c67084a3c7832d89a2c22ef7977a0247ed58edd40b3e,,C:\Users\cdbaz\OneDrive\Documentos\Projetos\usp\tcc\health-microservice-corpus\experiments\logs\errors\run-20260901T031236.570959Z\bf8b5eb7b2ef15faa711c67084a3c7832d89a2c22ef7977a0247ed58edd40b3e.txt
run-20260901T031236.570959Z,2026-09-01T16:12:08.166446+00:00,qwen_4b,structured,encounter,buildEncounterSummary,FN_buildEncounterSummary_END,src/encounter/encounter.service.ts,365,439,04a941d1,jest,1,jest,unknown,"should build encounter summary with MEDIUM risk flag when hasAbnormalResults but activeDays <= 7: Error: expect(received).toEqual(expected) // deep equality

- Expected  - 2
+ Received  + 2

@@ -1,7 +1,7 @@
  Object {
-   ""activeDays"": 7,
+   ""activeDays"": 974,
    ""encounter"": Object {
      ""admitDate"": 2024-01-01T00:00:00.000Z,
      ""id"": ""1"",
      ""orders"": Array [
        Object {
@@ -35,7 +35,7 @@
    ""results"": Object {
      ""abnormal"": 1,
      ""preliminary"": 1,
      ""total"": 1,
    ",bf8b5eb7b2ef15faa711c67084a3c7832d89a2c22ef7977a0247ed58edd40b3e,,C:\Users\cdbaz\OneDrive\Documentos\Projetos\usp\tcc\health-microservice-corpus\experiments\logs\errors\run-20260901T031236.570959Z\bf8b5eb7b2ef15faa711c67084a3c7832d89a2c22ef7977a0247ed58edd40b3e.txt
run-20260901T031236.570959Z,2026-09-01T16:12:08.166446+00:00,qwen_4b,structured,encounter,buildEncounterSummary,FN_buildEncounterSummary_END,src/encounter/encounter.service.ts,365,439,04a941d1,jest,1,jest,unknown,"should build encounter summary with MEDIUM risk flag when activeDays > 7 but no abnormal results: Error: expect(received).toEqual(expected) // deep equality

- Expected  - 1
+ Received  + 1

@@ -1,7 +1,7 @@
  Object {
-   ""activeDays"": 8,
+   ""activeDays"": 974,
    ""encounter"": Object {
      ""admitDate"": 2024-01-01T00:00:00.000Z,
      ""id"": ""1"",
      ""orders"": Array [
        Object {",bf8b5eb7b2ef15faa711c67084a3c7832d89a2c22ef7977a0247ed58edd40b3e,,C:\Users\cdbaz\OneDrive\Documentos\Projetos\usp\tcc\health-microservice-corpus\experiments\logs\errors\run-20260901T031236.570959Z\bf8b5eb7b2ef15faa711c67084a3c7832d89a2c22ef7977a0247ed58edd40b3e.txt
run-20260901T031236.570959Z,2026-09-01T16:12:08.166446+00:00,qwen_4b,structured,encounter,buildEncounterSummary,FN_buildEncounterSummary_END,src/encounter/encounter.service.ts,365,439,04a941d1,jest,1,jest,unknown,"should build encounter summary with LOW risk flag when neither condition met: Error: expect(received).toEqual(expected) // deep equality

- Expected  - 2
+ Received  + 2

@@ -1,7 +1,7 @@
  Object {
-   ""activeDays"": 365,
+   ""activeDays"": 974,
    ""encounter"": Object {
      ""admitDate"": 2024-01-01T00:00:00.000Z,
      ""id"": ""1"",
      ""orders"": Array [
        Object {
@@ -27,7 +27,7 @@
    ""results"": Object {
      ""abnormal"": 0,
      ""preliminary"": 0,
      ""total"": 0,
    },
-   ""riskFlag"":",bf8b5eb7b2ef15faa711c67084a3c7832d89a2c22ef7977a0247ed58edd40b3e,,C:\Users\cdbaz\OneDrive\Documentos\Projetos\usp\tcc\health-microservice-corpus\experiments\logs\errors\run-20260901T031236.570959Z\bf8b5eb7b2ef15faa711c67084a3c7832d89a2c22ef7977a0247ed58edd40b3e.txt
run-20260901T031236.570959Z,2026-09-01T16:40:15.447712+00:00,qwen_4b,structured,encounter,buildEncounterSummary,FN_buildEncounterSummary_END,src/encounter/encounter.service.ts,365,439,04a941d1,jest,2,jest,unknown,"should build encounter summary with PENDING order status: Error: expect(received).toEqual(expected) // deep equality

- Expected  - 2
+ Received  + 2

@@ -1,7 +1,7 @@
  Object {
-   ""activeDays"": 365,
+   ""activeDays"": 974,
    ""encounter"": Object {
      ""admitDate"": 2024-01-01T00:00:00.000Z,
      ""id"": ""1"",
      ""orders"": Array [
        Object {
@@ -27,7 +27,7 @@
    ""results"": Object {
      ""abnormal"": 0,
      ""preliminary"": 0,
      ""total"": 0,
    },
-   ""riskFlag"": ""LOW"",
+   ""riskFla",e418635f9ee48c63962dbb77c531dda539556093a97dbef8055683cb69f1fd67,,C:\Users\cdbaz\OneDrive\Documentos\Projetos\usp\tcc\health-microservice-corpus\experiments\logs\errors\run-20260901T031236.570959Z\e418635f9ee48c63962dbb77c531dda539556093a97dbef8055683cb69f1fd67.txt
run-20260901T031236.570959Z,2026-09-01T16:40:15.447712+00:00,qwen_4b,structured,encounter,buildEncounterSummary,FN_buildEncounterSummary_END,src/encounter/encounter.service.ts,365,439,04a941d1,jest,2,jest,unknown,"should build encounter summary with IN_PROGRESS order status: Error: expect(received).toEqual(expected) // deep equality

- Expected  - 2
+ Received  + 2

@@ -1,7 +1,7 @@
  Object {
-   ""activeDays"": 365,
+   ""activeDays"": 974,
    ""encounter"": Object {
      ""admitDate"": 2024-01-01T00:00:00.000Z,
      ""id"": ""1"",
      ""orders"": Array [
        Object {
@@ -27,7 +27,7 @@
    ""results"": Object {
      ""abnormal"": 0,
      ""preliminary"": 0,
      ""total"": 0,
    },
-   ""riskFlag"": ""LOW"",
+   ""ris",e418635f9ee48c63962dbb77c531dda539556093a97dbef8055683cb69f1fd67,,C:\Users\cdbaz\OneDrive\Documentos\Projetos\usp\tcc\health-microservice-corpus\experiments\logs\errors\run-20260901T031236.570959Z\e418635f9ee48c63962dbb77c531dda539556093a97dbef8055683cb69f1fd67.txt
run-20260901T031236.570959Z,2026-09-01T16:40:15.453747+00:00,qwen_4b,structured,encounter,buildEncounterSummary,FN_buildEncounterSummary_END,src/encounter/encounter.service.ts,365,439,04a941d1,jest,2,jest,unknown,"should build encounter summary with COMPLETED order status: Error: expect(received).toEqual(expected) // deep equality

- Expected  - 1
+ Received  + 1

@@ -1,7 +1,7 @@
  Object {
-   ""activeDays"": 365,
+   ""activeDays"": 0,
    ""encounter"": Object {
      ""admitDate"": 2024-01-01T00:00:00.000Z,
      ""id"": ""1"",
      ""orders"": Array [
        Object {",e418635f9ee48c63962dbb77c531dda539556093a97dbef8055683cb69f1fd67,,C:\Users\cdbaz\OneDrive\Documentos\Projetos\usp\tcc\health-microservice-corpus\experiments\logs\errors\run-20260901T031236.570959Z\e418635f9ee48c63962dbb77c531dda539556093a97dbef8055683cb69f1fd67.txt
run-20260901T031236.570959Z,2026-09-01T16:40:15.453747+00:00,qwen_4b,structured,encounter,buildEncounterSummary,FN_buildEncounterSummary_END,src/encounter/encounter.service.ts,365,439,04a941d1,jest,2,jest,runtime_error,should build encounter summary with CANCELLED order status: ReferenceError: spyOn is not defined,e418635f9ee48c63962dbb77c531dda539556093a97dbef8055683cb69f1fd67,,C:\Users\cdbaz\OneDrive\Documentos\Projetos\usp\tcc\health-microservice-corpus\experiments\logs\errors\run-20260901T031236.570959Z\e418635f9ee48c63962dbb77c531dda539556093a97dbef8055683cb69f1fd67.txt
run-20260901T031236.570959Z,2026-09-01T16:40:15.457038+00:00,qwen_4b,structured,encounter,buildEncounterSummary,FN_buildEncounterSummary_END,src/encounter/encounter.service.ts,365,439,04a941d1,jest,2,jest,unknown,should build encounter summary with isAbnormal value less than refMin: RangeError: Maximum call stack size exceeded,e418635f9ee48c63962dbb77c531dda539556093a97dbef8055683cb69f1fd67,,C:\Users\cdbaz\OneDrive\Documentos\Projetos\usp\tcc\health-microservice-corpus\experiments\logs\errors\run-20260901T031236.570959Z\e418635f9ee48c63962dbb77c531dda539556093a97dbef8055683cb69f1fd67.txt
run-20260901T031236.570959Z,2026-09-01T16:40:15.457038+00:00,qwen_4b,structured,encounter,buildEncounterSummary,FN_buildEncounterSummary_END,src/encounter/encounter.service.ts,365,439,04a941d1,jest,2,jest,unknown,should build encounter summary with HIGH risk flag when hasAbnormalResults and activeDays > 7: RangeError: Maximum call stack size exceeded,e418635f9ee48c63962dbb77c531dda539556093a97dbef8055683cb69f1fd67,,C:\Users\cdbaz\OneDrive\Documentos\Projetos\usp\tcc\health-microservice-corpus\experiments\logs\errors\run-20260901T031236.570959Z\e418635f9ee48c63962dbb77c531dda539556093a97dbef8055683cb69f1fd67.txt
run-20260901T031236.570959Z,2026-09-01T16:40:15.459296+00:00,qwen_4b,structured,encounter,buildEncounterSummary,FN_buildEncounterSummary_END,src/encounter/encounter.service.ts,365,439,04a941d1,jest,2,jest,unknown,should build encounter summary with MEDIUM risk flag when hasAbnormalResults but activeDays <= 7: RangeError: Maximum call stack size exceeded,e418635f9ee48c63962dbb77c531dda539556093a97dbef8055683cb69f1fd67,,C:\Users\cdbaz\OneDrive\Documentos\Projetos\usp\tcc\health-microservice-corpus\experiments\logs\errors\run-20260901T031236.570959Z\e418635f9ee48c63962dbb77c531dda539556093a97dbef8055683cb69f1fd67.txt
run-20260901T031236.570959Z,2026-09-01T16:40:15.460803+00:00,qwen_4b,structured,encounter,buildEncounterSummary,FN_buildEncounterSummary_END,src/encounter/encounter.service.ts,365,439,04a941d1,jest,2,jest,unknown,should build encounter summary with MEDIUM risk flag when activeDays > 7 but no abnormal results: RangeError: Maximum call stack size exceeded,e418635f9ee48c63962dbb77c531dda539556093a97dbef8055683cb69f1fd67,,C:\Users\cdbaz\OneDrive\Documentos\Projetos\usp\tcc\health-microservice-corpus\experiments\logs\errors\run-20260901T031236.570959Z\e418635f9ee48c63962dbb77c531dda539556093a97dbef8055683cb69f1fd67.txt
run-20260901T031236.570959Z,2026-09-01T16:55:24.454744+00:00,qwen_4b,structured,encounter,buildEncounterSummary,FN_buildEncounterSummary_END,src/encounter/encounter.service.ts,365,439,04a941d1,jest,3,jest,unknown,"should build encounter summary with PENDING order status: Error: expect(received).toEqual(expected) // deep equality

- Expected  - 1
+ Received  + 1

@@ -1,7 +1,7 @@
  Object {
-   ""activeDays"": 365,
+   ""activeDays"": 974,
    ""encounter"": Object {
      ""admitDate"": 2024-01-01T00:00:00.000Z,
      ""id"": ""1"",
      ""orders"": Array [
        Object {",d4bbb8e59f06f812c772219f773d3da10c07cc56ce973e07b297394c1c806de5,,C:\Users\cdbaz\OneDrive\Documentos\Projetos\usp\tcc\health-microservice-corpus\experiments\logs\errors\run-20260901T031236.570959Z\d4bbb8e59f06f812c772219f773d3da10c07cc56ce973e07b297394c1c806de5.txt
run-20260901T031236.570959Z,2026-09-01T16:55:24.454744+00:00,qwen_4b,structured,encounter,buildEncounterSummary,FN_buildEncounterSummary_END,src/encounter/encounter.service.ts,365,439,04a941d1,jest,3,jest,runtime_error,should build encounter summary with COMPLETED order status: ReferenceError: patient is not defined,d4bbb8e59f06f812c772219f773d3da10c07cc56ce973e07b297394c1c806de5,,C:\Users\cdbaz\OneDrive\Documentos\Projetos\usp\tcc\health-microservice-corpus\experiments\logs\errors\run-20260901T031236.570959Z\d4bbb8e59f06f812c772219f773d3da10c07cc56ce973e07b297394c1c806de5.txt
run-20260901T031236.570959Z,2026-09-01T16:55:24.454744+00:00,qwen_4b,structured,encounter,buildEncounterSummary,FN_buildEncounterSummary_END,src/encounter/encounter.service.ts,365,439,04a941d1,jest,3,jest,unknown,should build encounter summary with CANCELLED order status: Error: Property `mockedNewDate` does not exist in the provided object,d4bbb8e59f06f812c772219f773d3da10c07cc56ce973e07b297394c1c806de5,,C:\Users\cdbaz\OneDrive\Documentos\Projetos\usp\tcc\health-microservice-corpus\experiments\logs\errors\run-20260901T031236.570959Z\d4bbb8e59f06f812c772219f773d3da10c07cc56ce973e07b297394c1c806de5.txt
run-20260901T031236.570959Z,2026-09-01T16:55:24.454744+00:00,qwen_4b,structured,encounter,buildEncounterSummary,FN_buildEncounterSummary_END,src/encounter/encounter.service.ts,365,439,04a941d1,jest,3,jest,unknown,should build encounter summary with isAbnormal value less than refMin: RangeError: Maximum call stack size exceeded,d4bbb8e59f06f812c772219f773d3da10c07cc56ce973e07b297394c1c806de5,,C:\Users\cdbaz\OneDrive\Documentos\Projetos\usp\tcc\health-microservice-corpus\experiments\logs\errors\run-20260901T031236.570959Z\d4bbb8e59f06f812c772219f773d3da10c07cc56ce973e07b297394c1c806de5.txt
run-20260901T031236.570959Z,2026-09-01T16:55:24.454744+00:00,qwen_4b,structured,encounter,buildEncounterSummary,FN_buildEncounterSummary_END,src/encounter/encounter.service.ts,365,439,04a941d1,jest,3,jest,unknown,should build encounter summary with HIGH risk flag when hasAbnormalResults and activeDays > 7: RangeError: Maximum call stack size exceeded,d4bbb8e59f06f812c772219f773d3da10c07cc56ce973e07b297394c1c806de5,,C:\Users\cdbaz\OneDrive\Documentos\Projetos\usp\tcc\health-microservice-corpus\experiments\logs\errors\run-20260901T031236.570959Z\d4bbb8e59f06f812c772219f773d3da10c07cc56ce973e07b297394c1c806de5.txt
run-20260901T031236.570959Z,2026-09-01T16:55:24.470440+00:00,qwen_4b,structured,encounter,buildEncounterSummary,FN_buildEncounterSummary_END,src/encounter/encounter.service.ts,365,439,04a941d1,jest,3,jest,unknown,should build encounter summary with MEDIUM risk flag when hasAbnormalResults but activeDays <= 7: RangeError: Maximum call stack size exceeded,d4bbb8e59f06f812c772219f773d3da10c07cc56ce973e07b297394c1c806de5,,C:\Users\cdbaz\OneDrive\Documentos\Projetos\usp\tcc\health-microservice-corpus\experiments\logs\errors\run-20260901T031236.570959Z\d4bbb8e59f06f812c772219f773d3da10c07cc56ce973e07b297394c1c806de5.txt
run-20260901T031236.570959Z,2026-09-01T16:55:24.471941+00:00,qwen_4b,structured,encounter,buildEncounterSummary,FN_buildEncounterSummary_END,src/encounter/encounter.service.ts,365,439,04a941d1,jest,3,jest,unknown,should build encounter summary with MEDIUM risk flag when activeDays > 7 but no abnormal results: RangeError: Maximum call stack size exceeded,d4bbb8e59f06f812c772219f773d3da10c07cc56ce973e07b297394c1c806de5,,C:\Users\cdbaz\OneDrive\Documentos\Projetos\usp\tcc\health-microservice-corpus\experiments\logs\errors\run-20260901T031236.570959Z\d4bbb8e59f06f812c772219f773d3da10c07cc56ce973e07b297394c1c806de5.txt
run-20260901T031236.570959Z,2026-09-01T16:57:42.114285+00:00,qwen_4b,structured,encounter,buildEncounterSummary,FN_buildEncounterSummary_END,src/encounter/encounter.service.ts,365,439,04a941d1,jest,4,jest,unknown,"should build encounter summary with COMPLETED order status: Error: expect(received).toEqual(expected) // deep equality

- Expected  - 1
+ Received  + 1

@@ -1,7 +1,7 @@
  Object {
-   ""activeDays"": 365,
+   ""activeDays"": 0,
    ""encounter"": Object {
      ""admitDate"": ""2024-01-01"",
      ""id"": ""1"",
      ""orders"": Array [
        Object {",92a0314fa8c5bf332b32231faa0dd423d8c63e38f1d5905576eabcb26ccdf149,,C:\Users\cdbaz\OneDrive\Documentos\Projetos\usp\tcc\health-microservice-corpus\experiments\logs\errors\run-20260901T031236.570959Z\92a0314fa8c5bf332b32231faa0dd423d8c63e38f1d5905576eabcb26ccdf149.txt
run-20260901T031236.570959Z,2026-09-01T16:57:42.114285+00:00,qwen_4b,structured,encounter,buildEncounterSummary,FN_buildEncounterSummary_END,src/encounter/encounter.service.ts,365,439,04a941d1,jest,4,jest,unknown,"should build encounter summary with HIGH risk flag when hasAbnormalResults and activeDays > 7: Error: expect(received).toEqual(expected) // deep equality

- Expected  - 2
+ Received  + 2

@@ -1,7 +1,7 @@
  Object {
-   ""activeDays"": 8,
+   ""activeDays"": 0,
    ""encounter"": Object {
      ""admitDate"": 2024-01-01T00:00:00.000Z,
      ""id"": ""1"",
      ""orders"": Array [
        Object {
@@ -35,7 +35,7 @@
    ""results"": Object {
      ""abnormal"": 1,
      ""preliminary"": 1,
      ""total"": 1,
    },
- ",92a0314fa8c5bf332b32231faa0dd423d8c63e38f1d5905576eabcb26ccdf149,,C:\Users\cdbaz\OneDrive\Documentos\Projetos\usp\tcc\health-microservice-corpus\experiments\logs\errors\run-20260901T031236.570959Z\92a0314fa8c5bf332b32231faa0dd423d8c63e38f1d5905576eabcb26ccdf149.txt
run-20260901T031236.570959Z,2026-09-01T16:57:42.114285+00:00,qwen_4b,structured,encounter,buildEncounterSummary,FN_buildEncounterSummary_END,src/encounter/encounter.service.ts,365,439,04a941d1,jest,4,jest,unknown,"should build encounter summary with MEDIUM risk flag when hasAbnormalResults but activeDays <= 7: Error: expect(received).toEqual(expected) // deep equality

- Expected  - 1
+ Received  + 1

@@ -1,7 +1,7 @@
  Object {
-   ""activeDays"": 7,
+   ""activeDays"": 0,
    ""encounter"": Object {
      ""admitDate"": 2024-01-01T00:00:00.000Z,
      ""id"": ""1"",
      ""orders"": Array [
        Object {",92a0314fa8c5bf332b32231faa0dd423d8c63e38f1d5905576eabcb26ccdf149,,C:\Users\cdbaz\OneDrive\Documentos\Projetos\usp\tcc\health-microservice-corpus\experiments\logs\errors\run-20260901T031236.570959Z\92a0314fa8c5bf332b32231faa0dd423d8c63e38f1d5905576eabcb26ccdf149.txt
run-20260901T031236.570959Z,2026-09-01T16:57:42.114285+00:00,qwen_4b,structured,encounter,buildEncounterSummary,FN_buildEncounterSummary_END,src/encounter/encounter.service.ts,365,439,04a941d1,jest,4,jest,unknown,"should build encounter summary with MEDIUM risk flag when activeDays > 7 but no abnormal results: Error: expect(received).toEqual(expected) // deep equality

- Expected  - 2
+ Received  + 2

@@ -1,7 +1,7 @@
  Object {
-   ""activeDays"": 8,
+   ""activeDays"": 0,
    ""encounter"": Object {
      ""admitDate"": 2024-01-01T00:00:00.000Z,
      ""id"": ""1"",
      ""orders"": Array [
        Object {
@@ -27,7 +27,7 @@
    ""results"": Object {
      ""abnormal"": 0,
      ""preliminary"": 0,
      ""total"": 0,
    },",92a0314fa8c5bf332b32231faa0dd423d8c63e38f1d5905576eabcb26ccdf149,,C:\Users\cdbaz\OneDrive\Documentos\Projetos\usp\tcc\health-microservice-corpus\experiments\logs\errors\run-20260901T031236.570959Z\92a0314fa8c5bf332b32231faa0dd423d8c63e38f1d5905576eabcb26ccdf149.txt
run-20260901T031236.570959Z,2026-09-01T16:57:48.152981+00:00,qwen_4b,structured,encounter,buildEncounterSummary,FN_buildEncounterSummary_END,src/encounter/encounter.service.ts,365,439,04a941d1,repair,4,repair,repair_failed,4 repair attempt(s) did not produce a valid fix,9b73ccd0074936c767bf8f2216c53721f4b8f093736c7c8b04f308126a5f45f2,,
run-20260901T031236.570959Z,2026-09-01T16:57:51.480593+00:00,qwen_4b,structured,encounter,buildEncounterSummary,FN_buildEncounterSummary_END,src/encounter/encounter.service.ts,365,439,04a941d1,jest,5,jest,unknown,"should build encounter summary with HIGH risk flag when hasAbnormalResults and activeDays > 7: Error: expect(received).toEqual(expected) // deep equality

- Expected  - 1
+ Received  + 1

@@ -1,7 +1,7 @@
  Object {
-   ""activeDays"": 8,
+   ""activeDays"": 974,
    ""encounter"": Object {
      ""admitDate"": 2024-01-01T00:00:00.000Z,
      ""id"": ""1"",
      ""orders"": Array [
        Object {",5c88c2de833be6de36c3cce0933926ed5b2257fa95c3fbf31fc86c72cdc81c65,,C:\Users\cdbaz\OneDrive\Documentos\Projetos\usp\tcc\health-microservice-corpus\experiments\logs\errors\run-20260901T031236.570959Z\5c88c2de833be6de36c3cce0933926ed5b2257fa95c3fbf31fc86c72cdc81c65.txt
run-20260901T031236.570959Z,2026-09-01T16:57:51.480593+00:00,qwen_4b,structured,encounter,buildEncounterSummary,FN_buildEncounterSummary_END,src/encounter/encounter.service.ts,365,439,04a941d1,jest,5,jest,unknown,"should build encounter summary with MEDIUM risk flag when hasAbnormalResults but activeDays <= 7: Error: expect(received).toEqual(expected) // deep equality

- Expected  - 2
+ Received  + 2

@@ -1,7 +1,7 @@
  Object {
-   ""activeDays"": 7,
+   ""activeDays"": 974,
    ""encounter"": Object {
      ""admitDate"": 2024-01-01T00:00:00.000Z,
      ""id"": ""1"",
      ""orders"": Array [
        Object {
@@ -35,7 +35,7 @@
    ""results"": Object {
      ""abnormal"": 1,
      ""preliminary"": 1,
      ""total"": 1,
    ",5c88c2de833be6de36c3cce0933926ed5b2257fa95c3fbf31fc86c72cdc81c65,,C:\Users\cdbaz\OneDrive\Documentos\Projetos\usp\tcc\health-microservice-corpus\experiments\logs\errors\run-20260901T031236.570959Z\5c88c2de833be6de36c3cce0933926ed5b2257fa95c3fbf31fc86c72cdc81c65.txt
run-20260901T031236.570959Z,2026-09-01T16:57:51.480593+00:00,qwen_4b,structured,encounter,buildEncounterSummary,FN_buildEncounterSummary_END,src/encounter/encounter.service.ts,365,439,04a941d1,jest,5,jest,unknown,"should build encounter summary with MEDIUM risk flag when activeDays > 7 but no abnormal results: Error: expect(received).toEqual(expected) // deep equality

- Expected  - 1
+ Received  + 1

@@ -1,7 +1,7 @@
  Object {
-   ""activeDays"": 8,
+   ""activeDays"": 974,
    ""encounter"": Object {
      ""admitDate"": 2024-01-01T00:00:00.000Z,
      ""id"": ""1"",
      ""orders"": Array [
        Object {",5c88c2de833be6de36c3cce0933926ed5b2257fa95c3fbf31fc86c72cdc81c65,,C:\Users\cdbaz\OneDrive\Documentos\Projetos\usp\tcc\health-microservice-corpus\experiments\logs\errors\run-20260901T031236.570959Z\5c88c2de833be6de36c3cce0933926ed5b2257fa95c3fbf31fc86c72cdc81c65.txt
run-20260901T031236.570959Z,2026-09-01T16:57:51.480593+00:00,qwen_4b,structured,encounter,buildEncounterSummary,FN_buildEncounterSummary_END,src/encounter/encounter.service.ts,365,439,04a941d1,repair,5,repair,max_repairs_exceeded,Runtime repair exhausted MAX_RUNTIME_REPAIRS=5 attempts,07669857ffb0ce3ee50e620aaa2bdb3e306e87699a96b0b0862427652773b240,,
run-20260901T031236.570959Z,2026-09-01T16:57:53.550289+00:00,qwen_4b,structured,encounter,buildEncounterSummary,FN_buildEncounterSummary_END,src/encounter/encounter.service.ts,365,439,04a941d1,pipeline,,pipeline,rollback,Function 'buildEncounterSummary' failed irrecoverably; rolled back to the last known-good snapshot.,c515d2813418d62554b3bc57ca018c713d1ec00fedacbda2589c150c8bfeb782,restored,
run-20260901T031236.570959Z,2026-09-01T17:05:49.749657+00:00,qwen_4b,structured,order,validateOrderResult,FN_validateOrderResult_END,src/order/order.service.ts,80,158,556cd6ea,jest,1,jest,unknown,should update order status to IN_PROGRESS and save when PENDING with FINAL result: BadRequestException: Cannot register a FINAL result for a PENDING order. Order must be IN_PROGRESS first,e7c69ae15eee99e9cf6c6115981ce4dd9cd64064ebffcfd5103985bc4316df47,,C:\Users\cdbaz\OneDrive\Documentos\Projetos\usp\tcc\health-microservice-corpus\experiments\logs\errors\run-20260901T031236.570959Z\e7c69ae15eee99e9cf6c6115981ce4dd9cd64064ebffcfd5103985bc4316df47.txt
run-20260901T031236.570959Z,2026-09-01T17:07:56.498978+00:00,qwen_4b,structured,order,cancelOrder,FN_cancelOrder_END,src/order/order.service.ts,160,168,556cd6ea,jest,1,jest,runtime_error,should throw BadRequestException when order is already cancelled: TypeError: Cannot read properties of undefined (reading 'mockResolvedValue'),9b0c6675df9f96e2e76ce095419dce54ca90103470432e1aa0569f57ad284cc5,,C:\Users\cdbaz\OneDrive\Documentos\Projetos\usp\tcc\health-microservice-corpus\experiments\logs\errors\run-20260901T031236.570959Z\9b0c6675df9f96e2e76ce095419dce54ca90103470432e1aa0569f57ad284cc5.txt
run-20260901T031236.570959Z,2026-09-01T17:08:53.102957+00:00,qwen_4b,structured,order,cancelOrder,FN_cancelOrder_END,src/order/order.service.ts,160,168,556cd6ea,jest,2,jest,runtime_error,should throw BadRequestException when order is already cancelled: TypeError: Cannot read properties of undefined (reading 'mockResolvedValue'),56708f9d5541fc58822227c792ade6ff7c65d105b2743a8aa3b9060d894212ae,,C:\Users\cdbaz\OneDrive\Documentos\Projetos\usp\tcc\health-microservice-corpus\experiments\logs\errors\run-20260901T031236.570959Z\56708f9d5541fc58822227c792ade6ff7c65d105b2743a8aa3b9060d894212ae.txt
run-20260901T031236.570959Z,2026-09-01T17:09:50.907197+00:00,qwen_4b,structured,order,cancelOrder,FN_cancelOrder_END,src/order/order.service.ts,160,168,556cd6ea,jest,3,jest,runtime_error,should throw BadRequestException when order is already cancelled: TypeError: Cannot spy on the `orderRepository` property because it is not a function; object given instead.,8a2a29aca787d616c56d06513f0fddcf9b3abdbd86a8081eb6f1a2c3c38af15d,,C:\Users\cdbaz\OneDrive\Documentos\Projetos\usp\tcc\health-microservice-corpus\experiments\logs\errors\run-20260901T031236.570959Z\8a2a29aca787d616c56d06513f0fddcf9b3abdbd86a8081eb6f1a2c3c38af15d.txt
run-20260901T031236.570959Z,2026-09-01T17:12:00.129721+00:00,qwen_4b,structured,order,updateOrder,FN_updateOrder_END,src/order/order.service.ts,170,203,556cd6ea,jest,1,jest,unknown,"C:\Users\cdbaz\OneDrive\Documentos\Projetos\usp\tcc\health-microservice-corpus\corpus\src\order\order.service.ts:3262
      throw new common_1.BadRequestException('Cannot update requestedBy for an order in progress. Only notes can be updated');
            ^

[BadRequestException: Cannot update requestedBy for an order in progress. Only notes can be updated] {
  response: {
    message: 'Cannot update requestedBy for an order in progress. Only notes can be updated',
    error: 'Bad Request',",43a26294b3d5a77a80802cd25d84488f39c6da3098bc822960370e1abcc36098,,C:\Users\cdbaz\OneDrive\Documentos\Projetos\usp\tcc\health-microservice-corpus\experiments\logs\errors\run-20260901T031236.570959Z\43a26294b3d5a77a80802cd25d84488f39c6da3098bc822960370e1abcc36098.txt
run-20260901T031236.570959Z,2026-09-01T17:12:00.129721+00:00,qwen_4b,structured,order,updateOrder,FN_updateOrder_END,src/order/order.service.ts,170,203,556cd6ea,repair,1,repair,unparseable_failure,0 failures parsed from Jest output; whole-file repair is disabled for this attempt.,2ca322236f16007840cf7e8abfbc15162da7933dc8752f1c6a0b9c76d3d03702,,
run-20260901T031236.570959Z,2026-09-01T17:12:03.164754+00:00,qwen_4b,structured,order,updateOrder,FN_updateOrder_END,src/order/order.service.ts,170,203,556cd6ea,jest,2,jest,unknown,"C:\Users\cdbaz\OneDrive\Documentos\Projetos\usp\tcc\health-microservice-corpus\corpus\src\order\order.service.ts:3262
      throw new common_1.BadRequestException('Cannot update requestedBy for an order in progress. Only notes can be updated');
            ^

[BadRequestException: Cannot update requestedBy for an order in progress. Only notes can be updated] {
  response: {
    message: 'Cannot update requestedBy for an order in progress. Only notes can be updated',
    error: 'Bad Request',",43a26294b3d5a77a80802cd25d84488f39c6da3098bc822960370e1abcc36098,,C:\Users\cdbaz\OneDrive\Documentos\Projetos\usp\tcc\health-microservice-corpus\experiments\logs\errors\run-20260901T031236.570959Z\43a26294b3d5a77a80802cd25d84488f39c6da3098bc822960370e1abcc36098.txt
run-20260901T031236.570959Z,2026-09-01T17:12:03.164754+00:00,qwen_4b,structured,order,updateOrder,FN_updateOrder_END,src/order/order.service.ts,170,203,556cd6ea,repair,2,repair,unparseable_failure,0 failures parsed from Jest output; whole-file repair is disabled for this attempt.,2ca322236f16007840cf7e8abfbc15162da7933dc8752f1c6a0b9c76d3d03702,,
run-20260901T031236.570959Z,2026-09-01T17:12:06.229657+00:00,qwen_4b,structured,order,updateOrder,FN_updateOrder_END,src/order/order.service.ts,170,203,556cd6ea,jest,3,jest,unknown,"C:\Users\cdbaz\OneDrive\Documentos\Projetos\usp\tcc\health-microservice-corpus\corpus\src\order\order.service.ts:3262
      throw new common_1.BadRequestException('Cannot update requestedBy for an order in progress. Only notes can be updated');
            ^

[BadRequestException: Cannot update requestedBy for an order in progress. Only notes can be updated] {
  response: {
    message: 'Cannot update requestedBy for an order in progress. Only notes can be updated',
    error: 'Bad Request',",43a26294b3d5a77a80802cd25d84488f39c6da3098bc822960370e1abcc36098,,C:\Users\cdbaz\OneDrive\Documentos\Projetos\usp\tcc\health-microservice-corpus\experiments\logs\errors\run-20260901T031236.570959Z\43a26294b3d5a77a80802cd25d84488f39c6da3098bc822960370e1abcc36098.txt
run-20260901T031236.570959Z,2026-09-01T17:12:06.229657+00:00,qwen_4b,structured,order,updateOrder,FN_updateOrder_END,src/order/order.service.ts,170,203,556cd6ea,repair,3,repair,unparseable_failure,0 failures parsed from Jest output; whole-file repair is disabled for this attempt.,2ca322236f16007840cf7e8abfbc15162da7933dc8752f1c6a0b9c76d3d03702,,
run-20260901T031236.570959Z,2026-09-01T17:12:09.270666+00:00,qwen_4b,structured,order,updateOrder,FN_updateOrder_END,src/order/order.service.ts,170,203,556cd6ea,jest,4,jest,unknown,"C:\Users\cdbaz\OneDrive\Documentos\Projetos\usp\tcc\health-microservice-corpus\corpus\src\order\order.service.ts:3262
      throw new common_1.BadRequestException('Cannot update requestedBy for an order in progress. Only notes can be updated');
            ^

[BadRequestException: Cannot update requestedBy for an order in progress. Only notes can be updated] {
  response: {
    message: 'Cannot update requestedBy for an order in progress. Only notes can be updated',
    error: 'Bad Request',",43a26294b3d5a77a80802cd25d84488f39c6da3098bc822960370e1abcc36098,,C:\Users\cdbaz\OneDrive\Documentos\Projetos\usp\tcc\health-microservice-corpus\experiments\logs\errors\run-20260901T031236.570959Z\43a26294b3d5a77a80802cd25d84488f39c6da3098bc822960370e1abcc36098.txt
run-20260901T031236.570959Z,2026-09-01T17:12:09.270666+00:00,qwen_4b,structured,order,updateOrder,FN_updateOrder_END,src/order/order.service.ts,170,203,556cd6ea,repair,4,repair,unparseable_failure,0 failures parsed from Jest output; whole-file repair is disabled for this attempt.,2ca322236f16007840cf7e8abfbc15162da7933dc8752f1c6a0b9c76d3d03702,,
run-20260901T031236.570959Z,2026-09-01T17:12:12.308485+00:00,qwen_4b,structured,order,updateOrder,FN_updateOrder_END,src/order/order.service.ts,170,203,556cd6ea,jest,5,jest,unknown,"C:\Users\cdbaz\OneDrive\Documentos\Projetos\usp\tcc\health-microservice-corpus\corpus\src\order\order.service.ts:3262
      throw new common_1.BadRequestException('Cannot update requestedBy for an order in progress. Only notes can be updated');
            ^

[BadRequestException: Cannot update requestedBy for an order in progress. Only notes can be updated] {
  response: {
    message: 'Cannot update requestedBy for an order in progress. Only notes can be updated',
    error: 'Bad Request',",43a26294b3d5a77a80802cd25d84488f39c6da3098bc822960370e1abcc36098,,C:\Users\cdbaz\OneDrive\Documentos\Projetos\usp\tcc\health-microservice-corpus\experiments\logs\errors\run-20260901T031236.570959Z\43a26294b3d5a77a80802cd25d84488f39c6da3098bc822960370e1abcc36098.txt
run-20260901T031236.570959Z,2026-09-01T17:12:12.308485+00:00,qwen_4b,structured,order,updateOrder,FN_updateOrder_END,src/order/order.service.ts,170,203,556cd6ea,repair,5,repair,max_repairs_exceeded,Runtime repair exhausted MAX_RUNTIME_REPAIRS=5 attempts,07669857ffb0ce3ee50e620aaa2bdb3e306e87699a96b0b0862427652773b240,,
run-20260901T031236.570959Z,2026-09-01T17:12:12.310735+00:00,qwen_4b,structured,order,updateOrder,FN_updateOrder_END,src/order/order.service.ts,170,203,556cd6ea,pipeline,,pipeline,rollback,Function 'updateOrder' failed irrecoverably; rolled back to the last known-good snapshot.,5f44507b3709043f6535d557de0af5c70a720a02a8aec044830e072d86f9f11e,restored,
run-20260901T031236.570959Z,2026-09-01T17:16:23.100750+00:00,qwen_4b,structured,patient,updatePatient,FN_updatePatient_END,src/patient/patient.service.ts,53,75,0ddb42a2,jest,1,jest,assertion_failure,"should throw ConflictException when email already registered: Error: expect(received).rejects.toThrow(expected)

Expected constructor: ConflictException
Received constructor: NotFoundException

Received message: ""Patient with id 1 not found""

    [0m [90m 16 |[39m     [36mconst[39m patient [33m=[39m [36mawait[39m [36mthis[39m[33m.[39mpatientRepository[33m.[39mfindById(id)[33m;[39m
     [90m 17 |[39m     [36mif[39m ([33m![39mpatient) {
    [31m[1m>[22m[39m[90m 18 |[39",7caff97ee5bb332e1c229e7f21bb11184357e65d33de5f4c43624deaa8d57136,,C:\Users\cdbaz\OneDrive\Documentos\Projetos\usp\tcc\health-microservice-corpus\experiments\logs\errors\run-20260901T031236.570959Z\7caff97ee5bb332e1c229e7f21bb11184357e65d33de5f4c43624deaa8d57136.txt
run-20260901T031236.570959Z,2026-09-01T17:16:23.102479+00:00,qwen_4b,structured,patient,updatePatient,FN_updatePatient_END,src/patient/patient.service.ts,53,75,0ddb42a2,jest,1,jest,unknown,should update patient when email is not taken: NotFoundException: Patient with id 1 not found,7caff97ee5bb332e1c229e7f21bb11184357e65d33de5f4c43624deaa8d57136,,C:\Users\cdbaz\OneDrive\Documentos\Projetos\usp\tcc\health-microservice-corpus\experiments\logs\errors\run-20260901T031236.570959Z\7caff97ee5bb332e1c229e7f21bb11184357e65d33de5f4c43624deaa8d57136.txt
run-20260901T031236.570959Z,2026-09-01T17:16:23.104493+00:00,qwen_4b,structured,patient,updatePatient,FN_updatePatient_END,src/patient/patient.service.ts,53,75,0ddb42a2,jest,1,jest,unknown,should update patient without email change: NotFoundException: Patient with id 1 not found,7caff97ee5bb332e1c229e7f21bb11184357e65d33de5f4c43624deaa8d57136,,C:\Users\cdbaz\OneDrive\Documentos\Projetos\usp\tcc\health-microservice-corpus\experiments\logs\errors\run-20260901T031236.570959Z\7caff97ee5bb332e1c229e7f21bb11184357e65d33de5f4c43624deaa8d57136.txt
run-20260901T031236.570959Z,2026-09-01T17:16:23.104493+00:00,qwen_4b,structured,patient,updatePatient,FN_updatePatient_END,src/patient/patient.service.ts,53,75,0ddb42a2,jest,1,jest,unknown,should update patient with all fields: NotFoundException: Patient with id 1 not found,7caff97ee5bb332e1c229e7f21bb11184357e65d33de5f4c43624deaa8d57136,,C:\Users\cdbaz\OneDrive\Documentos\Projetos\usp\tcc\health-microservice-corpus\experiments\logs\errors\run-20260901T031236.570959Z\7caff97ee5bb332e1c229e7f21bb11184357e65d33de5f4c43624deaa8d57136.txt
run-20260901T031236.570959Z,2026-09-01T17:19:17.836949+00:00,qwen_4b,structured,patient,updatePatient,FN_updatePatient_END,src/patient/patient.service.ts,53,75,0ddb42a2,jest,2,jest,runtime_error,should throw ConflictException when email already registered: ReferenceError: getPatientByIdMock is not defined,82620d75c5199f76c6c9aa9b5944e34117ab9ee709748b5a7ca6f52e08be0643,,C:\Users\cdbaz\OneDrive\Documentos\Projetos\usp\tcc\health-microservice-corpus\experiments\logs\errors\run-20260901T031236.570959Z\82620d75c5199f76c6c9aa9b5944e34117ab9ee709748b5a7ca6f52e08be0643.txt
run-20260901T031236.570959Z,2026-09-01T17:19:17.838970+00:00,qwen_4b,structured,patient,updatePatient,FN_updatePatient_END,src/patient/patient.service.ts,53,75,0ddb42a2,jest,2,jest,runtime_error,should update patient when email is not taken: TypeError: service.getPatientById.mockResolvedValueOnce is not a function,82620d75c5199f76c6c9aa9b5944e34117ab9ee709748b5a7ca6f52e08be0643,,C:\Users\cdbaz\OneDrive\Documentos\Projetos\usp\tcc\health-microservice-corpus\experiments\logs\errors\run-20260901T031236.570959Z\82620d75c5199f76c6c9aa9b5944e34117ab9ee709748b5a7ca6f52e08be0643.txt
run-20260901T031236.570959Z,2026-09-01T17:19:17.838970+00:00,qwen_4b,structured,patient,updatePatient,FN_updatePatient_END,src/patient/patient.service.ts,53,75,0ddb42a2,jest,2,jest,runtime_error,should update patient with all fields: TypeError: service.getPatientById.mockResolvedValueOnce is not a function,82620d75c5199f76c6c9aa9b5944e34117ab9ee709748b5a7ca6f52e08be0643,,C:\Users\cdbaz\OneDrive\Documentos\Projetos\usp\tcc\health-microservice-corpus\experiments\logs\errors\run-20260901T031236.570959Z\82620d75c5199f76c6c9aa9b5944e34117ab9ee709748b5a7ca6f52e08be0643.txt
run-20260901T031236.570959Z,2026-09-01T17:35:27.656164+00:00,qwen_4b,structured,result,buildResultReport,FN_buildResultReport_END,src/result/result.service.ts,53,124,357b6b51,generation,,generation,invalid_output,invalid_block: forbidden pattern or unclosed scopes,d011c74ff2367a4e123c18afca0abb451946d68623a189723a35b50a58e9046f,,C:\Users\cdbaz\OneDrive\Documentos\Projetos\usp\tcc\health-microservice-corpus\experiments\logs\errors\run-20260901T031236.570959Z\d011c74ff2367a4e123c18afca0abb451946d68623a189723a35b50a58e9046f.txt
run-20260901T031236.570959Z,2026-09-01T17:40:46.985795+00:00,falcon_7b,zero_shot,encounter,createEncounter,FN_createEncounter_END,src/encounter/encounter.service.ts,30,63,04a941d1,jest,1,jest,runtime_error,"should throw ConflictException for existing active encounter: Error: expect(received).rejects.toThrow(expected)

Expected constructor: ConflictException
Received constructor: TypeError

Received message: ""Cannot read properties of undefined (reading 'active')""

    [0m [90m 38 |[39m     [36mconst[39m patient [33m=[39m [36mawait[39m [36mthis[39m[33m.[39mpatientService[33m.[39mgetPatientById(dto[33m.[39mpatientId)[33m;[39m
     [90m 39 |[39m
    [31m[1m>[22m[39m[90m 40 |",3bcf5970b0782feac5b2b60943cc2a6a983fca2ef6dafc654977ddd625b53dbe,,C:\Users\cdbaz\OneDrive\Documentos\Projetos\usp\tcc\health-microservice-corpus\experiments\logs\errors\run-20260901T031236.570959Z\3bcf5970b0782feac5b2b60943cc2a6a983fca2ef6dafc654977ddd625b53dbe.txt
run-20260901T031236.570959Z,2026-09-01T17:41:15.582081+00:00,falcon_7b,zero_shot,encounter,createEncounter,FN_createEncounter_END,src/encounter/encounter.service.ts,30,63,04a941d1,jest,2,jest,runtime_error,"should throw ConflictException for existing active encounter: Error: expect(received).rejects.toThrow(expected)

Expected constructor: ConflictException
Received constructor: TypeError

Received message: ""Cannot read properties of undefined (reading 'active')""

    [0m [90m 38 |[39m     [36mconst[39m patient [33m=[39m [36mawait[39m [36mthis[39m[33m.[39mpatientService[33m.[39mgetPatientById(dto[33m.[39mpatientId)[33m;[39m
     [90m 39 |[39m
    [31m[1m>[22m[39m[90m 40 |",65238e89e2d113436c5be78993541afba0758e5b322de0e60eb5dbb524b0cb20,,C:\Users\cdbaz\OneDrive\Documentos\Projetos\usp\tcc\health-microservice-corpus\experiments\logs\errors\run-20260901T031236.570959Z\65238e89e2d113436c5be78993541afba0758e5b322de0e60eb5dbb524b0cb20.txt
run-20260901T031236.570959Z,2026-09-01T17:43:14.812456+00:00,falcon_7b,zero_shot,encounter,listEncountersByPatient,FN_listEncountersByPatient_END,src/encounter/encounter.service.ts,93,99,04a941d1,jest,1,jest,test_discovery_failure,"FAIL src/encounter/encounter.service.spec.ts
  ● Test suite failed to run

    [96msrc/encounter/encounter.service.spec.ts[0m:[93m228[0m:[93m75[0m - [91merror[0m[90m TS1011: [0mAn element access expression should take an argument.

    [7m228[0m     encounterRepositoryMock.findByPatient.mockResolvedValue(new Encounter[] []);
    [7m   [0m [91m                                                                          [0m
    [96msrc/encounter/encounter.service.spec.ts[0m:[93m228",fafac3bd68d5fb3acce62435c6286066f2de1e12389d16cbbd7295bc0355648d,,C:\Users\cdbaz\OneDrive\Documentos\Projetos\usp\tcc\health-microservice-corpus\experiments\logs\errors\run-20260901T031236.570959Z\fafac3bd68d5fb3acce62435c6286066f2de1e12389d16cbbd7295bc0355648d.txt
run-20260901T031236.570959Z,2026-09-01T17:43:14.812456+00:00,falcon_7b,zero_shot,encounter,listEncountersByPatient,FN_listEncountersByPatient_END,src/encounter/encounter.service.ts,93,99,04a941d1,repair,1,repair,unparseable_failure,0 failures parsed from Jest output; whole-file repair is disabled for this attempt.,2ca322236f16007840cf7e8abfbc15162da7933dc8752f1c6a0b9c76d3d03702,,
run-20260901T031236.570959Z,2026-09-01T17:43:17.374863+00:00,falcon_7b,zero_shot,encounter,listEncountersByPatient,FN_listEncountersByPatient_END,src/encounter/encounter.service.ts,93,99,04a941d1,jest,2,jest,test_discovery_failure,"FAIL src/encounter/encounter.service.spec.ts
  ● Test suite failed to run

    [96msrc/encounter/encounter.service.spec.ts[0m:[93m228[0m:[93m75[0m - [91merror[0m[90m TS1011: [0mAn element access expression should take an argument.

    [7m228[0m     encounterRepositoryMock.findByPatient.mockResolvedValue(new Encounter[] []);
    [7m   [0m [91m                                                                          [0m
    [96msrc/encounter/encounter.service.spec.ts[0m:[93m228",d09caa3ced9319c753006a889a4b02e7a6964ffdbf3686cfabf5ff4aa180d301,,C:\Users\cdbaz\OneDrive\Documentos\Projetos\usp\tcc\health-microservice-corpus\experiments\logs\errors\run-20260901T031236.570959Z\d09caa3ced9319c753006a889a4b02e7a6964ffdbf3686cfabf5ff4aa180d301.txt
run-20260901T031236.570959Z,2026-09-01T17:43:17.374863+00:00,falcon_7b,zero_shot,encounter,listEncountersByPatient,FN_listEncountersByPatient_END,src/encounter/encounter.service.ts,93,99,04a941d1,repair,2,repair,unparseable_failure,0 failures parsed from Jest output; whole-file repair is disabled for this attempt.,2ca322236f16007840cf7e8abfbc15162da7933dc8752f1c6a0b9c76d3d03702,,
run-20260901T031236.570959Z,2026-09-01T17:43:19.960614+00:00,falcon_7b,zero_shot,encounter,listEncountersByPatient,FN_listEncountersByPatient_END,src/encounter/encounter.service.ts,93,99,04a941d1,jest,3,jest,test_discovery_failure,"FAIL src/encounter/encounter.service.spec.ts
  ● Test suite failed to run

    [96msrc/encounter/encounter.service.spec.ts[0m:[93m228[0m:[93m75[0m - [91merror[0m[90m TS1011: [0mAn element access expression should take an argument.

    [7m228[0m     encounterRepositoryMock.findByPatient.mockResolvedValue(new Encounter[] []);
    [7m   [0m [91m                                                                          [0m
    [96msrc/encounter/encounter.service.spec.ts[0m:[93m228",f69f446ad5fe9e8892b1cb7c243474b4da8114d7fcbf96c589b58d190b6c8513,,C:\Users\cdbaz\OneDrive\Documentos\Projetos\usp\tcc\health-microservice-corpus\experiments\logs\errors\run-20260901T031236.570959Z\f69f446ad5fe9e8892b1cb7c243474b4da8114d7fcbf96c589b58d190b6c8513.txt
run-20260901T031236.570959Z,2026-09-01T17:43:19.962185+00:00,falcon_7b,zero_shot,encounter,listEncountersByPatient,FN_listEncountersByPatient_END,src/encounter/encounter.service.ts,93,99,04a941d1,repair,3,repair,unparseable_failure,0 failures parsed from Jest output; whole-file repair is disabled for this attempt.,2ca322236f16007840cf7e8abfbc15162da7933dc8752f1c6a0b9c76d3d03702,,
run-20260901T031236.570959Z,2026-09-01T17:43:22.496857+00:00,falcon_7b,zero_shot,encounter,listEncountersByPatient,FN_listEncountersByPatient_END,src/encounter/encounter.service.ts,93,99,04a941d1,jest,4,jest,test_discovery_failure,"FAIL src/encounter/encounter.service.spec.ts
  ● Test suite failed to run

    [96msrc/encounter/encounter.service.spec.ts[0m:[93m228[0m:[93m75[0m - [91merror[0m[90m TS1011: [0mAn element access expression should take an argument.

    [7m228[0m     encounterRepositoryMock.findByPatient.mockResolvedValue(new Encounter[] []);
    [7m   [0m [91m                                                                          [0m
    [96msrc/encounter/encounter.service.spec.ts[0m:[93m228",3a0fa5ebf98cf8ea8819ae4bb63fda41df13c39e7915fb7710b58dfe34842e04,,C:\Users\cdbaz\OneDrive\Documentos\Projetos\usp\tcc\health-microservice-corpus\experiments\logs\errors\run-20260901T031236.570959Z\3a0fa5ebf98cf8ea8819ae4bb63fda41df13c39e7915fb7710b58dfe34842e04.txt
run-20260901T031236.570959Z,2026-09-01T17:43:22.506589+00:00,falcon_7b,zero_shot,encounter,listEncountersByPatient,FN_listEncountersByPatient_END,src/encounter/encounter.service.ts,93,99,04a941d1,repair,4,repair,unparseable_failure,0 failures parsed from Jest output; whole-file repair is disabled for this attempt.,2ca322236f16007840cf7e8abfbc15162da7933dc8752f1c6a0b9c76d3d03702,,
run-20260901T031236.570959Z,2026-09-01T17:43:25.065394+00:00,falcon_7b,zero_shot,encounter,listEncountersByPatient,FN_listEncountersByPatient_END,src/encounter/encounter.service.ts,93,99,04a941d1,jest,5,jest,test_discovery_failure,"FAIL src/encounter/encounter.service.spec.ts
  ● Test suite failed to run

    [96msrc/encounter/encounter.service.spec.ts[0m:[93m228[0m:[93m75[0m - [91merror[0m[90m TS1011: [0mAn element access expression should take an argument.

    [7m228[0m     encounterRepositoryMock.findByPatient.mockResolvedValue(new Encounter[] []);
    [7m   [0m [91m                                                                          [0m
    [96msrc/encounter/encounter.service.spec.ts[0m:[93m228",de9c2f94497d47660b7eb2e252fde11504df0d4c0fd09e0e869e5f456b0df305,,C:\Users\cdbaz\OneDrive\Documentos\Projetos\usp\tcc\health-microservice-corpus\experiments\logs\errors\run-20260901T031236.570959Z\de9c2f94497d47660b7eb2e252fde11504df0d4c0fd09e0e869e5f456b0df305.txt
run-20260901T031236.570959Z,2026-09-01T17:43:25.065394+00:00,falcon_7b,zero_shot,encounter,listEncountersByPatient,FN_listEncountersByPatient_END,src/encounter/encounter.service.ts,93,99,04a941d1,repair,5,repair,max_repairs_exceeded,Runtime repair exhausted MAX_RUNTIME_REPAIRS=5 attempts,07669857ffb0ce3ee50e620aaa2bdb3e306e87699a96b0b0862427652773b240,,
run-20260901T031236.570959Z,2026-09-01T17:43:25.072720+00:00,falcon_7b,zero_shot,encounter,listEncountersByPatient,FN_listEncountersByPatient_END,src/encounter/encounter.service.ts,93,99,04a941d1,pipeline,,pipeline,rollback,Function 'listEncountersByPatient' failed irrecoverably; rolled back to the last known-good snapshot.,81eb4a24d39b293fb98bfc3d77e71020ee884ec754342dbb2d44ee66a1ffc088,restored,
run-20260901T031236.570959Z,2026-09-01T17:47:07.694146+00:00,falcon_7b,zero_shot,encounter,transitionEncounterStatus,FN_transitionEncounterStatus_END,src/encounter/encounter.service.ts,109,197,04a941d1,jest,1,jest,runtime_error,should throw BadRequestException for invalid status transition: TypeError: Cannot read properties of undefined (reading 'mockResolvedValue'),f3cfa8d560a56d17459e9a56492f95e50f57a6fe109eb2aeb9b00cdd71d423aa,,C:\Users\cdbaz\OneDrive\Documentos\Projetos\usp\tcc\health-microservice-corpus\experiments\logs\errors\run-20260901T031236.570959Z\f3cfa8d560a56d17459e9a56492f95e50f57a6fe109eb2aeb9b00cdd71d423aa.txt
run-20260901T031236.570959Z,2026-09-01T17:47:07.695208+00:00,falcon_7b,zero_shot,encounter,transitionEncounterStatus,FN_transitionEncounterStatus_END,src/encounter/encounter.service.ts,109,197,04a941d1,jest,1,jest,runtime_error,should throw BadRequestException for discharge with pending orders: TypeError: Cannot read properties of undefined (reading 'mockResolvedValue'),f3cfa8d560a56d17459e9a56492f95e50f57a6fe109eb2aeb9b00cdd71d423aa,,C:\Users\cdbaz\OneDrive\Documentos\Projetos\usp\tcc\health-microservice-corpus\experiments\logs\errors\run-20260901T031236.570959Z\f3cfa8d560a56d17459e9a56492f95e50f57a6fe109eb2aeb9b00cdd71d423aa.txt
run-20260901T031236.570959Z,2026-09-01T17:47:07.695768+00:00,falcon_7b,zero_shot,encounter,transitionEncounterStatus,FN_transitionEncounterStatus_END,src/encounter/encounter.service.ts,109,197,04a941d1,jest,1,jest,runtime_error,should throw BadRequestException for transfer without ward: TypeError: Cannot read properties of undefined (reading 'mockResolvedValue'),f3cfa8d560a56d17459e9a56492f95e50f57a6fe109eb2aeb9b00cdd71d423aa,,C:\Users\cdbaz\OneDrive\Documentos\Projetos\usp\tcc\health-microservice-corpus\experiments\logs\errors\run-20260901T031236.570959Z\f3cfa8d560a56d17459e9a56492f95e50f57a6fe109eb2aeb9b00cdd71d423aa.txt
run-20260901T031236.570959Z,2026-09-01T17:47:07.697073+00:00,falcon_7b,zero_shot,encounter,transitionEncounterStatus,FN_transitionEncounterStatus_END,src/encounter/encounter.service.ts,109,197,04a941d1,jest,1,jest,runtime_error,should throw BadRequestException for transfer to same ward: TypeError: Cannot read properties of undefined (reading 'mockResolvedValue'),f3cfa8d560a56d17459e9a56492f95e50f57a6fe109eb2aeb9b00cdd71d423aa,,C:\Users\cdbaz\OneDrive\Documentos\Projetos\usp\tcc\health-microservice-corpus\experiments\logs\errors\run-20260901T031236.570959Z\f3cfa8d560a56d17459e9a56492f95e50f57a6fe109eb2aeb9b00cdd71d423aa.txt
run-20260901T031236.570959Z,2026-09-01T17:47:07.697589+00:00,falcon_7b,zero_shot,encounter,transitionEncounterStatus,FN_transitionEncounterStatus_END,src/encounter/encounter.service.ts,109,197,04a941d1,jest,1,jest,runtime_error,should throw BadRequestException for transfer without transferDate: TypeError: Cannot read properties of undefined (reading 'mockResolvedValue'),f3cfa8d560a56d17459e9a56492f95e50f57a6fe109eb2aeb9b00cdd71d423aa,,C:\Users\cdbaz\OneDrive\Documentos\Projetos\usp\tcc\health-microservice-corpus\experiments\logs\errors\run-20260901T031236.570959Z\f3cfa8d560a56d17459e9a56492f95e50f57a6fe109eb2aeb9b00cdd71d423aa.txt
run-20260901T031236.570959Z,2026-09-01T17:47:07.698508+00:00,falcon_7b,zero_shot,encounter,transitionEncounterStatus,FN_transitionEncounterStatus_END,src/encounter/encounter.service.ts,109,197,04a941d1,jest,1,jest,runtime_error,should throw BadRequestException for transferDate before admitDate: TypeError: Cannot read properties of undefined (reading 'mockResolvedValue'),f3cfa8d560a56d17459e9a56492f95e50f57a6fe109eb2aeb9b00cdd71d423aa,,C:\Users\cdbaz\OneDrive\Documentos\Projetos\usp\tcc\health-microservice-corpus\experiments\logs\errors\run-20260901T031236.570959Z\f3cfa8d560a56d17459e9a56492f95e50f57a6fe109eb2aeb9b00cdd71d423aa.txt
run-20260901T031236.570959Z,2026-09-01T17:47:07.699564+00:00,falcon_7b,zero_shot,encounter,transitionEncounterStatus,FN_transitionEncounterStatus_END,src/encounter/encounter.service.ts,109,197,04a941d1,jest,1,jest,runtime_error,should throw BadRequestException for dischargeDate before admitDate: TypeError: Cannot read properties of undefined (reading 'mockResolvedValue'),f3cfa8d560a56d17459e9a56492f95e50f57a6fe109eb2aeb9b00cdd71d423aa,,C:\Users\cdbaz\OneDrive\Documentos\Projetos\usp\tcc\health-microservice-corpus\experiments\logs\errors\run-20260901T031236.570959Z\f3cfa8d560a56d17459e9a56492f95e50f57a6fe109eb2aeb9b00cdd71d423aa.txt
run-20260901T031236.570959Z,2026-09-01T17:47:07.700112+00:00,falcon_7b,zero_shot,encounter,transitionEncounterStatus,FN_transitionEncounterStatus_END,src/encounter/encounter.service.ts,109,197,04a941d1,jest,1,jest,runtime_error,should throw BadRequestException for dischargeDate before transferDate: TypeError: Cannot read properties of undefined (reading 'mockResolvedValue'),f3cfa8d560a56d17459e9a56492f95e50f57a6fe109eb2aeb9b00cdd71d423aa,,C:\Users\cdbaz\OneDrive\Documentos\Projetos\usp\tcc\health-microservice-corpus\experiments\logs\errors\run-20260901T031236.570959Z\f3cfa8d560a56d17459e9a56492f95e50f57a6fe109eb2aeb9b00cdd71d423aa.txt
run-20260901T031236.570959Z,2026-09-01T17:47:07.700640+00:00,falcon_7b,zero_shot,encounter,transitionEncounterStatus,FN_transitionEncounterStatus_END,src/encounter/encounter.service.ts,109,197,04a941d1,jest,1,jest,runtime_error,should throw BadRequestException for ADT A08 encounters: TypeError: Cannot read properties of undefined (reading 'mockResolvedValue'),f3cfa8d560a56d17459e9a56492f95e50f57a6fe109eb2aeb9b00cdd71d423aa,,C:\Users\cdbaz\OneDrive\Documentos\Projetos\usp\tcc\health-microservice-corpus\experiments\logs\errors\run-20260901T031236.570959Z\f3cfa8d560a56d17459e9a56492f95e50f57a6fe109eb2aeb9b00cdd71d423aa.txt
run-20260901T031236.570959Z,2026-09-01T17:50:27.114099+00:00,falcon_7b,zero_shot,encounter,transitionEncounterStatus,FN_transitionEncounterStatus_END,src/encounter/encounter.service.ts,109,197,04a941d1,jest,2,jest,test_discovery_failure,"FAIL src/encounter/encounter.service.spec.ts
  ● Test suite failed to run

    [96msrc/encounter/encounter.service.spec.ts[0m:[93m399[0m:[93m5[0m - [91merror[0m[90m TS1435: [0mUnknown keyword or identifier. Did you mean 'this'?

    [7m399[0m     This corrected test block ensures that the `transitionEncounterStatus` function is called with the correct inputs and checks for the expected error. It uses `expect(result).toBeUndefined()` to verify that the function throws a `BadRequestExc",02d432706e5e697ab42d215a191a964051078e5c4d679c3ac898c2d97ece9ca8,,C:\Users\cdbaz\OneDrive\Documentos\Projetos\usp\tcc\health-microservice-corpus\experiments\logs\errors\run-20260901T031236.570959Z\02d432706e5e697ab42d215a191a964051078e5c4d679c3ac898c2d97ece9ca8.txt
run-20260901T031236.570959Z,2026-09-01T17:50:27.114099+00:00,falcon_7b,zero_shot,encounter,transitionEncounterStatus,FN_transitionEncounterStatus_END,src/encounter/encounter.service.ts,109,197,04a941d1,repair,2,repair,unparseable_failure,0 failures parsed from Jest output; whole-file repair is disabled for this attempt.,2ca322236f16007840cf7e8abfbc15162da7933dc8752f1c6a0b9c76d3d03702,,
run-20260901T031236.570959Z,2026-09-01T17:50:29.655420+00:00,falcon_7b,zero_shot,encounter,transitionEncounterStatus,FN_transitionEncounterStatus_END,src/encounter/encounter.service.ts,109,197,04a941d1,jest,3,jest,test_discovery_failure,"FAIL src/encounter/encounter.service.spec.ts
  ● Test suite failed to run

    [96msrc/encounter/encounter.service.spec.ts[0m:[93m399[0m:[93m5[0m - [91merror[0m[90m TS1435: [0mUnknown keyword or identifier. Did you mean 'this'?

    [7m399[0m     This corrected test block ensures that the `transitionEncounterStatus` function is called with the correct inputs and checks for the expected error. It uses `expect(result).toBeUndefined()` to verify that the function throws a `BadRequestExc",38e19c126797f8c6ec50190a8954846abf00b145a5ed5000304e2ffb46af2131,,C:\Users\cdbaz\OneDrive\Documentos\Projetos\usp\tcc\health-microservice-corpus\experiments\logs\errors\run-20260901T031236.570959Z\38e19c126797f8c6ec50190a8954846abf00b145a5ed5000304e2ffb46af2131.txt
run-20260901T031236.570959Z,2026-09-01T17:50:29.655420+00:00,falcon_7b,zero_shot,encounter,transitionEncounterStatus,FN_transitionEncounterStatus_END,src/encounter/encounter.service.ts,109,197,04a941d1,repair,3,repair,unparseable_failure,0 failures parsed from Jest output; whole-file repair is disabled for this attempt.,2ca322236f16007840cf7e8abfbc15162da7933dc8752f1c6a0b9c76d3d03702,,
run-20260901T031236.570959Z,2026-09-01T17:50:32.217643+00:00,falcon_7b,zero_shot,encounter,transitionEncounterStatus,FN_transitionEncounterStatus_END,src/encounter/encounter.service.ts,109,197,04a941d1,jest,4,jest,test_discovery_failure,"FAIL src/encounter/encounter.service.spec.ts
  ● Test suite failed to run

    [96msrc/encounter/encounter.service.spec.ts[0m:[93m399[0m:[93m5[0m - [91merror[0m[90m TS1435: [0mUnknown keyword or identifier. Did you mean 'this'?

    [7m399[0m     This corrected test block ensures that the `transitionEncounterStatus` function is called with the correct inputs and checks for the expected error. It uses `expect(result).toBeUndefined()` to verify that the function throws a `BadRequestExc",dbd8d43fec2b981644536d301bae4dea48046ce922c6a6dc3e2958aaa5bb24d3,,C:\Users\cdbaz\OneDrive\Documentos\Projetos\usp\tcc\health-microservice-corpus\experiments\logs\errors\run-20260901T031236.570959Z\dbd8d43fec2b981644536d301bae4dea48046ce922c6a6dc3e2958aaa5bb24d3.txt
run-20260901T031236.570959Z,2026-09-01T17:50:32.217643+00:00,falcon_7b,zero_shot,encounter,transitionEncounterStatus,FN_transitionEncounterStatus_END,src/encounter/encounter.service.ts,109,197,04a941d1,repair,4,repair,unparseable_failure,0 failures parsed from Jest output; whole-file repair is disabled for this attempt.,2ca322236f16007840cf7e8abfbc15162da7933dc8752f1c6a0b9c76d3d03702,,
run-20260901T031236.570959Z,2026-09-01T17:50:34.771725+00:00,falcon_7b,zero_shot,encounter,transitionEncounterStatus,FN_transitionEncounterStatus_END,src/encounter/encounter.service.ts,109,197,04a941d1,jest,5,jest,test_discovery_failure,"FAIL src/encounter/encounter.service.spec.ts
  ● Test suite failed to run

    [96msrc/encounter/encounter.service.spec.ts[0m:[93m399[0m:[93m5[0m - [91merror[0m[90m TS1435: [0mUnknown keyword or identifier. Did you mean 'this'?

    [7m399[0m     This corrected test block ensures that the `transitionEncounterStatus` function is called with the correct inputs and checks for the expected error. It uses `expect(result).toBeUndefined()` to verify that the function throws a `BadRequestExc",0b098352b803641046860d24664d52f1ca44c28814049eff78f8e695bd404740,,C:\Users\cdbaz\OneDrive\Documentos\Projetos\usp\tcc\health-microservice-corpus\experiments\logs\errors\run-20260901T031236.570959Z\0b098352b803641046860d24664d52f1ca44c28814049eff78f8e695bd404740.txt
run-20260901T031236.570959Z,2026-09-01T17:50:34.771725+00:00,falcon_7b,zero_shot,encounter,transitionEncounterStatus,FN_transitionEncounterStatus_END,src/encounter/encounter.service.ts,109,197,04a941d1,repair,5,repair,max_repairs_exceeded,Runtime repair exhausted MAX_RUNTIME_REPAIRS=5 attempts,07669857ffb0ce3ee50e620aaa2bdb3e306e87699a96b0b0862427652773b240,,
run-20260901T031236.570959Z,2026-09-01T17:50:34.771725+00:00,falcon_7b,zero_shot,encounter,transitionEncounterStatus,FN_transitionEncounterStatus_END,src/encounter/encounter.service.ts,109,197,04a941d1,pipeline,,pipeline,rollback,Function 'transitionEncounterStatus' failed irrecoverably; rolled back to the last known-good snapshot.,957ec87b20a1d3dd52bb4677945ab3dc904219c45edf06c5373b0bcb29c066d0,restored,
run-20260901T031236.570959Z,2026-09-01T17:54:01.708228+00:00,falcon_7b,zero_shot,encounter,processAdtMessage,FN_processAdtMessage_END,src/encounter/encounter.service.ts,199,317,04a941d1,jest,1,jest,runtime_error,should handle A01 message: TypeError: Cannot read properties of undefined (reading 'id'),075b931f5a90d0c974d1a1dd694a1e4be49d524be6a92c48ea97c9253fa7f063,,C:\Users\cdbaz\OneDrive\Documentos\Projetos\usp\tcc\health-microservice-corpus\experiments\logs\errors\run-20260901T031236.570959Z\075b931f5a90d0c974d1a1dd694a1e4be49d524be6a92c48ea97c9253fa7f063.txt
run-20260901T031236.570959Z,2026-09-01T17:54:01.710040+00:00,falcon_7b,zero_shot,encounter,processAdtMessage,FN_processAdtMessage_END,src/encounter/encounter.service.ts,199,317,04a941d1,jest,1,jest,runtime_error,should handle A02 message: TypeError: Cannot read properties of undefined (reading 'mockResolvedValue'),075b931f5a90d0c974d1a1dd694a1e4be49d524be6a92c48ea97c9253fa7f063,,C:\Users\cdbaz\OneDrive\Documentos\Projetos\usp\tcc\health-microservice-corpus\experiments\logs\errors\run-20260901T031236.570959Z\075b931f5a90d0c974d1a1dd694a1e4be49d524be6a92c48ea97c9253fa7f063.txt
run-20260901T031236.570959Z,2026-09-01T17:54:01.710040+00:00,falcon_7b,zero_shot,encounter,processAdtMessage,FN_processAdtMessage_END,src/encounter/encounter.service.ts,199,317,04a941d1,jest,1,jest,runtime_error,should handle A03 message: TypeError: Cannot read properties of undefined (reading 'mockResolvedValue'),075b931f5a90d0c974d1a1dd694a1e4be49d524be6a92c48ea97c9253fa7f063,,C:\Users\cdbaz\OneDrive\Documentos\Projetos\usp\tcc\health-microservice-corpus\experiments\logs\errors\run-20260901T031236.570959Z\075b931f5a90d0c974d1a1dd694a1e4be49d524be6a92c48ea97c9253fa7f063.txt
run-20260901T031236.570959Z,2026-09-01T17:54:01.710040+00:00,falcon_7b,zero_shot,encounter,processAdtMessage,FN_processAdtMessage_END,src/encounter/encounter.service.ts,199,317,04a941d1,jest,1,jest,runtime_error,should handle A08 message: TypeError: Cannot read properties of undefined (reading 'id'),075b931f5a90d0c974d1a1dd694a1e4be49d524be6a92c48ea97c9253fa7f063,,C:\Users\cdbaz\OneDrive\Documentos\Projetos\usp\tcc\health-microservice-corpus\experiments\logs\errors\run-20260901T031236.570959Z\075b931f5a90d0c974d1a1dd694a1e4be49d524be6a92c48ea97c9253fa7f063.txt
run-20260901T031236.570959Z,2026-09-01T17:57:09.083304+00:00,falcon_7b,zero_shot,encounter,processAdtMessage,FN_processAdtMessage_END,src/encounter/encounter.service.ts,199,317,04a941d1,jest,2,jest,test_discovery_failure,"FAIL src/encounter/encounter.service.spec.ts
  ● Test suite failed to run

    [96msrc/encounter/encounter.service.spec.ts[0m:[93m365[0m:[93m5[0m - [91merror[0m[90m TS1109: [0mExpression expected.

    [7m365[0m     **Explanation:**
    [7m   [0m [91m    ~~[0m
    [96msrc/encounter/encounter.service.spec.ts[0m:[93m365[0m:[93m18[0m - [91merror[0m[90m TS1005: [0m';' expected.

    [7m365[0m     **Explanation:**
    [7m   [0m [91m                 ~[0m
    [96msrc/en",21788fc986da860ff8984520342413215c9d525a04fe8a1a0374faa93aae9b6c,,C:\Users\cdbaz\OneDrive\Documentos\Projetos\usp\tcc\health-microservice-corpus\experiments\logs\errors\run-20260901T031236.570959Z\21788fc986da860ff8984520342413215c9d525a04fe8a1a0374faa93aae9b6c.txt
run-20260901T031236.570959Z,2026-09-01T17:57:09.083304+00:00,falcon_7b,zero_shot,encounter,processAdtMessage,FN_processAdtMessage_END,src/encounter/encounter.service.ts,199,317,04a941d1,repair,2,repair,unparseable_failure,0 failures parsed from Jest output; whole-file repair is disabled for this attempt.,2ca322236f16007840cf7e8abfbc15162da7933dc8752f1c6a0b9c76d3d03702,,
run-20260901T031236.570959Z,2026-09-01T17:57:11.685805+00:00,falcon_7b,zero_shot,encounter,processAdtMessage,FN_processAdtMessage_END,src/encounter/encounter.service.ts,199,317,04a941d1,jest,3,jest,test_discovery_failure,"FAIL src/encounter/encounter.service.spec.ts
  ● Test suite failed to run

    [96msrc/encounter/encounter.service.spec.ts[0m:[93m365[0m:[93m5[0m - [91merror[0m[90m TS1109: [0mExpression expected.

    [7m365[0m     **Explanation:**
    [7m   [0m [91m    ~~[0m
    [96msrc/encounter/encounter.service.spec.ts[0m:[93m365[0m:[93m18[0m - [91merror[0m[90m TS1005: [0m';' expected.

    [7m365[0m     **Explanation:**
    [7m   [0m [91m                 ~[0m
    [96msrc/en",a33cf4ba615281d4df89b83f2bcb545ece7b444fc2819d2bf6c0847e0b8a0100,,C:\Users\cdbaz\OneDrive\Documentos\Projetos\usp\tcc\health-microservice-corpus\experiments\logs\errors\run-20260901T031236.570959Z\a33cf4ba615281d4df89b83f2bcb545ece7b444fc2819d2bf6c0847e0b8a0100.txt
run-20260901T031236.570959Z,2026-09-01T17:57:11.687021+00:00,falcon_7b,zero_shot,encounter,processAdtMessage,FN_processAdtMessage_END,src/encounter/encounter.service.ts,199,317,04a941d1,repair,3,repair,unparseable_failure,0 failures parsed from Jest output; whole-file repair is disabled for this attempt.,2ca322236f16007840cf7e8abfbc15162da7933dc8752f1c6a0b9c76d3d03702,,
run-20260901T031236.570959Z,2026-09-01T17:57:14.307233+00:00,falcon_7b,zero_shot,encounter,processAdtMessage,FN_processAdtMessage_END,src/encounter/encounter.service.ts,199,317,04a941d1,jest,4,jest,test_discovery_failure,"FAIL src/encounter/encounter.service.spec.ts
  ● Test suite failed to run

    [96msrc/encounter/encounter.service.spec.ts[0m:[93m365[0m:[93m5[0m - [91merror[0m[90m TS1109: [0mExpression expected.

    [7m365[0m     **Explanation:**
    [7m   [0m [91m    ~~[0m
    [96msrc/encounter/encounter.service.spec.ts[0m:[93m365[0m:[93m18[0m - [91merror[0m[90m TS1005: [0m';' expected.

    [7m365[0m     **Explanation:**
    [7m   [0m [91m                 ~[0m
    [96msrc/en",ce7cef5933307e848fbb15aeeaa075915de74ebbef5e598f2f2a997f2df9ab78,,C:\Users\cdbaz\OneDrive\Documentos\Projetos\usp\tcc\health-microservice-corpus\experiments\logs\errors\run-20260901T031236.570959Z\ce7cef5933307e848fbb15aeeaa075915de74ebbef5e598f2f2a997f2df9ab78.txt
run-20260901T031236.570959Z,2026-09-01T17:57:14.312336+00:00,falcon_7b,zero_shot,encounter,processAdtMessage,FN_processAdtMessage_END,src/encounter/encounter.service.ts,199,317,04a941d1,repair,4,repair,unparseable_failure,0 failures parsed from Jest output; whole-file repair is disabled for this attempt.,2ca322236f16007840cf7e8abfbc15162da7933dc8752f1c6a0b9c76d3d03702,,
run-20260901T031236.570959Z,2026-09-01T17:57:16.925761+00:00,falcon_7b,zero_shot,encounter,processAdtMessage,FN_processAdtMessage_END,src/encounter/encounter.service.ts,199,317,04a941d1,jest,5,jest,test_discovery_failure,"FAIL src/encounter/encounter.service.spec.ts
  ● Test suite failed to run

    [96msrc/encounter/encounter.service.spec.ts[0m:[93m365[0m:[93m5[0m - [91merror[0m[90m TS1109: [0mExpression expected.

    [7m365[0m     **Explanation:**
    [7m   [0m [91m    ~~[0m
    [96msrc/encounter/encounter.service.spec.ts[0m:[93m365[0m:[93m18[0m - [91merror[0m[90m TS1005: [0m';' expected.

    [7m365[0m     **Explanation:**
    [7m   [0m [91m                 ~[0m
    [96msrc/en",1daceb5edd269adbd30b20e96fa8425f28ef552b56902481612dd92f7837a2b3,,C:\Users\cdbaz\OneDrive\Documentos\Projetos\usp\tcc\health-microservice-corpus\experiments\logs\errors\run-20260901T031236.570959Z\1daceb5edd269adbd30b20e96fa8425f28ef552b56902481612dd92f7837a2b3.txt
run-20260901T031236.570959Z,2026-09-01T17:57:16.930746+00:00,falcon_7b,zero_shot,encounter,processAdtMessage,FN_processAdtMessage_END,src/encounter/encounter.service.ts,199,317,04a941d1,repair,5,repair,max_repairs_exceeded,Runtime repair exhausted MAX_RUNTIME_REPAIRS=5 attempts,07669857ffb0ce3ee50e620aaa2bdb3e306e87699a96b0b0862427652773b240,,
run-20260901T031236.570959Z,2026-09-01T17:57:16.932920+00:00,falcon_7b,zero_shot,encounter,processAdtMessage,FN_processAdtMessage_END,src/encounter/encounter.service.ts,199,317,04a941d1,pipeline,,pipeline,rollback,Function 'processAdtMessage' failed irrecoverably; rolled back to the last known-good snapshot.,83d22eb5bd5566576cae520c8f8658b9f0b5f790ca0a667dbe6dcf0c66e027a4,restored,
run-20260901T031236.570959Z,2026-09-01T17:58:50.316098+00:00,falcon_7b,zero_shot,encounter,updateEncounter,FN_updateEncounter_END,src/encounter/encounter.service.ts,319,363,04a941d1,jest,1,jest,unknown,"should throw BadRequestException if admitDate is future date: Error: expect(received).rejects.toThrow()

Received promise resolved instead of rejected
Resolved to value: undefined",4560fd67ce6b8e3ec190fa6e8869f4ee8c93492e31943f688e64e1e267755534,,C:\Users\cdbaz\OneDrive\Documentos\Projetos\usp\tcc\health-microservice-corpus\experiments\logs\errors\run-20260901T031236.570959Z\4560fd67ce6b8e3ec190fa6e8869f4ee8c93492e31943f688e64e1e267755534.txt
run-20260901T031236.570959Z,2026-09-01T18:03:38.252082+00:00,falcon_7b,zero_shot,encounter,buildEncounterSummary,FN_buildEncounterSummary_END,src/encounter/encounter.service.ts,365,439,04a941d1,jest,1,jest,unknown,"should buildEncounterSummary with valid inputs: Error: expect(received).toEqual(expected) // deep equality

- Expected  - 4
+ Received  + 4

@@ -1,7 +1,7 @@
  Object {
-   ""activeDays"": 1,
+   ""activeDays"": 1339,
    ""encounter"": Object {
      ""admitDate"": 2023-01-01T00:00:00.000Z,
      ""id"": ""123"",
      ""orders"": Array [
        Object {
@@ -16,11 +16,11 @@
          ""status"": ""PENDING"",
        },
      ],
      ""patientId"": ""patientId"",
    },
-   ""hasAbnormalResults"": true,
+   ""hasAbnorm",c681d689512dece969109469542d2b644731a8cadeb44192ae15ddf11d40c818,,C:\Users\cdbaz\OneDrive\Documentos\Projetos\usp\tcc\health-microservice-corpus\experiments\logs\errors\run-20260901T031236.570959Z\c681d689512dece969109469542d2b644731a8cadeb44192ae15ddf11d40c818.txt
run-20260901T031236.570959Z,2026-09-01T18:03:38.253418+00:00,falcon_7b,zero_shot,encounter,buildEncounterSummary,FN_buildEncounterSummary_END,src/encounter/encounter.service.ts,365,439,04a941d1,jest,1,jest,unknown,"should handle null referenceMin and referenceMax: Error: expect(received).toEqual(expected) // deep equality

- Expected  - 2
+ Received  + 2

@@ -1,7 +1,7 @@
  Object {
-   ""activeDays"": 1,
+   ""activeDays"": 1339,
    ""encounter"": Object {
      ""admitDate"": 2023-01-01T00:00:00.000Z,
      ""id"": ""123"",
      ""orders"": Array [
        Object {
@@ -34,7 +34,7 @@
    ""results"": Object {
      ""abnormal"": 0,
      ""preliminary"": 1,
      ""total"": 1,
    },
-   ""riskFlag"": ""LOW"",
+   ""riskFlag"": ""ME",c681d689512dece969109469542d2b644731a8cadeb44192ae15ddf11d40c818,,C:\Users\cdbaz\OneDrive\Documentos\Projetos\usp\tcc\health-microservice-corpus\experiments\logs\errors\run-20260901T031236.570959Z\c681d689512dece969109469542d2b644731a8cadeb44192ae15ddf11d40c818.txt
run-20260901T031236.570959Z,2026-09-01T18:03:38.254890+00:00,falcon_7b,zero_shot,encounter,buildEncounterSummary,FN_buildEncounterSummary_END,src/encounter/encounter.service.ts,365,439,04a941d1,jest,1,jest,unknown,"should handle no orders: Error: expect(received).toEqual(expected) // deep equality

- Expected  - 2
+ Received  + 2

@@ -1,7 +1,7 @@
  Object {
-   ""activeDays"": 1,
+   ""activeDays"": 1339,
    ""encounter"": Object {
      ""admitDate"": 2023-01-01T00:00:00.000Z,
      ""id"": ""123"",
      ""orders"": Array [],
      ""patientId"": ""patientId"",
@@ -22,7 +22,7 @@
    ""results"": Object {
      ""abnormal"": 0,
      ""preliminary"": 0,
      ""total"": 0,
    },
-   ""riskFlag"": ""LOW"",
+   ""riskFlag"": ""MEDIUM"",
 ",c681d689512dece969109469542d2b644731a8cadeb44192ae15ddf11d40c818,,C:\Users\cdbaz\OneDrive\Documentos\Projetos\usp\tcc\health-microservice-corpus\experiments\logs\errors\run-20260901T031236.570959Z\c681d689512dece969109469542d2b644731a8cadeb44192ae15ddf11d40c818.txt
run-20260901T031236.570959Z,2026-09-01T18:03:38.255819+00:00,falcon_7b,zero_shot,encounter,buildEncounterSummary,FN_buildEncounterSummary_END,src/encounter/encounter.service.ts,365,439,04a941d1,jest,1,jest,unknown,"should handle no results: Error: expect(received).toEqual(expected) // deep equality

- Expected  - 2
+ Received  + 2

@@ -1,7 +1,7 @@
  Object {
-   ""activeDays"": 1,
+   ""activeDays"": 1339,
    ""encounter"": Object {
      ""admitDate"": 2023-01-01T00:00:00.000Z,
      ""id"": ""123"",
      ""orders"": Array [
        Object {
@@ -27,7 +27,7 @@
    ""results"": Object {
      ""abnormal"": 0,
      ""preliminary"": 0,
      ""total"": 0,
    },
-   ""riskFlag"": ""LOW"",
+   ""riskFlag"": ""MEDIUM"",
  }",c681d689512dece969109469542d2b644731a8cadeb44192ae15ddf11d40c818,,C:\Users\cdbaz\OneDrive\Documentos\Projetos\usp\tcc\health-microservice-corpus\experiments\logs\errors\run-20260901T031236.570959Z\c681d689512dece969109469542d2b644731a8cadeb44192ae15ddf11d40c818.txt
run-20260901T031236.570959Z,2026-09-01T18:03:38.256157+00:00,falcon_7b,zero_shot,encounter,buildEncounterSummary,FN_buildEncounterSummary_END,src/encounter/encounter.service.ts,365,439,04a941d1,jest,1,jest,unknown,"should handle no abnormal results: Error: expect(received).toEqual(expected) // deep equality

- Expected  - 2
+ Received  + 2

@@ -1,7 +1,7 @@
  Object {
-   ""activeDays"": 1,
+   ""activeDays"": 1339,
    ""encounter"": Object {
      ""admitDate"": 2023-01-01T00:00:00.000Z,
      ""id"": ""123"",
      ""orders"": Array [
        Object {
@@ -34,7 +34,7 @@
    ""results"": Object {
      ""abnormal"": 0,
      ""preliminary"": 1,
      ""total"": 1,
    },
-   ""riskFlag"": ""LOW"",
+   ""riskFlag"": ""MEDIUM"",
  }",c681d689512dece969109469542d2b644731a8cadeb44192ae15ddf11d40c818,,C:\Users\cdbaz\OneDrive\Documentos\Projetos\usp\tcc\health-microservice-corpus\experiments\logs\errors\run-20260901T031236.570959Z\c681d689512dece969109469542d2b644731a8cadeb44192ae15ddf11d40c818.txt
run-20260901T031236.570959Z,2026-09-01T18:03:38.258307+00:00,falcon_7b,zero_shot,encounter,buildEncounterSummary,FN_buildEncounterSummary_END,src/encounter/encounter.service.ts,365,439,04a941d1,jest,1,jest,unknown,"should handle active days less than 7: Error: expect(received).toEqual(expected) // deep equality

- Expected  - 3
+ Received  + 3

@@ -1,7 +1,7 @@
  Object {
-   ""activeDays"": 6,
+   ""activeDays"": 1339,
    ""encounter"": Object {
      ""admitDate"": 2023-01-01T00:00:00.000Z,
      ""id"": ""123"",
      ""orders"": Array [
        Object {
@@ -16,11 +16,11 @@
          ""status"": ""PENDING"",
        },
      ],
      ""patientId"": ""patientId"",
    },
-   ""hasAbnormalResults"": true,
+   ""hasAbnormalResults",c681d689512dece969109469542d2b644731a8cadeb44192ae15ddf11d40c818,,C:\Users\cdbaz\OneDrive\Documentos\Projetos\usp\tcc\health-microservice-corpus\experiments\logs\errors\run-20260901T031236.570959Z\c681d689512dece969109469542d2b644731a8cadeb44192ae15ddf11d40c818.txt
run-20260901T031236.570959Z,2026-09-01T18:07:50.572554+00:00,falcon_7b,zero_shot,encounter,buildEncounterSummary,FN_buildEncounterSummary_END,src/encounter/encounter.service.ts,365,439,04a941d1,jest,2,jest,unknown,"should buildEncounterSummary with valid inputs: Error: expect(received).toEqual(expected) // deep equality

- Expected  - 1
+ Received  + 1

@@ -34,7 +34,7 @@
    ""results"": Object {
      ""abnormal"": 0,
      ""preliminary"": 1,
      ""total"": 1,
    },
-   ""riskFlag"": ""LOW"",
+   ""riskFlag"": ""MEDIUM"",
  }",047535d2e935e1accaad4b783b2d8b62cde79790772216298f3f6d739536b95e,,C:\Users\cdbaz\OneDrive\Documentos\Projetos\usp\tcc\health-microservice-corpus\experiments\logs\errors\run-20260901T031236.570959Z\047535d2e935e1accaad4b783b2d8b62cde79790772216298f3f6d739536b95e.txt
run-20260901T031236.570959Z,2026-09-01T18:07:50.583355+00:00,falcon_7b,zero_shot,encounter,buildEncounterSummary,FN_buildEncounterSummary_END,src/encounter/encounter.service.ts,365,439,04a941d1,jest,2,jest,unknown,"should handle no abnormal results: Error: expect(received).toEqual(expected) // deep equality

- Expected  - 2
+ Received  + 2

@@ -1,7 +1,7 @@
  Object {
-   ""activeDays"": 1,
+   ""activeDays"": 1339,
    ""encounter"": Object {
      ""admitDate"": 2023-01-01T00:00:00.000Z,
      ""id"": ""123"",
      ""orders"": Array [
        Object {
@@ -34,7 +34,7 @@
    ""results"": Object {
      ""abnormal"": 0,
      ""preliminary"": 1,
      ""total"": 1,
    },
-   ""riskFlag"": ""LOW"",
+   ""riskFlag"": ""MEDIUM"",
  }",047535d2e935e1accaad4b783b2d8b62cde79790772216298f3f6d739536b95e,,C:\Users\cdbaz\OneDrive\Documentos\Projetos\usp\tcc\health-microservice-corpus\experiments\logs\errors\run-20260901T031236.570959Z\047535d2e935e1accaad4b783b2d8b62cde79790772216298f3f6d739536b95e.txt
run-20260901T031236.570959Z,2026-09-01T18:07:50.583355+00:00,falcon_7b,zero_shot,encounter,buildEncounterSummary,FN_buildEncounterSummary_END,src/encounter/encounter.service.ts,365,439,04a941d1,jest,2,jest,unknown,"should handle active days less than 7: Error: expect(received).toEqual(expected) // deep equality

- Expected  - 2
+ Received  + 2

@@ -1,7 +1,7 @@
  Object {
-   ""activeDays"": 6,
+   ""activeDays"": 1339,
    ""encounter"": Object {
      ""admitDate"": 2023-01-01T00:00:00.000Z,
      ""id"": ""123"",
      ""orders"": Array [
        Object {
@@ -34,7 +34,7 @@
    ""results"": Object {
      ""abnormal"": 0,
      ""preliminary"": 1,
      ""total"": 1,
    },
-   ""riskFlag"": ""LOW"",
+   ""riskFlag"": ""MEDIUM"",
  }",047535d2e935e1accaad4b783b2d8b62cde79790772216298f3f6d739536b95e,,C:\Users\cdbaz\OneDrive\Documentos\Projetos\usp\tcc\health-microservice-corpus\experiments\logs\errors\run-20260901T031236.570959Z\047535d2e935e1accaad4b783b2d8b62cde79790772216298f3f6d739536b95e.txt
run-20260901T031236.570959Z,2026-09-01T18:13:33.256236+00:00,falcon_7b,zero_shot,order,createOrder,FN_createOrder_END,src/order/order.service.ts,34,70,556cd6ea,jest,1,jest,unknown,"should create a new order: Error: expect(received).toEqual(expected) // deep equality

- Expected  - 2
+ Received  + 2

@@ -1,7 +1,7 @@
  Object {
-   ""created_at"": 2026-09-01T18:13:33.137Z,
+   ""created_at"": 2026-09-01T18:13:33.136Z,
    ""encounter"": Object {
      ""admitDate"": 2023-01-01T00:00:00.000Z,
      ""status"": ""ADMITTED"",
    },
    ""encounterId"": ""encounterId"",
@@ -10,7 +10,7 @@
    ""notes"": ""notes"",
    ""requestedAt"": 2023-01-02T00:00:00.000Z,
    ""requestedBy"": ""requestedBy"",
    ""r",c86f2bd446ed51872d94ce172cecf769462d5c9776963b9744a0d6d568ec6bce,,C:\Users\cdbaz\OneDrive\Documentos\Projetos\usp\tcc\health-microservice-corpus\experiments\logs\errors\run-20260901T031236.570959Z\c86f2bd446ed51872d94ce172cecf769462d5c9776963b9744a0d6d568ec6bce.txt
run-20260901T031236.570959Z,2026-09-01T18:14:47.136747+00:00,falcon_7b,zero_shot,order,createOrder,FN_createOrder_END,src/order/order.service.ts,34,70,556cd6ea,jest,2,jest,unknown,"should create a new order: Error: expect(received).toEqual(expected) // deep equality

- Expected  - 2
+ Received  + 2

@@ -1,7 +1,7 @@
  Object {
-   ""created_at"": 2026-09-01T18:14:47.010Z,
+   ""created_at"": 2026-09-01T18:14:47.009Z,
    ""encounter"": Object {
      ""admitDate"": 2023-01-01T00:00:00.000Z,
      ""status"": ""ADMITTED"",
    },
    ""encounterId"": ""encounterId"",
@@ -10,7 +10,7 @@
    ""notes"": ""notes"",
    ""requestedAt"": 2023-01-02T00:00:00.000Z,
    ""requestedBy"": ""requestedBy"",
    ""r",0c08bdb9d8cf2d7929b934c54faaf35a57aeb1ce67fa06cf16e1de0f82457c26,,C:\Users\cdbaz\OneDrive\Documentos\Projetos\usp\tcc\health-microservice-corpus\experiments\logs\errors\run-20260901T031236.570959Z\0c08bdb9d8cf2d7929b934c54faaf35a57aeb1ce67fa06cf16e1de0f82457c26.txt
run-20260901T031236.570959Z,2026-09-01T18:16:34.042336+00:00,falcon_7b,zero_shot,order,searchOrders,FN_searchOrders_END,src/order/order.service.ts,72,74,556cd6ea,jest,1,jest,test_discovery_failure,"FAIL src/order/order.service.spec.ts
  ● Test suite failed to run

    [96msrc/order/order.service.spec.ts[0m:[93m297[0m:[93m82[0m - [91merror[0m[90m TS1109: [0mExpression expected.

    [7m297[0m       { id: '123', encounterId: 'encounter456', examType: ExamType.HEMOGRAM, ... },
    [7m   [0m [91m                                                                                 ~[0m
    [96msrc/order/order.service.spec.ts[0m:[93m298[0m:[93m81[0m - [91merror[0m[90m TS1109:",e44207e1d5ad0f0160de9617b58f820bb1038066e7a5f38f8ed572e8e22ba821,,C:\Users\cdbaz\OneDrive\Documentos\Projetos\usp\tcc\health-microservice-corpus\experiments\logs\errors\run-20260901T031236.570959Z\e44207e1d5ad0f0160de9617b58f820bb1038066e7a5f38f8ed572e8e22ba821.txt
run-20260901T031236.570959Z,2026-09-01T18:16:34.043337+00:00,falcon_7b,zero_shot,order,searchOrders,FN_searchOrders_END,src/order/order.service.ts,72,74,556cd6ea,repair,1,repair,unparseable_failure,0 failures parsed from Jest output; whole-file repair is disabled for this attempt.,2ca322236f16007840cf7e8abfbc15162da7933dc8752f1c6a0b9c76d3d03702,,
run-20260901T031236.570959Z,2026-09-01T18:16:36.575623+00:00,falcon_7b,zero_shot,order,searchOrders,FN_searchOrders_END,src/order/order.service.ts,72,74,556cd6ea,jest,2,jest,test_discovery_failure,"FAIL src/order/order.service.spec.ts
  ● Test suite failed to run

    [96msrc/order/order.service.spec.ts[0m:[93m297[0m:[93m82[0m - [91merror[0m[90m TS1109: [0mExpression expected.

    [7m297[0m       { id: '123', encounterId: 'encounter456', examType: ExamType.HEMOGRAM, ... },
    [7m   [0m [91m                                                                                 ~[0m
    [96msrc/order/order.service.spec.ts[0m:[93m298[0m:[93m81[0m - [91merror[0m[90m TS1109:",037afe15bb26d79e82f3322663411106819143721fb92d30fe6afaf4bf9b342e,,C:\Users\cdbaz\OneDrive\Documentos\Projetos\usp\tcc\health-microservice-corpus\experiments\logs\errors\run-20260901T031236.570959Z\037afe15bb26d79e82f3322663411106819143721fb92d30fe6afaf4bf9b342e.txt
run-20260901T031236.570959Z,2026-09-01T18:16:36.575623+00:00,falcon_7b,zero_shot,order,searchOrders,FN_searchOrders_END,src/order/order.service.ts,72,74,556cd6ea,repair,2,repair,unparseable_failure,0 failures parsed from Jest output; whole-file repair is disabled for this attempt.,2ca322236f16007840cf7e8abfbc15162da7933dc8752f1c6a0b9c76d3d03702,,
run-20260901T031236.570959Z,2026-09-01T18:16:39.059126+00:00,falcon_7b,zero_shot,order,searchOrders,FN_searchOrders_END,src/order/order.service.ts,72,74,556cd6ea,jest,3,jest,test_discovery_failure,"FAIL src/order/order.service.spec.ts
  ● Test suite failed to run

    [96msrc/order/order.service.spec.ts[0m:[93m297[0m:[93m82[0m - [91merror[0m[90m TS1109: [0mExpression expected.

    [7m297[0m       { id: '123', encounterId: 'encounter456', examType: ExamType.HEMOGRAM, ... },
    [7m   [0m [91m                                                                                 ~[0m
    [96msrc/order/order.service.spec.ts[0m:[93m298[0m:[93m81[0m - [91merror[0m[90m TS1109:",037afe15bb26d79e82f3322663411106819143721fb92d30fe6afaf4bf9b342e,,C:\Users\cdbaz\OneDrive\Documentos\Projetos\usp\tcc\health-microservice-corpus\experiments\logs\errors\run-20260901T031236.570959Z\037afe15bb26d79e82f3322663411106819143721fb92d30fe6afaf4bf9b342e.txt
run-20260901T031236.570959Z,2026-09-01T18:16:39.059126+00:00,falcon_7b,zero_shot,order,searchOrders,FN_searchOrders_END,src/order/order.service.ts,72,74,556cd6ea,repair,3,repair,unparseable_failure,0 failures parsed from Jest output; whole-file repair is disabled for this attempt.,2ca322236f16007840cf7e8abfbc15162da7933dc8752f1c6a0b9c76d3d03702,,
run-20260901T031236.570959Z,2026-09-01T18:16:41.563480+00:00,falcon_7b,zero_shot,order,searchOrders,FN_searchOrders_END,src/order/order.service.ts,72,74,556cd6ea,jest,4,jest,test_discovery_failure,"FAIL src/order/order.service.spec.ts
  ● Test suite failed to run

    [96msrc/order/order.service.spec.ts[0m:[93m297[0m:[93m82[0m - [91merror[0m[90m TS1109: [0mExpression expected.

    [7m297[0m       { id: '123', encounterId: 'encounter456', examType: ExamType.HEMOGRAM, ... },
    [7m   [0m [91m                                                                                 ~[0m
    [96msrc/order/order.service.spec.ts[0m:[93m298[0m:[93m81[0m - [91merror[0m[90m TS1109:",ca33c7c942e46eef6d68338f201a058697f1f318ea28d6323cc21317b793d705,,C:\Users\cdbaz\OneDrive\Documentos\Projetos\usp\tcc\health-microservice-corpus\experiments\logs\errors\run-20260901T031236.570959Z\ca33c7c942e46eef6d68338f201a058697f1f318ea28d6323cc21317b793d705.txt
run-20260901T031236.570959Z,2026-09-01T18:16:41.563480+00:00,falcon_7b,zero_shot,order,searchOrders,FN_searchOrders_END,src/order/order.service.ts,72,74,556cd6ea,repair,4,repair,unparseable_failure,0 failures parsed from Jest output; whole-file repair is disabled for this attempt.,2ca322236f16007840cf7e8abfbc15162da7933dc8752f1c6a0b9c76d3d03702,,
run-20260901T031236.570959Z,2026-09-01T18:16:44.054375+00:00,falcon_7b,zero_shot,order,searchOrders,FN_searchOrders_END,src/order/order.service.ts,72,74,556cd6ea,jest,5,jest,test_discovery_failure,"FAIL src/order/order.service.spec.ts
  ● Test suite failed to run

    [96msrc/order/order.service.spec.ts[0m:[93m297[0m:[93m82[0m - [91merror[0m[90m TS1109: [0mExpression expected.

    [7m297[0m       { id: '123', encounterId: 'encounter456', examType: ExamType.HEMOGRAM, ... },
    [7m   [0m [91m                                                                                 ~[0m
    [96msrc/order/order.service.spec.ts[0m:[93m298[0m:[93m81[0m - [91merror[0m[90m TS1109:",1d0dfeb4724e3d5ed752ebb68ce9ae32cd02355a9e81f49594da17a6314c6454,,C:\Users\cdbaz\OneDrive\Documentos\Projetos\usp\tcc\health-microservice-corpus\experiments\logs\errors\run-20260901T031236.570959Z\1d0dfeb4724e3d5ed752ebb68ce9ae32cd02355a9e81f49594da17a6314c6454.txt
run-20260901T031236.570959Z,2026-09-01T18:16:44.054375+00:00,falcon_7b,zero_shot,order,searchOrders,FN_searchOrders_END,src/order/order.service.ts,72,74,556cd6ea,repair,5,repair,max_repairs_exceeded,Runtime repair exhausted MAX_RUNTIME_REPAIRS=5 attempts,07669857ffb0ce3ee50e620aaa2bdb3e306e87699a96b0b0862427652773b240,,
run-20260901T031236.570959Z,2026-09-01T18:16:44.054375+00:00,falcon_7b,zero_shot,order,searchOrders,FN_searchOrders_END,src/order/order.service.ts,72,74,556cd6ea,pipeline,,pipeline,rollback,Function 'searchOrders' failed irrecoverably; rolled back to the last known-good snapshot.,25dacf637547e47a97d5599057300b8e49d5e168aa0afb1c90da695504320b1a,restored,
run-20260901T031236.570959Z,2026-09-01T18:18:41.934724+00:00,falcon_7b,zero_shot,order,validateOrderResult,FN_validateOrderResult_END,src/order/order.service.ts,80,158,556cd6ea,jest,1,jest,assertion_failure,"should throw BadRequestException for discharged encounter: Error: expect(received).rejects.toThrow(expected)

Expected constructor: BadRequestException
Received constructor: NotFoundException

Received message: ""Order with id 123 not found""

    [0m [90m 27 |[39m     [36mconst[39m order [33m=[39m [36mawait[39m [36mthis[39m[33m.[39morderRepository[33m.[39mfindById(id)[33m;[39m
     [90m 28 |[39m     [36mif[39m ([33m![39morder) {
    [31m[1m>[22m[39m[90m 29 |[39m      ",970cf79bbd6cba6560bef7d30cdd159335961c36ca4972407c32201c4620c8ff,,C:\Users\cdbaz\OneDrive\Documentos\Projetos\usp\tcc\health-microservice-corpus\experiments\logs\errors\run-20260901T031236.570959Z\970cf79bbd6cba6560bef7d30cdd159335961c36ca4972407c32201c4620c8ff.txt
run-20260901T031236.570959Z,2026-09-01T18:18:41.936729+00:00,falcon_7b,zero_shot,order,validateOrderResult,FN_validateOrderResult_END,src/order/order.service.ts,80,158,556cd6ea,jest,1,jest,runtime_error,"should throw BadRequestException for completed order: Error: expect(received).rejects.toThrow(expected)

Expected constructor: BadRequestException
Received constructor: TypeError

Received message: ""Cannot read properties of undefined (reading 'status')""

    [0m [90m 94 |[39m     )[33m;[39m
     [90m 95 |[39m
    [31m[1m>[22m[39m[90m 96 |[39m     [36mif[39m (encounter[33m.[39mstatus [33m===[39m [33mEncounterStatus[39m[33m.[39m[33mDISCHARGED[39m) {
     [90m    |[39m  ",970cf79bbd6cba6560bef7d30cdd159335961c36ca4972407c32201c4620c8ff,,C:\Users\cdbaz\OneDrive\Documentos\Projetos\usp\tcc\health-microservice-corpus\experiments\logs\errors\run-20260901T031236.570959Z\970cf79bbd6cba6560bef7d30cdd159335961c36ca4972407c32201c4620c8ff.txt
run-20260901T031236.570959Z,2026-09-01T18:18:41.936729+00:00,falcon_7b,zero_shot,order,validateOrderResult,FN_validateOrderResult_END,src/order/order.service.ts,80,158,556cd6ea,jest,1,jest,runtime_error,"should throw BadRequestException for order with final or corrected result: Error: expect(received).rejects.toThrow(expected)

Expected constructor: BadRequestException
Received constructor: TypeError

Received message: ""Cannot read properties of undefined (reading 'status')""

    [0m [90m 94 |[39m     )[33m;[39m
     [90m 95 |[39m
    [31m[1m>[22m[39m[90m 96 |[39m     [36mif[39m (encounter[33m.[39mstatus [33m===[39m [33mEncounterStatus[39m[33m.[39m[33mDISCHARGED[39m) {
 ",970cf79bbd6cba6560bef7d30cdd159335961c36ca4972407c32201c4620c8ff,,C:\Users\cdbaz\OneDrive\Documentos\Projetos\usp\tcc\health-microservice-corpus\experiments\logs\errors\run-20260901T031236.570959Z\970cf79bbd6cba6560bef7d30cdd159335961c36ca4972407c32201c4620c8ff.txt
run-20260901T031236.570959Z,2026-09-01T18:18:41.936729+00:00,falcon_7b,zero_shot,order,validateOrderResult,FN_validateOrderResult_END,src/order/order.service.ts,80,158,556cd6ea,jest,1,jest,runtime_error,"should throw BadRequestException for pending order with final result: Error: expect(received).rejects.toThrow(expected)

Expected constructor: BadRequestException
Received constructor: TypeError

Received message: ""Cannot read properties of undefined (reading 'status')""

    [0m [90m 94 |[39m     )[33m;[39m
     [90m 95 |[39m
    [31m[1m>[22m[39m[90m 96 |[39m     [36mif[39m (encounter[33m.[39mstatus [33m===[39m [33mEncounterStatus[39m[33m.[39m[33mDISCHARGED[39m) {
     ",970cf79bbd6cba6560bef7d30cdd159335961c36ca4972407c32201c4620c8ff,,C:\Users\cdbaz\OneDrive\Documentos\Projetos\usp\tcc\health-microservice-corpus\experiments\logs\errors\run-20260901T031236.570959Z\970cf79bbd6cba6560bef7d30cdd159335961c36ca4972407c32201c4620c8ff.txt
run-20260901T031236.570959Z,2026-09-01T18:18:41.938734+00:00,falcon_7b,zero_shot,order,validateOrderResult,FN_validateOrderResult_END,src/order/order.service.ts,80,158,556cd6ea,jest,1,jest,runtime_error,should update order status to IN_PROGRESS for pending order: TypeError: Cannot read properties of undefined (reading 'status'),970cf79bbd6cba6560bef7d30cdd159335961c36ca4972407c32201c4620c8ff,,C:\Users\cdbaz\OneDrive\Documentos\Projetos\usp\tcc\health-microservice-corpus\experiments\logs\errors\run-20260901T031236.570959Z\970cf79bbd6cba6560bef7d30cdd159335961c36ca4972407c32201c4620c8ff.txt
run-20260901T031236.570959Z,2026-09-01T18:18:41.938734+00:00,falcon_7b,zero_shot,order,validateOrderResult,FN_validateOrderResult_END,src/order/order.service.ts,80,158,556cd6ea,jest,1,jest,runtime_error,should update order status to COMPLETED for IN_PROGRESS order: TypeError: Cannot read properties of undefined (reading 'status'),970cf79bbd6cba6560bef7d30cdd159335961c36ca4972407c32201c4620c8ff,,C:\Users\cdbaz\OneDrive\Documentos\Projetos\usp\tcc\health-microservice-corpus\experiments\logs\errors\run-20260901T031236.570959Z\970cf79bbd6cba6560bef7d30cdd159335961c36ca4972407c32201c4620c8ff.txt
run-20260901T031236.570959Z,2026-09-01T18:20:50.429257+00:00,falcon_7b,zero_shot,order,validateOrderResult,FN_validateOrderResult_END,src/order/order.service.ts,80,158,556cd6ea,jest,2,jest,test_discovery_failure,"FAIL src/order/order.service.spec.ts
  ● Test suite failed to run

    [96msrc/order/order.service.spec.ts[0m:[93m413[0m:[93m5[0m - [91merror[0m[90m TS1434: [0mUnexpected keyword or identifier.

    [7m413[0m     In the original test, `orderId` was passed as a string, but `validateOrderResult` expects an `order` object. Therefore, `order.id` should be used instead of `orderId`. Additionally, the `ResultStatus.FINAL` should be passed directly as an enum value, not as a string.
    [7",511478a1de37994e9a9fe6d5049a81b7fc818a6b16d68a6bbb5fecf580ba99b2,,C:\Users\cdbaz\OneDrive\Documentos\Projetos\usp\tcc\health-microservice-corpus\experiments\logs\errors\run-20260901T031236.570959Z\511478a1de37994e9a9fe6d5049a81b7fc818a6b16d68a6bbb5fecf580ba99b2.txt
run-20260901T031236.570959Z,2026-09-01T18:20:50.429257+00:00,falcon_7b,zero_shot,order,validateOrderResult,FN_validateOrderResult_END,src/order/order.service.ts,80,158,556cd6ea,repair,2,repair,unparseable_failure,0 failures parsed from Jest output; whole-file repair is disabled for this attempt.,2ca322236f16007840cf7e8abfbc15162da7933dc8752f1c6a0b9c76d3d03702,,
run-20260901T031236.570959Z,2026-09-01T18:20:52.969719+00:00,falcon_7b,zero_shot,order,validateOrderResult,FN_validateOrderResult_END,src/order/order.service.ts,80,158,556cd6ea,jest,3,jest,test_discovery_failure,"FAIL src/order/order.service.spec.ts
  ● Test suite failed to run

    [96msrc/order/order.service.spec.ts[0m:[93m413[0m:[93m5[0m - [91merror[0m[90m TS1434: [0mUnexpected keyword or identifier.

    [7m413[0m     In the original test, `orderId` was passed as a string, but `validateOrderResult` expects an `order` object. Therefore, `order.id` should be used instead of `orderId`. Additionally, the `ResultStatus.FINAL` should be passed directly as an enum value, not as a string.
    [7",07b1138c0178094dc5b14bdb9237fa7b7adfcacc856ffdb907bb434208d12d1a,,C:\Users\cdbaz\OneDrive\Documentos\Projetos\usp\tcc\health-microservice-corpus\experiments\logs\errors\run-20260901T031236.570959Z\07b1138c0178094dc5b14bdb9237fa7b7adfcacc856ffdb907bb434208d12d1a.txt
run-20260901T031236.570959Z,2026-09-01T18:20:52.969719+00:00,falcon_7b,zero_shot,order,validateOrderResult,FN_validateOrderResult_END,src/order/order.service.ts,80,158,556cd6ea,repair,3,repair,unparseable_failure,0 failures parsed from Jest output; whole-file repair is disabled for this attempt.,2ca322236f16007840cf7e8abfbc15162da7933dc8752f1c6a0b9c76d3d03702,,
run-20260901T031236.570959Z,2026-09-01T18:20:55.479955+00:00,falcon_7b,zero_shot,order,validateOrderResult,FN_validateOrderResult_END,src/order/order.service.ts,80,158,556cd6ea,jest,4,jest,test_discovery_failure,"FAIL src/order/order.service.spec.ts
  ● Test suite failed to run

    [96msrc/order/order.service.spec.ts[0m:[93m413[0m:[93m5[0m - [91merror[0m[90m TS1434: [0mUnexpected keyword or identifier.

    [7m413[0m     In the original test, `orderId` was passed as a string, but `validateOrderResult` expects an `order` object. Therefore, `order.id` should be used instead of `orderId`. Additionally, the `ResultStatus.FINAL` should be passed directly as an enum value, not as a string.
    [7",039b7dd9a6dfb2c3d82d5f14e0aab17dabdafacb83ff0bd8f2f8988a47881c60,,C:\Users\cdbaz\OneDrive\Documentos\Projetos\usp\tcc\health-microservice-corpus\experiments\logs\errors\run-20260901T031236.570959Z\039b7dd9a6dfb2c3d82d5f14e0aab17dabdafacb83ff0bd8f2f8988a47881c60.txt
run-20260901T031236.570959Z,2026-09-01T18:20:55.479955+00:00,falcon_7b,zero_shot,order,validateOrderResult,FN_validateOrderResult_END,src/order/order.service.ts,80,158,556cd6ea,repair,4,repair,unparseable_failure,0 failures parsed from Jest output; whole-file repair is disabled for this attempt.,2ca322236f16007840cf7e8abfbc15162da7933dc8752f1c6a0b9c76d3d03702,,
run-20260901T031236.570959Z,2026-09-01T18:20:57.988581+00:00,falcon_7b,zero_shot,order,validateOrderResult,FN_validateOrderResult_END,src/order/order.service.ts,80,158,556cd6ea,jest,5,jest,test_discovery_failure,"FAIL src/order/order.service.spec.ts
  ● Test suite failed to run

    [96msrc/order/order.service.spec.ts[0m:[93m413[0m:[93m5[0m - [91merror[0m[90m TS1434: [0mUnexpected keyword or identifier.

    [7m413[0m     In the original test, `orderId` was passed as a string, but `validateOrderResult` expects an `order` object. Therefore, `order.id` should be used instead of `orderId`. Additionally, the `ResultStatus.FINAL` should be passed directly as an enum value, not as a string.
    [7",cccfc1c37569b8ac43ccf080757e77fadd40616af15aece653bf7a7c53c4895e,,C:\Users\cdbaz\OneDrive\Documentos\Projetos\usp\tcc\health-microservice-corpus\experiments\logs\errors\run-20260901T031236.570959Z\cccfc1c37569b8ac43ccf080757e77fadd40616af15aece653bf7a7c53c4895e.txt
run-20260901T031236.570959Z,2026-09-01T18:20:57.988581+00:00,falcon_7b,zero_shot,order,validateOrderResult,FN_validateOrderResult_END,src/order/order.service.ts,80,158,556cd6ea,repair,5,repair,max_repairs_exceeded,Runtime repair exhausted MAX_RUNTIME_REPAIRS=5 attempts,07669857ffb0ce3ee50e620aaa2bdb3e306e87699a96b0b0862427652773b240,,
run-20260901T031236.570959Z,2026-09-01T18:20:57.990584+00:00,falcon_7b,zero_shot,order,validateOrderResult,FN_validateOrderResult_END,src/order/order.service.ts,80,158,556cd6ea,pipeline,,pipeline,rollback,Function 'validateOrderResult' failed irrecoverably; rolled back to the last known-good snapshot.,2840a74c3d275c50b466795c5fa6e0c73960e81c3967e6923cbe03b9a4df0051,restored,
run-20260901T031236.570959Z,2026-09-01T18:22:36.843619+00:00,falcon_7b,zero_shot,order,updateOrder,FN_updateOrder_END,src/order/order.service.ts,170,203,556cd6ea,jest,1,jest,unknown,"C:\Users\cdbaz\OneDrive\Documentos\Projetos\usp\tcc\health-microservice-corpus\corpus\node_modules\expect\build\index.js:2116
  const err = new JestAssertionError();
              ^

[JestAssertionError: expect(received).rejects.toThrow()

Received promise resolved instead of rejected
Resolved to value: undefined] {
  matcherResult: undefined
}

Node.js v18.16.0",80cdc603e7f2b71cc0bf35fda84a0b8ed1e6ff5315974add576ea91662d35aad,,
run-20260901T031236.570959Z,2026-09-01T18:22:36.843619+00:00,falcon_7b,zero_shot,order,updateOrder,FN_updateOrder_END,src/order/order.service.ts,170,203,556cd6ea,repair,1,repair,unparseable_failure,0 failures parsed from Jest output; whole-file repair is disabled for this attempt.,2ca322236f16007840cf7e8abfbc15162da7933dc8752f1c6a0b9c76d3d03702,,
run-20260901T031236.570959Z,2026-09-01T18:22:39.871339+00:00,falcon_7b,zero_shot,order,updateOrder,FN_updateOrder_END,src/order/order.service.ts,170,203,556cd6ea,jest,2,jest,unknown,"C:\Users\cdbaz\OneDrive\Documentos\Projetos\usp\tcc\health-microservice-corpus\corpus\node_modules\expect\build\index.js:2116
  const err = new JestAssertionError();
              ^

[JestAssertionError: expect(received).rejects.toThrow()

Received promise resolved instead of rejected
Resolved to value: undefined] {
  matcherResult: undefined
}

Node.js v18.16.0",80cdc603e7f2b71cc0bf35fda84a0b8ed1e6ff5315974add576ea91662d35aad,,
run-20260901T031236.570959Z,2026-09-01T18:22:39.871339+00:00,falcon_7b,zero_shot,order,updateOrder,FN_updateOrder_END,src/order/order.service.ts,170,203,556cd6ea,repair,2,repair,unparseable_failure,0 failures parsed from Jest output; whole-file repair is disabled for this attempt.,2ca322236f16007840cf7e8abfbc15162da7933dc8752f1c6a0b9c76d3d03702,,
run-20260901T031236.570959Z,2026-09-01T18:22:42.915953+00:00,falcon_7b,zero_shot,order,updateOrder,FN_updateOrder_END,src/order/order.service.ts,170,203,556cd6ea,jest,3,jest,unknown,"C:\Users\cdbaz\OneDrive\Documentos\Projetos\usp\tcc\health-microservice-corpus\corpus\node_modules\expect\build\index.js:2116
  const err = new JestAssertionError();
              ^

[JestAssertionError: expect(received).rejects.toThrow()

Received promise resolved instead of rejected
Resolved to value: undefined] {
  matcherResult: undefined
}

Node.js v18.16.0",80cdc603e7f2b71cc0bf35fda84a0b8ed1e6ff5315974add576ea91662d35aad,,
run-20260901T031236.570959Z,2026-09-01T18:22:42.915953+00:00,falcon_7b,zero_shot,order,updateOrder,FN_updateOrder_END,src/order/order.service.ts,170,203,556cd6ea,repair,3,repair,unparseable_failure,0 failures parsed from Jest output; whole-file repair is disabled for this attempt.,2ca322236f16007840cf7e8abfbc15162da7933dc8752f1c6a0b9c76d3d03702,,
run-20260901T031236.570959Z,2026-09-01T18:22:45.963255+00:00,falcon_7b,zero_shot,order,updateOrder,FN_updateOrder_END,src/order/order.service.ts,170,203,556cd6ea,jest,4,jest,unknown,"C:\Users\cdbaz\OneDrive\Documentos\Projetos\usp\tcc\health-microservice-corpus\corpus\node_modules\expect\build\index.js:2116
  const err = new JestAssertionError();
              ^

[JestAssertionError: expect(received).rejects.toThrow()

Received promise resolved instead of rejected
Resolved to value: undefined] {
  matcherResult: undefined
}

Node.js v18.16.0",80cdc603e7f2b71cc0bf35fda84a0b8ed1e6ff5315974add576ea91662d35aad,,
run-20260901T031236.570959Z,2026-09-01T18:22:45.963255+00:00,falcon_7b,zero_shot,order,updateOrder,FN_updateOrder_END,src/order/order.service.ts,170,203,556cd6ea,repair,4,repair,unparseable_failure,0 failures parsed from Jest output; whole-file repair is disabled for this attempt.,2ca322236f16007840cf7e8abfbc15162da7933dc8752f1c6a0b9c76d3d03702,,
run-20260901T031236.570959Z,2026-09-01T18:22:48.993017+00:00,falcon_7b,zero_shot,order,updateOrder,FN_updateOrder_END,src/order/order.service.ts,170,203,556cd6ea,jest,5,jest,unknown,"C:\Users\cdbaz\OneDrive\Documentos\Projetos\usp\tcc\health-microservice-corpus\corpus\node_modules\expect\build\index.js:2116
  const err = new JestAssertionError();
              ^

[JestAssertionError: expect(received).rejects.toThrow()

Received promise resolved instead of rejected
Resolved to value: undefined] {
  matcherResult: undefined
}

Node.js v18.16.0",80cdc603e7f2b71cc0bf35fda84a0b8ed1e6ff5315974add576ea91662d35aad,,
run-20260901T031236.570959Z,2026-09-01T18:22:48.993017+00:00,falcon_7b,zero_shot,order,updateOrder,FN_updateOrder_END,src/order/order.service.ts,170,203,556cd6ea,repair,5,repair,max_repairs_exceeded,Runtime repair exhausted MAX_RUNTIME_REPAIRS=5 attempts,07669857ffb0ce3ee50e620aaa2bdb3e306e87699a96b0b0862427652773b240,,
run-20260901T031236.570959Z,2026-09-01T18:22:48.994593+00:00,falcon_7b,zero_shot,order,updateOrder,FN_updateOrder_END,src/order/order.service.ts,170,203,556cd6ea,pipeline,,pipeline,rollback,Function 'updateOrder' failed irrecoverably; rolled back to the last known-good snapshot.,5f44507b3709043f6535d557de0af5c70a720a02a8aec044830e072d86f9f11e,restored,
run-20260901T031236.570959Z,2026-09-01T18:25:48.473984+00:00,falcon_7b,zero_shot,patient,createPatient,FN_createPatient_END,src/patient/patient.service.ts,27,51,0ddb42a2,jest,1,jest,unknown,"should create a new patient without conflicts: Error: expect(received).toEqual(expected) // deep equality

- Expected  -  5
+ Received  + 57

  Object {
-   ""active"": true,
+   ""_isMockFunction"": true,
+   ""getMockImplementation"": [Function anonymous],
+   ""getMockName"": [Function anonymous],
+   ""id"": ""123"",
+   ""mock"": Object {
+     ""calls"": Array [
+       Array [
+         Object {
            ""birthDate"": 1990-01-01T00:00:00.000Z,
            ""cpf"": ""12345678900"",
-   ""created_at"": Any<Dat",f964035a1423ce8d6c606e667fa228352b6582375348f5ac14bf7fc90aef3d48,,C:\Users\cdbaz\OneDrive\Documentos\Projetos\usp\tcc\health-microservice-corpus\experiments\logs\errors\run-20260901T031236.570959Z\f964035a1423ce8d6c606e667fa228352b6582375348f5ac14bf7fc90aef3d48.txt
run-20260901T031236.570959Z,2026-09-01T18:26:49.288813+00:00,falcon_7b,zero_shot,patient,createPatient,FN_createPatient_END,src/patient/patient.service.ts,27,51,0ddb42a2,jest,2,jest,unknown,"should create a new patient without conflicts: Error: expect(received).toEqual(expected) // deep equality

- Expected  -  5
+ Received  + 57

  Object {
-   ""active"": true,
+   ""_isMockFunction"": true,
+   ""getMockImplementation"": [Function anonymous],
+   ""getMockName"": [Function anonymous],
+   ""id"": ""123"",
+   ""mock"": Object {
+     ""calls"": Array [
+       Array [
+         Object {
            ""birthDate"": 1990-01-01T00:00:00.000Z,
            ""cpf"": ""12345678900"",
-   ""created_at"": Any<Dat",8558663bb8ecae01face10c00dc407bc0cfb0c95d7fdcdc6df7801b45da9599b,,C:\Users\cdbaz\OneDrive\Documentos\Projetos\usp\tcc\health-microservice-corpus\experiments\logs\errors\run-20260901T031236.570959Z\8558663bb8ecae01face10c00dc407bc0cfb0c95d7fdcdc6df7801b45da9599b.txt
run-20260901T031236.570959Z,2026-09-01T18:29:02.893133+00:00,falcon_7b,zero_shot,patient,updatePatient,FN_updatePatient_END,src/patient/patient.service.ts,53,75,0ddb42a2,jest,1,jest,unknown,"should throw ConflictException for duplicate email: Error: expect(received).toBeInstanceOf(expected)

Expected constructor: ConflictException
Received constructor: NotFoundException",1d74d5f83751200a6a39ac423c300ab6e974ebe85c3ccf59675f046082aaeb18,,C:\Users\cdbaz\OneDrive\Documentos\Projetos\usp\tcc\health-microservice-corpus\experiments\logs\errors\run-20260901T031236.570959Z\1d74d5f83751200a6a39ac423c300ab6e974ebe85c3ccf59675f046082aaeb18.txt
run-20260901T031236.570959Z,2026-09-01T18:29:02.895218+00:00,falcon_7b,zero_shot,patient,updatePatient,FN_updatePatient_END,src/patient/patient.service.ts,53,75,0ddb42a2,jest,1,jest,assertion_failure,"should handle null or undefined values in updateDto: Error: expect(jest.fn()).toHaveBeenCalledWith(...expected)

- Expected
+ Received

  {""active"": false, ""id"": ""123"", ""name"": ""John Doe"", ""phone"": ""1234567890"", ""sex"": ""M""},
- ObjectContaining {""active"": false, ""name"": ""John Doe"", ""phone"": ""1234567890"", ""sex"": ""M""},
+ {""name"": ""John Doe"", ""phone"": ""1234567890"", ""sex"": ""M""},

Number of calls: 1",1d74d5f83751200a6a39ac423c300ab6e974ebe85c3ccf59675f046082aaeb18,,C:\Users\cdbaz\OneDrive\Documentos\Projetos\usp\tcc\health-microservice-corpus\experiments\logs\errors\run-20260901T031236.570959Z\1d74d5f83751200a6a39ac423c300ab6e974ebe85c3ccf59675f046082aaeb18.txt
run-20260901T031236.570959Z,2026-09-01T18:30:04.347762+00:00,falcon_7b,zero_shot,patient,updatePatient,FN_updatePatient_END,src/patient/patient.service.ts,53,75,0ddb42a2,jest,2,jest,unknown,"should throw ConflictException for duplicate email: Error: expect(received).toBeInstanceOf(expected)

Expected constructor: ConflictException
Received constructor: NotFoundException",0eb3b91d4338ec6025628a94eacd870e8359598c78e11c00a6f7f4cfdc1211d6,,C:\Users\cdbaz\OneDrive\Documentos\Projetos\usp\tcc\health-microservice-corpus\experiments\logs\errors\run-20260901T031236.570959Z\0eb3b91d4338ec6025628a94eacd870e8359598c78e11c00a6f7f4cfdc1211d6.txt
run-20260901T031236.570959Z,2026-09-01T18:30:04.347762+00:00,falcon_7b,zero_shot,patient,updatePatient,FN_updatePatient_END,src/patient/patient.service.ts,53,75,0ddb42a2,jest,2,jest,assertion_failure,"should handle null or undefined values in updateDto: Error: expect(jest.fn()).toHaveBeenCalledWith(...expected)

- Expected
+ Received

  {""active"": false, ""email"": null, ""id"": ""123"", ""name"": ""John Doe"", ""phone"": ""1234567890"", ""sex"": ""M""},
  Object {
-   ""active"": false,
-   ""email"": null,
-   ""id"": ""123"",
    ""name"": ""John Doe"",
    ""phone"": ""1234567890"",
    ""sex"": ""M"",
  },

Number of calls: 1",0eb3b91d4338ec6025628a94eacd870e8359598c78e11c00a6f7f4cfdc1211d6,,C:\Users\cdbaz\OneDrive\Documentos\Projetos\usp\tcc\health-microservice-corpus\experiments\logs\errors\run-20260901T031236.570959Z\0eb3b91d4338ec6025628a94eacd870e8359598c78e11c00a6f7f4cfdc1211d6.txt
run-20260901T031236.570959Z,2026-09-01T18:35:54.550845+00:00,falcon_7b,zero_shot,result,buildResultReport,FN_buildResultReport_END,src/result/result.service.ts,53,124,357b6b51,jest,1,jest,unknown,"should return ResultReport with correct summary when results exist: Error: expect(received).toEqual(expected) // deep equality

- Expected  -  8
+ Received  + 14

@@ -1,22 +1,28 @@
  Object {
    ""examType"": ""GLUCOSE"",
    ""items"": Array [
      Object {
-       ""flag"": ""UNKNOWN"",
-       ""id"": ""1"",
-       ""referenceMax"": null,
-       ""referenceMin"": null,
+       ""examType"": ""GLUCOSE"",
+       ""flag"": ""NORMAL"",
+       ""referenceMax"": 99,
+       ""referenceMin"": 70,
+       ""resultDate"": unde",ce8d8bed0f7d6e177082636924e02d9b9084ffcc705e54a25cfafcd3c62e8f01,,C:\Users\cdbaz\OneDrive\Documentos\Projetos\usp\tcc\health-microservice-corpus\experiments\logs\errors\run-20260901T031236.570959Z\ce8d8bed0f7d6e177082636924e02d9b9084ffcc705e54a25cfafcd3c62e8f01.txt
run-20260901T031236.570959Z,2026-09-01T18:38:18.274139+00:00,falcon_7b,zero_shot,result,updateResult,FN_updateResult_END,src/result/result.service.ts,126,206,357b6b51,jest,1,jest,unknown,"should throw BadRequestException for invalid status transition: Error: expect(received).rejects.toThrow()

Received promise resolved instead of rejected
Resolved to value: undefined",2b75ca9161bb2375fbfbaecfcd12cd06fd132dfcc39c242532248da0d17753a8,,C:\Users\cdbaz\OneDrive\Documentos\Projetos\usp\tcc\health-microservice-corpus\experiments\logs\errors\run-20260901T031236.570959Z\2b75ca9161bb2375fbfbaecfcd12cd06fd132dfcc39c242532248da0d17753a8.txt
run-20260901T031236.570959Z,2026-09-01T18:38:41.894894+00:00,falcon_7b,zero_shot,result,updateResult,FN_updateResult_END,src/result/result.service.ts,126,206,357b6b51,jest,2,jest,unknown,"should throw BadRequestException for invalid status transition: Error: expect(received).rejects.toThrow()

Received promise resolved instead of rejected
Resolved to value: undefined",fd8b3e1d4d26bab16c33f5095ed3d72d564b0bf8ee47ba7b357f1f881aad6705,,C:\Users\cdbaz\OneDrive\Documentos\Projetos\usp\tcc\health-microservice-corpus\experiments\logs\errors\run-20260901T031236.570959Z\fd8b3e1d4d26bab16c33f5095ed3d72d564b0bf8ee47ba7b357f1f881aad6705.txt
run-20260901T031236.570959Z,2026-09-01T18:41:01.287413+00:00,falcon_7b,few_shot,encounter,createEncounter,FN_createEncounter_END,src/encounter/encounter.service.ts,30,63,04a941d1,jest,1,jest,test_discovery_failure,"FAIL src/encounter/encounter.service.spec.ts
  ● Test suite failed to run

    [96msrc/encounter/encounter.service.spec.ts[0m:[93m76[0m:[93m5[0m - [91merror[0m[90m TS1135: [0mArgument expression expected.

    [7m76[0m     }.rejects.toThrow(BadRequestException));
    [7m  [0m [91m    ~[0m
    [96msrc/encounter/encounter.service.spec.ts[0m:[93m76[0m:[93m6[0m - [91merror[0m[90m TS1005: [0m',' expected.

    [7m76[0m     }.rejects.toThrow(BadRequestException));
    [7m",565704cbac34606fe7e61133ddde5d40a6017af5fdc81187eb042e6456c4616d,,C:\Users\cdbaz\OneDrive\Documentos\Projetos\usp\tcc\health-microservice-corpus\experiments\logs\errors\run-20260901T031236.570959Z\565704cbac34606fe7e61133ddde5d40a6017af5fdc81187eb042e6456c4616d.txt
run-20260901T031236.570959Z,2026-09-01T18:41:01.288882+00:00,falcon_7b,few_shot,encounter,createEncounter,FN_createEncounter_END,src/encounter/encounter.service.ts,30,63,04a941d1,repair,1,repair,unparseable_failure,0 failures parsed from Jest output; whole-file repair is disabled for this attempt.,2ca322236f16007840cf7e8abfbc15162da7933dc8752f1c6a0b9c76d3d03702,,
run-20260901T031236.570959Z,2026-09-01T18:41:03.865170+00:00,falcon_7b,few_shot,encounter,createEncounter,FN_createEncounter_END,src/encounter/encounter.service.ts,30,63,04a941d1,jest,2,jest,test_discovery_failure,"FAIL src/encounter/encounter.service.spec.ts
  ● Test suite failed to run

    [96msrc/encounter/encounter.service.spec.ts[0m:[93m76[0m:[93m5[0m - [91merror[0m[90m TS1135: [0mArgument expression expected.

    [7m76[0m     }.rejects.toThrow(BadRequestException));
    [7m  [0m [91m    ~[0m
    [96msrc/encounter/encounter.service.spec.ts[0m:[93m76[0m:[93m6[0m - [91merror[0m[90m TS1005: [0m',' expected.

    [7m76[0m     }.rejects.toThrow(BadRequestException));
    [7m",8d28d86ab06918b708fe38518920db304451f715dd91a1f4051a80faf0d321a2,,C:\Users\cdbaz\OneDrive\Documentos\Projetos\usp\tcc\health-microservice-corpus\experiments\logs\errors\run-20260901T031236.570959Z\8d28d86ab06918b708fe38518920db304451f715dd91a1f4051a80faf0d321a2.txt
run-20260901T031236.570959Z,2026-09-01T18:41:03.865170+00:00,falcon_7b,few_shot,encounter,createEncounter,FN_createEncounter_END,src/encounter/encounter.service.ts,30,63,04a941d1,repair,2,repair,unparseable_failure,0 failures parsed from Jest output; whole-file repair is disabled for this attempt.,2ca322236f16007840cf7e8abfbc15162da7933dc8752f1c6a0b9c76d3d03702,,
run-20260901T031236.570959Z,2026-09-01T18:41:06.425802+00:00,falcon_7b,few_shot,encounter,createEncounter,FN_createEncounter_END,src/encounter/encounter.service.ts,30,63,04a941d1,jest,3,jest,test_discovery_failure,"FAIL src/encounter/encounter.service.spec.ts
  ● Test suite failed to run

    [96msrc/encounter/encounter.service.spec.ts[0m:[93m76[0m:[93m5[0m - [91merror[0m[90m TS1135: [0mArgument expression expected.

    [7m76[0m     }.rejects.toThrow(BadRequestException));
    [7m  [0m [91m    ~[0m
    [96msrc/encounter/encounter.service.spec.ts[0m:[93m76[0m:[93m6[0m - [91merror[0m[90m TS1005: [0m',' expected.

    [7m76[0m     }.rejects.toThrow(BadRequestException));
    [7m",eba97ae4301fbbaa9d7436ef54b3968eade5b23a6246f2877ba602bc7159e33d,,C:\Users\cdbaz\OneDrive\Documentos\Projetos\usp\tcc\health-microservice-corpus\experiments\logs\errors\run-20260901T031236.570959Z\eba97ae4301fbbaa9d7436ef54b3968eade5b23a6246f2877ba602bc7159e33d.txt
run-20260901T031236.570959Z,2026-09-01T18:41:06.425802+00:00,falcon_7b,few_shot,encounter,createEncounter,FN_createEncounter_END,src/encounter/encounter.service.ts,30,63,04a941d1,repair,3,repair,unparseable_failure,0 failures parsed from Jest output; whole-file repair is disabled for this attempt.,2ca322236f16007840cf7e8abfbc15162da7933dc8752f1c6a0b9c76d3d03702,,
run-20260901T031236.570959Z,2026-09-01T18:41:08.955854+00:00,falcon_7b,few_shot,encounter,createEncounter,FN_createEncounter_END,src/encounter/encounter.service.ts,30,63,04a941d1,jest,4,jest,test_discovery_failure,"FAIL src/encounter/encounter.service.spec.ts
  ● Test suite failed to run

    [96msrc/encounter/encounter.service.spec.ts[0m:[93m76[0m:[93m5[0m - [91merror[0m[90m TS1135: [0mArgument expression expected.

    [7m76[0m     }.rejects.toThrow(BadRequestException));
    [7m  [0m [91m    ~[0m
    [96msrc/encounter/encounter.service.spec.ts[0m:[93m76[0m:[93m6[0m - [91merror[0m[90m TS1005: [0m',' expected.

    [7m76[0m     }.rejects.toThrow(BadRequestException));
    [7m",912cb6a3b04ddebf8c3311867b7046c6bd490da29083b80dc61cd64c14777b03,,C:\Users\cdbaz\OneDrive\Documentos\Projetos\usp\tcc\health-microservice-corpus\experiments\logs\errors\run-20260901T031236.570959Z\912cb6a3b04ddebf8c3311867b7046c6bd490da29083b80dc61cd64c14777b03.txt
run-20260901T031236.570959Z,2026-09-01T18:41:08.955854+00:00,falcon_7b,few_shot,encounter,createEncounter,FN_createEncounter_END,src/encounter/encounter.service.ts,30,63,04a941d1,repair,4,repair,unparseable_failure,0 failures parsed from Jest output; whole-file repair is disabled for this attempt.,2ca322236f16007840cf7e8abfbc15162da7933dc8752f1c6a0b9c76d3d03702,,
run-20260901T031236.570959Z,2026-09-01T18:41:11.491664+00:00,falcon_7b,few_shot,encounter,createEncounter,FN_createEncounter_END,src/encounter/encounter.service.ts,30,63,04a941d1,jest,5,jest,test_discovery_failure,"FAIL src/encounter/encounter.service.spec.ts
  ● Test suite failed to run

    [96msrc/encounter/encounter.service.spec.ts[0m:[93m76[0m:[93m5[0m - [91merror[0m[90m TS1135: [0mArgument expression expected.

    [7m76[0m     }.rejects.toThrow(BadRequestException));
    [7m  [0m [91m    ~[0m
    [96msrc/encounter/encounter.service.spec.ts[0m:[93m76[0m:[93m6[0m - [91merror[0m[90m TS1005: [0m',' expected.

    [7m76[0m     }.rejects.toThrow(BadRequestException));
    [7m",05d1f94226265834037e562695a41cc524952d4e0adb23ca69256cd464b325f4,,C:\Users\cdbaz\OneDrive\Documentos\Projetos\usp\tcc\health-microservice-corpus\experiments\logs\errors\run-20260901T031236.570959Z\05d1f94226265834037e562695a41cc524952d4e0adb23ca69256cd464b325f4.txt
run-20260901T031236.570959Z,2026-09-01T18:41:11.491664+00:00,falcon_7b,few_shot,encounter,createEncounter,FN_createEncounter_END,src/encounter/encounter.service.ts,30,63,04a941d1,repair,5,repair,max_repairs_exceeded,Runtime repair exhausted MAX_RUNTIME_REPAIRS=5 attempts,07669857ffb0ce3ee50e620aaa2bdb3e306e87699a96b0b0862427652773b240,,
run-20260901T031236.570959Z,2026-09-01T18:41:11.491664+00:00,falcon_7b,few_shot,encounter,createEncounter,FN_createEncounter_END,src/encounter/encounter.service.ts,30,63,04a941d1,pipeline,,pipeline,rollback,Function 'createEncounter' failed irrecoverably; rolled back to the last known-good snapshot.,04691e7d6d4c79f857b8e4d8d43e687d9c8b50a7eefa662d2a516a881aa0578b,restored,
run-20260901T031236.570959Z,2026-09-01T18:42:39.048648+00:00,falcon_7b,few_shot,encounter,validateEncounterFields,FN_validateEncounterFields_END,src/encounter/encounter.service.ts,65,91,04a941d1,jest,1,jest,unknown,should throw BadRequestException when ADT A01 and ward is not provided: BadRequestException: Ward is required for ADT A01 (admission),d3b2cb576562bcff44538df155ffed96641fbb7edae0500d5506bd37a1a9b640,,C:\Users\cdbaz\OneDrive\Documentos\Projetos\usp\tcc\health-microservice-corpus\experiments\logs\errors\run-20260901T031236.570959Z\d3b2cb576562bcff44538df155ffed96641fbb7edae0500d5506bd37a1a9b640.txt
run-20260901T031236.570959Z,2026-09-01T18:42:39.048648+00:00,falcon_7b,few_shot,encounter,validateEncounterFields,FN_validateEncounterFields_END,src/encounter/encounter.service.ts,65,91,04a941d1,jest,1,jest,unknown,should throw BadRequestException when ADT A02 and ward is not provided: BadRequestException: Ward is required for ADT A02 (transfer),d3b2cb576562bcff44538df155ffed96641fbb7edae0500d5506bd37a1a9b640,,C:\Users\cdbaz\OneDrive\Documentos\Projetos\usp\tcc\health-microservice-corpus\experiments\logs\errors\run-20260901T031236.570959Z\d3b2cb576562bcff44538df155ffed96641fbb7edae0500d5506bd37a1a9b640.txt
run-20260901T031236.570959Z,2026-09-01T18:42:39.048648+00:00,falcon_7b,few_shot,encounter,validateEncounterFields,FN_validateEncounterFields_END,src/encounter/encounter.service.ts,65,91,04a941d1,jest,1,jest,unknown,should throw BadRequestException when ADT A03 and ward is provided: BadRequestException: Ward must not be informed for ADT A03 (discharge),d3b2cb576562bcff44538df155ffed96641fbb7edae0500d5506bd37a1a9b640,,C:\Users\cdbaz\OneDrive\Documentos\Projetos\usp\tcc\health-microservice-corpus\experiments\logs\errors\run-20260901T031236.570959Z\d3b2cb576562bcff44538df155ffed96641fbb7edae0500d5506bd37a1a9b640.txt
run-20260901T031236.570959Z,2026-09-01T18:42:39.048648+00:00,falcon_7b,few_shot,encounter,validateEncounterFields,FN_validateEncounterFields_END,src/encounter/encounter.service.ts,65,91,04a941d1,jest,1,jest,unknown,should throw BadRequestException when ADT A08 and ward is provided: BadRequestException: Ward must not be informed for ADT A08 (update),d3b2cb576562bcff44538df155ffed96641fbb7edae0500d5506bd37a1a9b640,,C:\Users\cdbaz\OneDrive\Documentos\Projetos\usp\tcc\health-microservice-corpus\experiments\logs\errors\run-20260901T031236.570959Z\d3b2cb576562bcff44538df155ffed96641fbb7edae0500d5506bd37a1a9b640.txt
run-20260901T031236.570959Z,2026-09-01T18:42:39.048648+00:00,falcon_7b,few_shot,encounter,validateEncounterFields,FN_validateEncounterFields_END,src/encounter/encounter.service.ts,65,91,04a941d1,jest,1,jest,unknown,should throw BadRequestException when ADT A08 and patientId is not provided: BadRequestException: PatientId is required for ADT A08 (update),d3b2cb576562bcff44538df155ffed96641fbb7edae0500d5506bd37a1a9b640,,C:\Users\cdbaz\OneDrive\Documentos\Projetos\usp\tcc\health-microservice-corpus\experiments\logs\errors\run-20260901T031236.570959Z\d3b2cb576562bcff44538df155ffed96641fbb7edae0500d5506bd37a1a9b640.txt
run-20260901T031236.570959Z,2026-09-01T18:44:32.590037+00:00,falcon_7b,few_shot,encounter,validateEncounterFields,FN_validateEncounterFields_END,src/encounter/encounter.service.ts,65,91,04a941d1,jest,2,jest,test_discovery_failure,"FAIL src/encounter/encounter.service.spec.ts
  ● Test suite failed to run

    [96msrc/encounter/encounter.service.spec.ts[0m:[93m81[0m:[93m6[0m - [91merror[0m[90m TS1110: [0mType expected.

    [7m81[0m     </REPAIRED_TEST>
    [7m  [0m [91m     ~[0m
    [96msrc/encounter/encounter.service.spec.ts[0m:[93m98[0m:[93m6[0m - [91merror[0m[90m TS1110: [0mType expected.

    [7m98[0m     </OUTPUT>
    [7m  [0m [91m     ~[0m
    [96msrc/encounter/encounter.service.spec.",96ae2037a9b9321c2b3d9c0953fc8296b59ab2e79ac73d3162fa1eedb6772144,,C:\Users\cdbaz\OneDrive\Documentos\Projetos\usp\tcc\health-microservice-corpus\experiments\logs\errors\run-20260901T031236.570959Z\96ae2037a9b9321c2b3d9c0953fc8296b59ab2e79ac73d3162fa1eedb6772144.txt
run-20260901T031236.570959Z,2026-09-01T18:44:32.592043+00:00,falcon_7b,few_shot,encounter,validateEncounterFields,FN_validateEncounterFields_END,src/encounter/encounter.service.ts,65,91,04a941d1,repair,2,repair,unparseable_failure,0 failures parsed from Jest output; whole-file repair is disabled for this attempt.,2ca322236f16007840cf7e8abfbc15162da7933dc8752f1c6a0b9c76d3d03702,,
run-20260901T031236.570959Z,2026-09-01T18:44:35.132124+00:00,falcon_7b,few_shot,encounter,validateEncounterFields,FN_validateEncounterFields_END,src/encounter/encounter.service.ts,65,91,04a941d1,jest,3,jest,test_discovery_failure,"FAIL src/encounter/encounter.service.spec.ts
  ● Test suite failed to run

    [96msrc/encounter/encounter.service.spec.ts[0m:[93m81[0m:[93m6[0m - [91merror[0m[90m TS1110: [0mType expected.

    [7m81[0m     </REPAIRED_TEST>
    [7m  [0m [91m     ~[0m
    [96msrc/encounter/encounter.service.spec.ts[0m:[93m98[0m:[93m6[0m - [91merror[0m[90m TS1110: [0mType expected.

    [7m98[0m     </OUTPUT>
    [7m  [0m [91m     ~[0m
    [96msrc/encounter/encounter.service.spec.",7dc4eb45f03a5bf539eaf3f9f3a484953de12a477320f4976113e33c116fbfec,,C:\Users\cdbaz\OneDrive\Documentos\Projetos\usp\tcc\health-microservice-corpus\experiments\logs\errors\run-20260901T031236.570959Z\7dc4eb45f03a5bf539eaf3f9f3a484953de12a477320f4976113e33c116fbfec.txt
run-20260901T031236.570959Z,2026-09-01T18:44:35.132124+00:00,falcon_7b,few_shot,encounter,validateEncounterFields,FN_validateEncounterFields_END,src/encounter/encounter.service.ts,65,91,04a941d1,repair,3,repair,unparseable_failure,0 failures parsed from Jest output; whole-file repair is disabled for this attempt.,2ca322236f16007840cf7e8abfbc15162da7933dc8752f1c6a0b9c76d3d03702,,
run-20260901T031236.570959Z,2026-09-01T18:44:37.701485+00:00,falcon_7b,few_shot,encounter,validateEncounterFields,FN_validateEncounterFields_END,src/encounter/encounter.service.ts,65,91,04a941d1,jest,4,jest,test_discovery_failure,"FAIL src/encounter/encounter.service.spec.ts
  ● Test suite failed to run

    [96msrc/encounter/encounter.service.spec.ts[0m:[93m81[0m:[93m6[0m - [91merror[0m[90m TS1110: [0mType expected.

    [7m81[0m     </REPAIRED_TEST>
    [7m  [0m [91m     ~[0m
    [96msrc/encounter/encounter.service.spec.ts[0m:[93m98[0m:[93m6[0m - [91merror[0m[90m TS1110: [0mType expected.

    [7m98[0m     </OUTPUT>
    [7m  [0m [91m     ~[0m
    [96msrc/encounter/encounter.service.spec.",a76da9a5e47f30ddefb3e537526c131bf719b9c3f47eaca1a361571d8cde2c7b,,C:\Users\cdbaz\OneDrive\Documentos\Projetos\usp\tcc\health-microservice-corpus\experiments\logs\errors\run-20260901T031236.570959Z\a76da9a5e47f30ddefb3e537526c131bf719b9c3f47eaca1a361571d8cde2c7b.txt
run-20260901T031236.570959Z,2026-09-01T18:44:37.701485+00:00,falcon_7b,few_shot,encounter,validateEncounterFields,FN_validateEncounterFields_END,src/encounter/encounter.service.ts,65,91,04a941d1,repair,4,repair,unparseable_failure,0 failures parsed from Jest output; whole-file repair is disabled for this attempt.,2ca322236f16007840cf7e8abfbc15162da7933dc8752f1c6a0b9c76d3d03702,,
run-20260901T031236.570959Z,2026-09-01T18:44:40.250509+00:00,falcon_7b,few_shot,encounter,validateEncounterFields,FN_validateEncounterFields_END,src/encounter/encounter.service.ts,65,91,04a941d1,jest,5,jest,test_discovery_failure,"FAIL src/encounter/encounter.service.spec.ts
  ● Test suite failed to run

    [96msrc/encounter/encounter.service.spec.ts[0m:[93m81[0m:[93m6[0m - [91merror[0m[90m TS1110: [0mType expected.

    [7m81[0m     </REPAIRED_TEST>
    [7m  [0m [91m     ~[0m
    [96msrc/encounter/encounter.service.spec.ts[0m:[93m98[0m:[93m6[0m - [91merror[0m[90m TS1110: [0mType expected.

    [7m98[0m     </OUTPUT>
    [7m  [0m [91m     ~[0m
    [96msrc/encounter/encounter.service.spec.",09265d240b0d3042621b464f8b80068fc6b8a1dc2eac22c9092a8310fd8866fc,,C:\Users\cdbaz\OneDrive\Documentos\Projetos\usp\tcc\health-microservice-corpus\experiments\logs\errors\run-20260901T031236.570959Z\09265d240b0d3042621b464f8b80068fc6b8a1dc2eac22c9092a8310fd8866fc.txt
run-20260901T031236.570959Z,2026-09-01T18:44:40.250509+00:00,falcon_7b,few_shot,encounter,validateEncounterFields,FN_validateEncounterFields_END,src/encounter/encounter.service.ts,65,91,04a941d1,repair,5,repair,max_repairs_exceeded,Runtime repair exhausted MAX_RUNTIME_REPAIRS=5 attempts,07669857ffb0ce3ee50e620aaa2bdb3e306e87699a96b0b0862427652773b240,,
run-20260901T031236.570959Z,2026-09-01T18:44:40.259740+00:00,falcon_7b,few_shot,encounter,validateEncounterFields,FN_validateEncounterFields_END,src/encounter/encounter.service.ts,65,91,04a941d1,pipeline,,pipeline,rollback,Function 'validateEncounterFields' failed irrecoverably; rolled back to the last known-good snapshot.,5382837389fd9af16c8af1dd0b5d4b5c495409a162285845d6ce7e3840e6b29b,restored,
run-20260901T031236.570959Z,2026-09-01T18:45:22.932236+00:00,falcon_7b,few_shot,encounter,listEncountersByPatient,FN_listEncountersByPatient_END,src/encounter/encounter.service.ts,93,99,04a941d1,jest,1,jest,test_discovery_failure,"FAIL src/encounter/encounter.service.spec.ts
  ● Test suite failed to run

    [96msrc/encounter/encounter.service.spec.ts[0m:[93m97[0m:[93m2[0m - [91merror[0m[90m TS1110: [0mType expected.

    [7m97[0m </OUTPUT>
    [7m  [0m [91m ~[0m

Test Suites: 1 failed, 1 total
Tests:       0 total
Snapshots:   0 total
Time:        0.843 s
Ran all test suites matching src\encounter\encounter.service.spec.ts with tests matching ""FN_listEncountersByPatient_END"".
Test results written to: ..\e",d112f738fe620be0b0d7084ef3355342338797a89cfe6a1e8e329f6f415736d0,,C:\Users\cdbaz\OneDrive\Documentos\Projetos\usp\tcc\health-microservice-corpus\experiments\logs\errors\run-20260901T031236.570959Z\d112f738fe620be0b0d7084ef3355342338797a89cfe6a1e8e329f6f415736d0.txt
run-20260901T031236.570959Z,2026-09-01T18:45:22.932236+00:00,falcon_7b,few_shot,encounter,listEncountersByPatient,FN_listEncountersByPatient_END,src/encounter/encounter.service.ts,93,99,04a941d1,repair,1,repair,unparseable_failure,0 failures parsed from Jest output; whole-file repair is disabled for this attempt.,2ca322236f16007840cf7e8abfbc15162da7933dc8752f1c6a0b9c76d3d03702,,
run-20260901T031236.570959Z,2026-09-01T18:45:25.471729+00:00,falcon_7b,few_shot,encounter,listEncountersByPatient,FN_listEncountersByPatient_END,src/encounter/encounter.service.ts,93,99,04a941d1,jest,2,jest,test_discovery_failure,"FAIL src/encounter/encounter.service.spec.ts
  ● Test suite failed to run

    [96msrc/encounter/encounter.service.spec.ts[0m:[93m97[0m:[93m2[0m - [91merror[0m[90m TS1110: [0mType expected.

    [7m97[0m </OUTPUT>
    [7m  [0m [91m ~[0m

Test Suites: 1 failed, 1 total
Tests:       0 total
Snapshots:   0 total
Time:        0.843 s
Ran all test suites matching src\encounter\encounter.service.spec.ts with tests matching ""FN_listEncountersByPatient_END"".
Test results written to: ..\e",d112f738fe620be0b0d7084ef3355342338797a89cfe6a1e8e329f6f415736d0,,C:\Users\cdbaz\OneDrive\Documentos\Projetos\usp\tcc\health-microservice-corpus\experiments\logs\errors\run-20260901T031236.570959Z\d112f738fe620be0b0d7084ef3355342338797a89cfe6a1e8e329f6f415736d0.txt
run-20260901T031236.570959Z,2026-09-01T18:45:25.471729+00:00,falcon_7b,few_shot,encounter,listEncountersByPatient,FN_listEncountersByPatient_END,src/encounter/encounter.service.ts,93,99,04a941d1,repair,2,repair,unparseable_failure,0 failures parsed from Jest output; whole-file repair is disabled for this attempt.,2ca322236f16007840cf7e8abfbc15162da7933dc8752f1c6a0b9c76d3d03702,,
run-20260901T031236.570959Z,2026-09-01T18:45:28.000186+00:00,falcon_7b,few_shot,encounter,listEncountersByPatient,FN_listEncountersByPatient_END,src/encounter/encounter.service.ts,93,99,04a941d1,jest,3,jest,test_discovery_failure,"FAIL src/encounter/encounter.service.spec.ts
  ● Test suite failed to run

    [96msrc/encounter/encounter.service.spec.ts[0m:[93m97[0m:[93m2[0m - [91merror[0m[90m TS1110: [0mType expected.

    [7m97[0m </OUTPUT>
    [7m  [0m [91m ~[0m

Test Suites: 1 failed, 1 total
Tests:       0 total
Snapshots:   0 total
Time:        0.839 s
Ran all test suites matching src\encounter\encounter.service.spec.ts with tests matching ""FN_listEncountersByPatient_END"".
Test results written to: ..\e",82867ad1febef9cb46532b897715d33961b16937b43789c38c157350dcd60af0,,C:\Users\cdbaz\OneDrive\Documentos\Projetos\usp\tcc\health-microservice-corpus\experiments\logs\errors\run-20260901T031236.570959Z\82867ad1febef9cb46532b897715d33961b16937b43789c38c157350dcd60af0.txt
run-20260901T031236.570959Z,2026-09-01T18:45:28.000186+00:00,falcon_7b,few_shot,encounter,listEncountersByPatient,FN_listEncountersByPatient_END,src/encounter/encounter.service.ts,93,99,04a941d1,repair,3,repair,unparseable_failure,0 failures parsed from Jest output; whole-file repair is disabled for this attempt.,2ca322236f16007840cf7e8abfbc15162da7933dc8752f1c6a0b9c76d3d03702,,
run-20260901T031236.570959Z,2026-09-01T18:45:30.504586+00:00,falcon_7b,few_shot,encounter,listEncountersByPatient,FN_listEncountersByPatient_END,src/encounter/encounter.service.ts,93,99,04a941d1,jest,4,jest,test_discovery_failure,"FAIL src/encounter/encounter.service.spec.ts
  ● Test suite failed to run

    [96msrc/encounter/encounter.service.spec.ts[0m:[93m97[0m:[93m2[0m - [91merror[0m[90m TS1110: [0mType expected.

    [7m97[0m </OUTPUT>
    [7m  [0m [91m ~[0m

Test Suites: 1 failed, 1 total
Tests:       0 total
Snapshots:   0 total
Time:        0.828 s
Ran all test suites matching src\encounter\encounter.service.spec.ts with tests matching ""FN_listEncountersByPatient_END"".
Test results written to: ..\e",bdbf1e8b50d32179aabfffcb38f8e6d0a612ec99117ad6879ed22d32a021b30c,,C:\Users\cdbaz\OneDrive\Documentos\Projetos\usp\tcc\health-microservice-corpus\experiments\logs\errors\run-20260901T031236.570959Z\bdbf1e8b50d32179aabfffcb38f8e6d0a612ec99117ad6879ed22d32a021b30c.txt
run-20260901T031236.570959Z,2026-09-01T18:45:30.504586+00:00,falcon_7b,few_shot,encounter,listEncountersByPatient,FN_listEncountersByPatient_END,src/encounter/encounter.service.ts,93,99,04a941d1,repair,4,repair,unparseable_failure,0 failures parsed from Jest output; whole-file repair is disabled for this attempt.,2ca322236f16007840cf7e8abfbc15162da7933dc8752f1c6a0b9c76d3d03702,,
run-20260901T031236.570959Z,2026-09-01T18:45:33.047197+00:00,falcon_7b,few_shot,encounter,listEncountersByPatient,FN_listEncountersByPatient_END,src/encounter/encounter.service.ts,93,99,04a941d1,jest,5,jest,test_discovery_failure,"FAIL src/encounter/encounter.service.spec.ts
  ● Test suite failed to run

    [96msrc/encounter/encounter.service.spec.ts[0m:[93m97[0m:[93m2[0m - [91merror[0m[90m TS1110: [0mType expected.

    [7m97[0m </OUTPUT>
    [7m  [0m [91m ~[0m

Test Suites: 1 failed, 1 total
Tests:       0 total
Snapshots:   0 total
Time:        0.845 s
Ran all test suites matching src\encounter\encounter.service.spec.ts with tests matching ""FN_listEncountersByPatient_END"".
Test results written to: ..\e",7b84720834d3347ae4c0f3b3def01c1395eb6fe8ba74cab4e257c491db1c3047,,C:\Users\cdbaz\OneDrive\Documentos\Projetos\usp\tcc\health-microservice-corpus\experiments\logs\errors\run-20260901T031236.570959Z\7b84720834d3347ae4c0f3b3def01c1395eb6fe8ba74cab4e257c491db1c3047.txt
run-20260901T031236.570959Z,2026-09-01T18:45:33.047197+00:00,falcon_7b,few_shot,encounter,listEncountersByPatient,FN_listEncountersByPatient_END,src/encounter/encounter.service.ts,93,99,04a941d1,repair,5,repair,max_repairs_exceeded,Runtime repair exhausted MAX_RUNTIME_REPAIRS=5 attempts,07669857ffb0ce3ee50e620aaa2bdb3e306e87699a96b0b0862427652773b240,,
run-20260901T031236.570959Z,2026-09-01T18:45:33.049198+00:00,falcon_7b,few_shot,encounter,listEncountersByPatient,FN_listEncountersByPatient_END,src/encounter/encounter.service.ts,93,99,04a941d1,pipeline,,pipeline,rollback,Function 'listEncountersByPatient' failed irrecoverably; rolled back to the last known-good snapshot.,81eb4a24d39b293fb98bfc3d77e71020ee884ec754342dbb2d44ee66a1ffc088,restored,
run-20260901T031236.570959Z,2026-09-01T18:48:55.712436+00:00,falcon_7b,few_shot,encounter,transitionEncounterStatus,FN_transitionEncounterStatus_END,src/encounter/encounter.service.ts,109,197,04a941d1,generation,,generation,invalid_output,invalid_block: forbidden pattern or unclosed scopes,12119f6d00ff7a0bdd576737e64b23aebfa2db57c293244c3f71a49bb723ceca,,C:\Users\cdbaz\OneDrive\Documentos\Projetos\usp\tcc\health-microservice-corpus\experiments\logs\errors\run-20260901T031236.570959Z\12119f6d00ff7a0bdd576737e64b23aebfa2db57c293244c3f71a49bb723ceca.txt
run-20260901T031236.570959Z,2026-09-01T18:52:06.942690+00:00,falcon_7b,few_shot,encounter,processAdtMessage,FN_processAdtMessage_END,src/encounter/encounter.service.ts,199,317,04a941d1,jest,1,jest,test_discovery_failure,"FAIL src/encounter/encounter.service.spec.ts
  ● Test suite failed to run

    [96msrc/encounter/encounter.service.spec.ts[0m:[93m116[0m:[93m5[0m - [91merror[0m[90m TS1135: [0mArgument expression expected.

    [7m116[0m     }.rejects.toThrow(BadRequestException));
    [7m   [0m [91m    ~[0m
    [96msrc/encounter/encounter.service.spec.ts[0m:[93m116[0m:[93m6[0m - [91merror[0m[90m TS1005: [0m',' expected.

    [7m116[0m     }.rejects.toThrow(BadRequestException));",4cb41ce6b7c55d1a6e3e5a19b58e31e1d478df313a4b15411dff1abfab3e4f48,,C:\Users\cdbaz\OneDrive\Documentos\Projetos\usp\tcc\health-microservice-corpus\experiments\logs\errors\run-20260901T031236.570959Z\4cb41ce6b7c55d1a6e3e5a19b58e31e1d478df313a4b15411dff1abfab3e4f48.txt
run-20260901T031236.570959Z,2026-09-01T18:52:06.942690+00:00,falcon_7b,few_shot,encounter,processAdtMessage,FN_processAdtMessage_END,src/encounter/encounter.service.ts,199,317,04a941d1,repair,1,repair,unparseable_failure,0 failures parsed from Jest output; whole-file repair is disabled for this attempt.,2ca322236f16007840cf7e8abfbc15162da7933dc8752f1c6a0b9c76d3d03702,,
run-20260901T031236.570959Z,2026-09-01T18:52:09.490004+00:00,falcon_7b,few_shot,encounter,processAdtMessage,FN_processAdtMessage_END,src/encounter/encounter.service.ts,199,317,04a941d1,jest,2,jest,test_discovery_failure,"FAIL src/encounter/encounter.service.spec.ts
  ● Test suite failed to run

    [96msrc/encounter/encounter.service.spec.ts[0m:[93m116[0m:[93m5[0m - [91merror[0m[90m TS1135: [0mArgument expression expected.

    [7m116[0m     }.rejects.toThrow(BadRequestException));
    [7m   [0m [91m    ~[0m
    [96msrc/encounter/encounter.service.spec.ts[0m:[93m116[0m:[93m6[0m - [91merror[0m[90m TS1005: [0m',' expected.

    [7m116[0m     }.rejects.toThrow(BadRequestException));",7b8ce66f9adefb2222f395dd9142396cb73c0e11249b69a477f7ec71e7cd5bd5,,C:\Users\cdbaz\OneDrive\Documentos\Projetos\usp\tcc\health-microservice-corpus\experiments\logs\errors\run-20260901T031236.570959Z\7b8ce66f9adefb2222f395dd9142396cb73c0e11249b69a477f7ec71e7cd5bd5.txt
run-20260901T031236.570959Z,2026-09-01T18:52:09.490004+00:00,falcon_7b,few_shot,encounter,processAdtMessage,FN_processAdtMessage_END,src/encounter/encounter.service.ts,199,317,04a941d1,repair,2,repair,unparseable_failure,0 failures parsed from Jest output; whole-file repair is disabled for this attempt.,2ca322236f16007840cf7e8abfbc15162da7933dc8752f1c6a0b9c76d3d03702,,
run-20260901T031236.570959Z,2026-09-01T18:52:12.037457+00:00,falcon_7b,few_shot,encounter,processAdtMessage,FN_processAdtMessage_END,src/encounter/encounter.service.ts,199,317,04a941d1,jest,3,jest,test_discovery_failure,"FAIL src/encounter/encounter.service.spec.ts
  ● Test suite failed to run

    [96msrc/encounter/encounter.service.spec.ts[0m:[93m116[0m:[93m5[0m - [91merror[0m[90m TS1135: [0mArgument expression expected.

    [7m116[0m     }.rejects.toThrow(BadRequestException));
    [7m   [0m [91m    ~[0m
    [96msrc/encounter/encounter.service.spec.ts[0m:[93m116[0m:[93m6[0m - [91merror[0m[90m TS1005: [0m',' expected.

    [7m116[0m     }.rejects.toThrow(BadRequestException));",e78380634a8584124a8ed85fc626624cfc3f455482d10d7a1b3750b3e4ddeba1,,C:\Users\cdbaz\OneDrive\Documentos\Projetos\usp\tcc\health-microservice-corpus\experiments\logs\errors\run-20260901T031236.570959Z\e78380634a8584124a8ed85fc626624cfc3f455482d10d7a1b3750b3e4ddeba1.txt
run-20260901T031236.570959Z,2026-09-01T18:52:12.037457+00:00,falcon_7b,few_shot,encounter,processAdtMessage,FN_processAdtMessage_END,src/encounter/encounter.service.ts,199,317,04a941d1,repair,3,repair,unparseable_failure,0 failures parsed from Jest output; whole-file repair is disabled for this attempt.,2ca322236f16007840cf7e8abfbc15162da7933dc8752f1c6a0b9c76d3d03702,,
run-20260901T031236.570959Z,2026-09-01T18:52:14.574358+00:00,falcon_7b,few_shot,encounter,processAdtMessage,FN_processAdtMessage_END,src/encounter/encounter.service.ts,199,317,04a941d1,jest,4,jest,test_discovery_failure,"FAIL src/encounter/encounter.service.spec.ts
  ● Test suite failed to run

    [96msrc/encounter/encounter.service.spec.ts[0m:[93m116[0m:[93m5[0m - [91merror[0m[90m TS1135: [0mArgument expression expected.

    [7m116[0m     }.rejects.toThrow(BadRequestException));
    [7m   [0m [91m    ~[0m
    [96msrc/encounter/encounter.service.spec.ts[0m:[93m116[0m:[93m6[0m - [91merror[0m[90m TS1005: [0m',' expected.

    [7m116[0m     }.rejects.toThrow(BadRequestException));",198756fef97a3c981475f649856212feafe249dc76b9fd78afe058d4aad591a5,,C:\Users\cdbaz\OneDrive\Documentos\Projetos\usp\tcc\health-microservice-corpus\experiments\logs\errors\run-20260901T031236.570959Z\198756fef97a3c981475f649856212feafe249dc76b9fd78afe058d4aad591a5.txt
run-20260901T031236.570959Z,2026-09-01T18:52:14.574358+00:00,falcon_7b,few_shot,encounter,processAdtMessage,FN_processAdtMessage_END,src/encounter/encounter.service.ts,199,317,04a941d1,repair,4,repair,unparseable_failure,0 failures parsed from Jest output; whole-file repair is disabled for this attempt.,2ca322236f16007840cf7e8abfbc15162da7933dc8752f1c6a0b9c76d3d03702,,
run-20260901T031236.570959Z,2026-09-01T18:52:17.165072+00:00,falcon_7b,few_shot,encounter,processAdtMessage,FN_processAdtMessage_END,src/encounter/encounter.service.ts,199,317,04a941d1,jest,5,jest,test_discovery_failure,"FAIL src/encounter/encounter.service.spec.ts
  ● Test suite failed to run

    [96msrc/encounter/encounter.service.spec.ts[0m:[93m116[0m:[93m5[0m - [91merror[0m[90m TS1135: [0mArgument expression expected.

    [7m116[0m     }.rejects.toThrow(BadRequestException));
    [7m   [0m [91m    ~[0m
    [96msrc/encounter/encounter.service.spec.ts[0m:[93m116[0m:[93m6[0m - [91merror[0m[90m TS1005: [0m',' expected.

    [7m116[0m     }.rejects.toThrow(BadRequestException));",380f7b82353806cd1b5b88385bc6718fe0ea3571fd1eedd83c148a15fc12719e,,C:\Users\cdbaz\OneDrive\Documentos\Projetos\usp\tcc\health-microservice-corpus\experiments\logs\errors\run-20260901T031236.570959Z\380f7b82353806cd1b5b88385bc6718fe0ea3571fd1eedd83c148a15fc12719e.txt
run-20260901T031236.570959Z,2026-09-01T18:52:17.165072+00:00,falcon_7b,few_shot,encounter,processAdtMessage,FN_processAdtMessage_END,src/encounter/encounter.service.ts,199,317,04a941d1,repair,5,repair,max_repairs_exceeded,Runtime repair exhausted MAX_RUNTIME_REPAIRS=5 attempts,07669857ffb0ce3ee50e620aaa2bdb3e306e87699a96b0b0862427652773b240,,
run-20260901T031236.570959Z,2026-09-01T18:52:17.165072+00:00,falcon_7b,few_shot,encounter,processAdtMessage,FN_processAdtMessage_END,src/encounter/encounter.service.ts,199,317,04a941d1,pipeline,,pipeline,rollback,Function 'processAdtMessage' failed irrecoverably; rolled back to the last known-good snapshot.,83d22eb5bd5566576cae520c8f8658b9f0b5f790ca0a667dbe6dcf0c66e027a4,restored,
run-20260901T031236.570959Z,2026-09-01T18:53:53.323556+00:00,falcon_7b,few_shot,encounter,updateEncounter,FN_updateEncounter_END,src/encounter/encounter.service.ts,319,363,04a941d1,jest,1,jest,test_discovery_failure,"FAIL src/encounter/encounter.service.spec.ts
  ● Test suite failed to run

    [96msrc/encounter/encounter.service.spec.ts[0m:[93m181[0m:[93m2[0m - [91merror[0m[90m TS1110: [0mType expected.

    [7m181[0m </OUTPUT>
    [7m   [0m [91m ~[0m

Test Suites: 1 failed, 1 total
Tests:       0 total
Snapshots:   0 total
Time:        0.865 s
Ran all test suites matching src\encounter\encounter.service.spec.ts with tests matching ""FN_updateEncounter_END"".
Test results written to: ..\experi",98d9b25aa74df0fc917ed8828250a86a0e4c87774921063021685c4713fa069c,,C:\Users\cdbaz\OneDrive\Documentos\Projetos\usp\tcc\health-microservice-corpus\experiments\logs\errors\run-20260901T031236.570959Z\98d9b25aa74df0fc917ed8828250a86a0e4c87774921063021685c4713fa069c.txt
run-20260901T031236.570959Z,2026-09-01T18:53:53.323556+00:00,falcon_7b,few_shot,encounter,updateEncounter,FN_updateEncounter_END,src/encounter/encounter.service.ts,319,363,04a941d1,repair,1,repair,unparseable_failure,0 failures parsed from Jest output; whole-file repair is disabled for this attempt.,2ca322236f16007840cf7e8abfbc15162da7933dc8752f1c6a0b9c76d3d03702,,
run-20260901T031236.570959Z,2026-09-01T18:53:55.885432+00:00,falcon_7b,few_shot,encounter,updateEncounter,FN_updateEncounter_END,src/encounter/encounter.service.ts,319,363,04a941d1,jest,2,jest,test_discovery_failure,"FAIL src/encounter/encounter.service.spec.ts
  ● Test suite failed to run

    [96msrc/encounter/encounter.service.spec.ts[0m:[93m181[0m:[93m2[0m - [91merror[0m[90m TS1110: [0mType expected.

    [7m181[0m </OUTPUT>
    [7m   [0m [91m ~[0m

Test Suites: 1 failed, 1 total
Tests:       0 total
Snapshots:   0 total
Time:        0.835 s
Ran all test suites matching src\encounter\encounter.service.spec.ts with tests matching ""FN_updateEncounter_END"".
Test results written to: ..\experi",b3e42a5f91a37fc24b53cc9a3cee020af9b116f6230512dfeeb0517d20c4f1cb,,C:\Users\cdbaz\OneDrive\Documentos\Projetos\usp\tcc\health-microservice-corpus\experiments\logs\errors\run-20260901T031236.570959Z\b3e42a5f91a37fc24b53cc9a3cee020af9b116f6230512dfeeb0517d20c4f1cb.txt
run-20260901T031236.570959Z,2026-09-01T18:53:55.885432+00:00,falcon_7b,few_shot,encounter,updateEncounter,FN_updateEncounter_END,src/encounter/encounter.service.ts,319,363,04a941d1,repair,2,repair,unparseable_failure,0 failures parsed from Jest output; whole-file repair is disabled for this attempt.,2ca322236f16007840cf7e8abfbc15162da7933dc8752f1c6a0b9c76d3d03702,,
run-20260901T031236.570959Z,2026-09-01T18:53:58.421214+00:00,falcon_7b,few_shot,encounter,updateEncounter,FN_updateEncounter_END,src/encounter/encounter.service.ts,319,363,04a941d1,jest,3,jest,test_discovery_failure,"FAIL src/encounter/encounter.service.spec.ts
  ● Test suite failed to run

    [96msrc/encounter/encounter.service.spec.ts[0m:[93m181[0m:[93m2[0m - [91merror[0m[90m TS1110: [0mType expected.

    [7m181[0m </OUTPUT>
    [7m   [0m [91m ~[0m

Test Suites: 1 failed, 1 total
Tests:       0 total
Snapshots:   0 total
Time:        0.852 s
Ran all test suites matching src\encounter\encounter.service.spec.ts with tests matching ""FN_updateEncounter_END"".
Test results written to: ..\experi",759c24867c49b6da0225762517c0ab8f26828eb1393d5fb63517d1d71f2c9a13,,C:\Users\cdbaz\OneDrive\Documentos\Projetos\usp\tcc\health-microservice-corpus\experiments\logs\errors\run-20260901T031236.570959Z\759c24867c49b6da0225762517c0ab8f26828eb1393d5fb63517d1d71f2c9a13.txt
run-20260901T031236.570959Z,2026-09-01T18:53:58.421214+00:00,falcon_7b,few_shot,encounter,updateEncounter,FN_updateEncounter_END,src/encounter/encounter.service.ts,319,363,04a941d1,repair,3,repair,unparseable_failure,0 failures parsed from Jest output; whole-file repair is disabled for this attempt.,2ca322236f16007840cf7e8abfbc15162da7933dc8752f1c6a0b9c76d3d03702,,
run-20260901T031236.570959Z,2026-09-01T18:54:00.973675+00:00,falcon_7b,few_shot,encounter,updateEncounter,FN_updateEncounter_END,src/encounter/encounter.service.ts,319,363,04a941d1,jest,4,jest,test_discovery_failure,"FAIL src/encounter/encounter.service.spec.ts
  ● Test suite failed to run

    [96msrc/encounter/encounter.service.spec.ts[0m:[93m181[0m:[93m2[0m - [91merror[0m[90m TS1110: [0mType expected.

    [7m181[0m </OUTPUT>
    [7m   [0m [91m ~[0m

Test Suites: 1 failed, 1 total
Tests:       0 total
Snapshots:   0 total
Time:        0.866 s
Ran all test suites matching src\encounter\encounter.service.spec.ts with tests matching ""FN_updateEncounter_END"".
Test results written to: ..\experi",a230d649598e5c3b3fad7679334773f79c1dcd53774c061543f51d078d705cb6,,C:\Users\cdbaz\OneDrive\Documentos\Projetos\usp\tcc\health-microservice-corpus\experiments\logs\errors\run-20260901T031236.570959Z\a230d649598e5c3b3fad7679334773f79c1dcd53774c061543f51d078d705cb6.txt
run-20260901T031236.570959Z,2026-09-01T18:54:00.973675+00:00,falcon_7b,few_shot,encounter,updateEncounter,FN_updateEncounter_END,src/encounter/encounter.service.ts,319,363,04a941d1,repair,4,repair,unparseable_failure,0 failures parsed from Jest output; whole-file repair is disabled for this attempt.,2ca322236f16007840cf7e8abfbc15162da7933dc8752f1c6a0b9c76d3d03702,,
run-20260901T031236.570959Z,2026-09-01T18:54:03.544036+00:00,falcon_7b,few_shot,encounter,updateEncounter,FN_updateEncounter_END,src/encounter/encounter.service.ts,319,363,04a941d1,jest,5,jest,test_discovery_failure,"FAIL src/encounter/encounter.service.spec.ts
  ● Test suite failed to run

    [96msrc/encounter/encounter.service.spec.ts[0m:[93m181[0m:[93m2[0m - [91merror[0m[90m TS1110: [0mType expected.

    [7m181[0m </OUTPUT>
    [7m   [0m [91m ~[0m

Test Suites: 1 failed, 1 total
Tests:       0 total
Snapshots:   0 total
Time:        0.854 s
Ran all test suites matching src\encounter\encounter.service.spec.ts with tests matching ""FN_updateEncounter_END"".
Test results written to: ..\experi",6de9f694671e8295f98f132ef83c9efcb67131fbcf068d31bdb9b8557f6cf36d,,C:\Users\cdbaz\OneDrive\Documentos\Projetos\usp\tcc\health-microservice-corpus\experiments\logs\errors\run-20260901T031236.570959Z\6de9f694671e8295f98f132ef83c9efcb67131fbcf068d31bdb9b8557f6cf36d.txt
run-20260901T031236.570959Z,2026-09-01T18:54:03.544741+00:00,falcon_7b,few_shot,encounter,updateEncounter,FN_updateEncounter_END,src/encounter/encounter.service.ts,319,363,04a941d1,repair,5,repair,max_repairs_exceeded,Runtime repair exhausted MAX_RUNTIME_REPAIRS=5 attempts,07669857ffb0ce3ee50e620aaa2bdb3e306e87699a96b0b0862427652773b240,,
run-20260901T031236.570959Z,2026-09-01T18:54:03.547894+00:00,falcon_7b,few_shot,encounter,updateEncounter,FN_updateEncounter_END,src/encounter/encounter.service.ts,319,363,04a941d1,pipeline,,pipeline,rollback,Function 'updateEncounter' failed irrecoverably; rolled back to the last known-good snapshot.,74a3e3d314a242c26c3d62e5e7229e64c7a4cf10eff37481af0d96931290ac9c,restored,
run-20260901T031236.570959Z,2026-09-01T19:05:58.524519+00:00,falcon_7b,few_shot,encounter,buildEncounterSummary,FN_buildEncounterSummary_END,src/encounter/encounter.service.ts,365,439,04a941d1,generation,,generation,invalid_output,invalid_block: forbidden pattern or unclosed scopes,104078bcc90e9ec9dd8fc6a4f5337781575e113fd897acbf78225a64a6e1ed55,,C:\Users\cdbaz\OneDrive\Documentos\Projetos\usp\tcc\health-microservice-corpus\experiments\logs\errors\run-20260901T031236.570959Z\104078bcc90e9ec9dd8fc6a4f5337781575e113fd897acbf78225a64a6e1ed55.txt
run-20260901T031236.570959Z,2026-09-01T19:06:25.219152+00:00,falcon_7b,few_shot,order,getOrderById,FN_getOrderById_END,src/order/order.service.ts,26,32,556cd6ea,generation,,generation,invalid_output,invalid_block: forbidden pattern or unclosed scopes,4cf643e869eea68d3e78b5c22897a62272e22f4c068ccc7a9847699769c01a39,,C:\Users\cdbaz\OneDrive\Documentos\Projetos\usp\tcc\health-microservice-corpus\experiments\logs\errors\run-20260901T031236.570959Z\4cf643e869eea68d3e78b5c22897a62272e22f4c068ccc7a9847699769c01a39.txt
run-20260901T031236.570959Z,2026-09-01T19:08:44.958668+00:00,falcon_7b,few_shot,order,createOrder,FN_createOrder_END,src/order/order.service.ts,34,70,556cd6ea,jest,1,jest,test_discovery_failure,"FAIL src/order/order.service.spec.ts
  ● Test suite failed to run

    [96msrc/order/order.service.spec.ts[0m:[93m76[0m:[93m5[0m - [91merror[0m[90m TS1135: [0mArgument expression expected.

    [7m76[0m     }.rejects.toThrow(BadRequestException));
    [7m  [0m [91m    ~[0m
    [96msrc/order/order.service.spec.ts[0m:[93m76[0m:[93m6[0m - [91merror[0m[90m TS1005: [0m',' expected.

    [7m76[0m     }.rejects.toThrow(BadRequestException));
    [7m  [0m [91m     ~[0m",d3fa55b25fde2447e6199762a50bc420996fd5f21879c50ccfbbf425722ee94e,,C:\Users\cdbaz\OneDrive\Documentos\Projetos\usp\tcc\health-microservice-corpus\experiments\logs\errors\run-20260901T031236.570959Z\d3fa55b25fde2447e6199762a50bc420996fd5f21879c50ccfbbf425722ee94e.txt
run-20260901T031236.570959Z,2026-09-01T19:08:44.958668+00:00,falcon_7b,few_shot,order,createOrder,FN_createOrder_END,src/order/order.service.ts,34,70,556cd6ea,repair,1,repair,unparseable_failure,0 failures parsed from Jest output; whole-file repair is disabled for this attempt.,2ca322236f16007840cf7e8abfbc15162da7933dc8752f1c6a0b9c76d3d03702,,
run-20260901T031236.570959Z,2026-09-01T19:08:47.816213+00:00,falcon_7b,few_shot,order,createOrder,FN_createOrder_END,src/order/order.service.ts,34,70,556cd6ea,jest,2,jest,test_discovery_failure,"FAIL src/order/order.service.spec.ts
  ● Test suite failed to run

    [96msrc/order/order.service.spec.ts[0m:[93m76[0m:[93m5[0m - [91merror[0m[90m TS1135: [0mArgument expression expected.

    [7m76[0m     }.rejects.toThrow(BadRequestException));
    [7m  [0m [91m    ~[0m
    [96msrc/order/order.service.spec.ts[0m:[93m76[0m:[93m6[0m - [91merror[0m[90m TS1005: [0m',' expected.

    [7m76[0m     }.rejects.toThrow(BadRequestException));
    [7m  [0m [91m     ~[0m",724aca6c5eaa7abd1f602598c0ec68c19cafed93b410e980d379ddead5fd3cc7,,C:\Users\cdbaz\OneDrive\Documentos\Projetos\usp\tcc\health-microservice-corpus\experiments\logs\errors\run-20260901T031236.570959Z\724aca6c5eaa7abd1f602598c0ec68c19cafed93b410e980d379ddead5fd3cc7.txt
run-20260901T031236.570959Z,2026-09-01T19:08:47.816213+00:00,falcon_7b,few_shot,order,createOrder,FN_createOrder_END,src/order/order.service.ts,34,70,556cd6ea,repair,2,repair,unparseable_failure,0 failures parsed from Jest output; whole-file repair is disabled for this attempt.,2ca322236f16007840cf7e8abfbc15162da7933dc8752f1c6a0b9c76d3d03702,,
run-20260901T031236.570959Z,2026-09-01T19:08:50.288728+00:00,falcon_7b,few_shot,order,createOrder,FN_createOrder_END,src/order/order.service.ts,34,70,556cd6ea,jest,3,jest,test_discovery_failure,"FAIL src/order/order.service.spec.ts
  ● Test suite failed to run

    [96msrc/order/order.service.spec.ts[0m:[93m76[0m:[93m5[0m - [91merror[0m[90m TS1135: [0mArgument expression expected.

    [7m76[0m     }.rejects.toThrow(BadRequestException));
    [7m  [0m [91m    ~[0m
    [96msrc/order/order.service.spec.ts[0m:[93m76[0m:[93m6[0m - [91merror[0m[90m TS1005: [0m',' expected.

    [7m76[0m     }.rejects.toThrow(BadRequestException));
    [7m  [0m [91m     ~[0m",fa0e7211258653a7827be92172f04b88be89872bdeb6874477b1924b3f917d7f,,C:\Users\cdbaz\OneDrive\Documentos\Projetos\usp\tcc\health-microservice-corpus\experiments\logs\errors\run-20260901T031236.570959Z\fa0e7211258653a7827be92172f04b88be89872bdeb6874477b1924b3f917d7f.txt
run-20260901T031236.570959Z,2026-09-01T19:08:50.288728+00:00,falcon_7b,few_shot,order,createOrder,FN_createOrder_END,src/order/order.service.ts,34,70,556cd6ea,repair,3,repair,unparseable_failure,0 failures parsed from Jest output; whole-file repair is disabled for this attempt.,2ca322236f16007840cf7e8abfbc15162da7933dc8752f1c6a0b9c76d3d03702,,
run-20260901T031236.570959Z,2026-09-01T19:08:52.745449+00:00,falcon_7b,few_shot,order,createOrder,FN_createOrder_END,src/order/order.service.ts,34,70,556cd6ea,jest,4,jest,test_discovery_failure,"FAIL src/order/order.service.spec.ts
  ● Test suite failed to run

    [96msrc/order/order.service.spec.ts[0m:[93m76[0m:[93m5[0m - [91merror[0m[90m TS1135: [0mArgument expression expected.

    [7m76[0m     }.rejects.toThrow(BadRequestException));
    [7m  [0m [91m    ~[0m
    [96msrc/order/order.service.spec.ts[0m:[93m76[0m:[93m6[0m - [91merror[0m[90m TS1005: [0m',' expected.

    [7m76[0m     }.rejects.toThrow(BadRequestException));
    [7m  [0m [91m     ~[0m",6220999fe3e12cd8d9407e36f741c45640208f626116d22c50861781b43dc154,,C:\Users\cdbaz\OneDrive\Documentos\Projetos\usp\tcc\health-microservice-corpus\experiments\logs\errors\run-20260901T031236.570959Z\6220999fe3e12cd8d9407e36f741c45640208f626116d22c50861781b43dc154.txt
run-20260901T031236.570959Z,2026-09-01T19:08:52.745449+00:00,falcon_7b,few_shot,order,createOrder,FN_createOrder_END,src/order/order.service.ts,34,70,556cd6ea,repair,4,repair,unparseable_failure,0 failures parsed from Jest output; whole-file repair is disabled for this attempt.,2ca322236f16007840cf7e8abfbc15162da7933dc8752f1c6a0b9c76d3d03702,,
run-20260901T031236.570959Z,2026-09-01T19:08:55.227455+00:00,falcon_7b,few_shot,order,createOrder,FN_createOrder_END,src/order/order.service.ts,34,70,556cd6ea,jest,5,jest,test_discovery_failure,"FAIL src/order/order.service.spec.ts
  ● Test suite failed to run

    [96msrc/order/order.service.spec.ts[0m:[93m76[0m:[93m5[0m - [91merror[0m[90m TS1135: [0mArgument expression expected.

    [7m76[0m     }.rejects.toThrow(BadRequestException));
    [7m  [0m [91m    ~[0m
    [96msrc/order/order.service.spec.ts[0m:[93m76[0m:[93m6[0m - [91merror[0m[90m TS1005: [0m',' expected.

    [7m76[0m     }.rejects.toThrow(BadRequestException));
    [7m  [0m [91m     ~[0m",418c4b1d26906f861bd06a8ed54c596ee27fd98dc6deb4932202702e06dc6cce,,C:\Users\cdbaz\OneDrive\Documentos\Projetos\usp\tcc\health-microservice-corpus\experiments\logs\errors\run-20260901T031236.570959Z\418c4b1d26906f861bd06a8ed54c596ee27fd98dc6deb4932202702e06dc6cce.txt
run-20260901T031236.570959Z,2026-09-01T19:08:55.228448+00:00,falcon_7b,few_shot,order,createOrder,FN_createOrder_END,src/order/order.service.ts,34,70,556cd6ea,repair,5,repair,max_repairs_exceeded,Runtime repair exhausted MAX_RUNTIME_REPAIRS=5 attempts,07669857ffb0ce3ee50e620aaa2bdb3e306e87699a96b0b0862427652773b240,,
run-20260901T031236.570959Z,2026-09-01T19:08:55.230473+00:00,falcon_7b,few_shot,order,createOrder,FN_createOrder_END,src/order/order.service.ts,34,70,556cd6ea,pipeline,,pipeline,rollback,Function 'createOrder' failed irrecoverably; rolled back to the last known-good snapshot.,8ec762b0b80197454cef8bea4eeb6865fd9a969a538418f8dd62319f96f66918,restored,
run-20260901T031236.570959Z,2026-09-01T19:09:47.696428+00:00,falcon_7b,few_shot,order,searchOrders,FN_searchOrders_END,src/order/order.service.ts,72,74,556cd6ea,jest,1,jest,test_discovery_failure,"FAIL src/order/order.service.spec.ts
  ● Test suite failed to run

    [96msrc/order/order.service.spec.ts[0m:[93m107[0m:[93m5[0m - [91merror[0m[90m TS1135: [0mArgument expression expected.

    [7m107[0m     }.rejects.toThrow(NotFoundException));
    [7m   [0m [91m    ~[0m
    [96msrc/order/order.service.spec.ts[0m:[93m107[0m:[93m6[0m - [91merror[0m[90m TS1005: [0m',' expected.

    [7m107[0m     }.rejects.toThrow(NotFoundException));
    [7m   [0m [91m     ~[0m",b6e1d8550eb21dce5b0bd79060b892b5bf6d08cb7e6ccb9d67f78b66f1cf0451,,C:\Users\cdbaz\OneDrive\Documentos\Projetos\usp\tcc\health-microservice-corpus\experiments\logs\errors\run-20260901T031236.570959Z\b6e1d8550eb21dce5b0bd79060b892b5bf6d08cb7e6ccb9d67f78b66f1cf0451.txt
run-20260901T031236.570959Z,2026-09-01T19:09:47.698432+00:00,falcon_7b,few_shot,order,searchOrders,FN_searchOrders_END,src/order/order.service.ts,72,74,556cd6ea,repair,1,repair,unparseable_failure,0 failures parsed from Jest output; whole-file repair is disabled for this attempt.,2ca322236f16007840cf7e8abfbc15162da7933dc8752f1c6a0b9c76d3d03702,,
run-20260901T031236.570959Z,2026-09-01T19:09:50.181097+00:00,falcon_7b,few_shot,order,searchOrders,FN_searchOrders_END,src/order/order.service.ts,72,74,556cd6ea,jest,2,jest,test_discovery_failure,"FAIL src/order/order.service.spec.ts
  ● Test suite failed to run

    [96msrc/order/order.service.spec.ts[0m:[93m107[0m:[93m5[0m - [91merror[0m[90m TS1135: [0mArgument expression expected.

    [7m107[0m     }.rejects.toThrow(NotFoundException));
    [7m   [0m [91m    ~[0m
    [96msrc/order/order.service.spec.ts[0m:[93m107[0m:[93m6[0m - [91merror[0m[90m TS1005: [0m',' expected.

    [7m107[0m     }.rejects.toThrow(NotFoundException));
    [7m   [0m [91m     ~[0m",472e472e12fb8842982de7156afdff7a445a93863685fec3cffe4f5f568641dd,,C:\Users\cdbaz\OneDrive\Documentos\Projetos\usp\tcc\health-microservice-corpus\experiments\logs\errors\run-20260901T031236.570959Z\472e472e12fb8842982de7156afdff7a445a93863685fec3cffe4f5f568641dd.txt
run-20260901T031236.570959Z,2026-09-01T19:09:50.181097+00:00,falcon_7b,few_shot,order,searchOrders,FN_searchOrders_END,src/order/order.service.ts,72,74,556cd6ea,repair,2,repair,unparseable_failure,0 failures parsed from Jest output; whole-file repair is disabled for this attempt.,2ca322236f16007840cf7e8abfbc15162da7933dc8752f1c6a0b9c76d3d03702,,
run-20260901T031236.570959Z,2026-09-01T19:09:52.654884+00:00,falcon_7b,few_shot,order,searchOrders,FN_searchOrders_END,src/order/order.service.ts,72,74,556cd6ea,jest,3,jest,test_discovery_failure,"FAIL src/order/order.service.spec.ts
  ● Test suite failed to run

    [96msrc/order/order.service.spec.ts[0m:[93m107[0m:[93m5[0m - [91merror[0m[90m TS1135: [0mArgument expression expected.

    [7m107[0m     }.rejects.toThrow(NotFoundException));
    [7m   [0m [91m    ~[0m
    [96msrc/order/order.service.spec.ts[0m:[93m107[0m:[93m6[0m - [91merror[0m[90m TS1005: [0m',' expected.

    [7m107[0m     }.rejects.toThrow(NotFoundException));
    [7m   [0m [91m     ~[0m",99ccaf6614d12e959dd671bed056368ff2848b6115649cb3caf63ae82175d5a8,,C:\Users\cdbaz\OneDrive\Documentos\Projetos\usp\tcc\health-microservice-corpus\experiments\logs\errors\run-20260901T031236.570959Z\99ccaf6614d12e959dd671bed056368ff2848b6115649cb3caf63ae82175d5a8.txt
run-20260901T031236.570959Z,2026-09-01T19:09:52.654884+00:00,falcon_7b,few_shot,order,searchOrders,FN_searchOrders_END,src/order/order.service.ts,72,74,556cd6ea,repair,3,repair,unparseable_failure,0 failures parsed from Jest output; whole-file repair is disabled for this attempt.,2ca322236f16007840cf7e8abfbc15162da7933dc8752f1c6a0b9c76d3d03702,,
run-20260901T031236.570959Z,2026-09-01T19:09:55.132350+00:00,falcon_7b,few_shot,order,searchOrders,FN_searchOrders_END,src/order/order.service.ts,72,74,556cd6ea,jest,4,jest,test_discovery_failure,"FAIL src/order/order.service.spec.ts
  ● Test suite failed to run

    [96msrc/order/order.service.spec.ts[0m:[93m107[0m:[93m5[0m - [91merror[0m[90m TS1135: [0mArgument expression expected.

    [7m107[0m     }.rejects.toThrow(NotFoundException));
    [7m   [0m [91m    ~[0m
    [96msrc/order/order.service.spec.ts[0m:[93m107[0m:[93m6[0m - [91merror[0m[90m TS1005: [0m',' expected.

    [7m107[0m     }.rejects.toThrow(NotFoundException));
    [7m   [0m [91m     ~[0m",dc6a39a19e376070f5b95341984a9dc2807600f7594f0f637b6bb798d0dd7fbf,,C:\Users\cdbaz\OneDrive\Documentos\Projetos\usp\tcc\health-microservice-corpus\experiments\logs\errors\run-20260901T031236.570959Z\dc6a39a19e376070f5b95341984a9dc2807600f7594f0f637b6bb798d0dd7fbf.txt
run-20260901T031236.570959Z,2026-09-01T19:09:55.132350+00:00,falcon_7b,few_shot,order,searchOrders,FN_searchOrders_END,src/order/order.service.ts,72,74,556cd6ea,repair,4,repair,unparseable_failure,0 failures parsed from Jest output; whole-file repair is disabled for this attempt.,2ca322236f16007840cf7e8abfbc15162da7933dc8752f1c6a0b9c76d3d03702,,
run-20260901T031236.570959Z,2026-09-01T19:09:57.589187+00:00,falcon_7b,few_shot,order,searchOrders,FN_searchOrders_END,src/order/order.service.ts,72,74,556cd6ea,jest,5,jest,test_discovery_failure,"FAIL src/order/order.service.spec.ts
  ● Test suite failed to run

    [96msrc/order/order.service.spec.ts[0m:[93m107[0m:[93m5[0m - [91merror[0m[90m TS1135: [0mArgument expression expected.

    [7m107[0m     }.rejects.toThrow(NotFoundException));
    [7m   [0m [91m    ~[0m
    [96msrc/order/order.service.spec.ts[0m:[93m107[0m:[93m6[0m - [91merror[0m[90m TS1005: [0m',' expected.

    [7m107[0m     }.rejects.toThrow(NotFoundException));
    [7m   [0m [91m     ~[0m",ff9c78f94697a4b5ba7b1f8d038772de8ba6b948774a8ee6b73674d6b8e29118,,C:\Users\cdbaz\OneDrive\Documentos\Projetos\usp\tcc\health-microservice-corpus\experiments\logs\errors\run-20260901T031236.570959Z\ff9c78f94697a4b5ba7b1f8d038772de8ba6b948774a8ee6b73674d6b8e29118.txt
run-20260901T031236.570959Z,2026-09-01T19:09:57.589187+00:00,falcon_7b,few_shot,order,searchOrders,FN_searchOrders_END,src/order/order.service.ts,72,74,556cd6ea,repair,5,repair,max_repairs_exceeded,Runtime repair exhausted MAX_RUNTIME_REPAIRS=5 attempts,07669857ffb0ce3ee50e620aaa2bdb3e306e87699a96b0b0862427652773b240,,
run-20260901T031236.570959Z,2026-09-01T19:09:57.589187+00:00,falcon_7b,few_shot,order,searchOrders,FN_searchOrders_END,src/order/order.service.ts,72,74,556cd6ea,pipeline,,pipeline,rollback,Function 'searchOrders' failed irrecoverably; rolled back to the last known-good snapshot.,25dacf637547e47a97d5599057300b8e49d5e168aa0afb1c90da695504320b1a,restored,
run-20260901T031236.570959Z,2026-09-01T19:12:51.025924+00:00,falcon_7b,few_shot,order,validateOrderResult,FN_validateOrderResult_END,src/order/order.service.ts,80,158,556cd6ea,jest,1,jest,test_discovery_failure,"FAIL src/order/order.service.spec.ts
  ● Test suite failed to run

    [96msrc/order/order.service.spec.ts[0m:[93m139[0m:[93m5[0m - [91merror[0m[90m TS1135: [0mArgument expression expected.

    [7m139[0m     }.rejects.toThrow(BadRequestException));
    [7m   [0m [91m    ~[0m
    [96msrc/order/order.service.spec.ts[0m:[93m139[0m:[93m6[0m - [91merror[0m[90m TS1005: [0m',' expected.

    [7m139[0m     }.rejects.toThrow(BadRequestException));
    [7m   [0m [91m     ~",d87da4aea50e7165756e8ee00055699f9d93fc332641ce024307df838d3fcbba,,C:\Users\cdbaz\OneDrive\Documentos\Projetos\usp\tcc\health-microservice-corpus\experiments\logs\errors\run-20260901T031236.570959Z\d87da4aea50e7165756e8ee00055699f9d93fc332641ce024307df838d3fcbba.txt
run-20260901T031236.570959Z,2026-09-01T19:12:51.026923+00:00,falcon_7b,few_shot,order,validateOrderResult,FN_validateOrderResult_END,src/order/order.service.ts,80,158,556cd6ea,repair,1,repair,unparseable_failure,0 failures parsed from Jest output; whole-file repair is disabled for this attempt.,2ca322236f16007840cf7e8abfbc15162da7933dc8752f1c6a0b9c76d3d03702,,
run-20260901T031236.570959Z,2026-09-01T19:12:53.523401+00:00,falcon_7b,few_shot,order,validateOrderResult,FN_validateOrderResult_END,src/order/order.service.ts,80,158,556cd6ea,jest,2,jest,test_discovery_failure,"FAIL src/order/order.service.spec.ts
  ● Test suite failed to run

    [96msrc/order/order.service.spec.ts[0m:[93m139[0m:[93m5[0m - [91merror[0m[90m TS1135: [0mArgument expression expected.

    [7m139[0m     }.rejects.toThrow(BadRequestException));
    [7m   [0m [91m    ~[0m
    [96msrc/order/order.service.spec.ts[0m:[93m139[0m:[93m6[0m - [91merror[0m[90m TS1005: [0m',' expected.

    [7m139[0m     }.rejects.toThrow(BadRequestException));
    [7m   [0m [91m     ~",cf70c79c96b36abfaf6d1109c7dabeb2b58ee945a486cad08266e3834973ac95,,C:\Users\cdbaz\OneDrive\Documentos\Projetos\usp\tcc\health-microservice-corpus\experiments\logs\errors\run-20260901T031236.570959Z\cf70c79c96b36abfaf6d1109c7dabeb2b58ee945a486cad08266e3834973ac95.txt
run-20260901T031236.570959Z,2026-09-01T19:12:53.523401+00:00,falcon_7b,few_shot,order,validateOrderResult,FN_validateOrderResult_END,src/order/order.service.ts,80,158,556cd6ea,repair,2,repair,unparseable_failure,0 failures parsed from Jest output; whole-file repair is disabled for this attempt.,2ca322236f16007840cf7e8abfbc15162da7933dc8752f1c6a0b9c76d3d03702,,
run-20260901T031236.570959Z,2026-09-01T19:12:55.977231+00:00,falcon_7b,few_shot,order,validateOrderResult,FN_validateOrderResult_END,src/order/order.service.ts,80,158,556cd6ea,jest,3,jest,test_discovery_failure,"FAIL src/order/order.service.spec.ts
  ● Test suite failed to run

    [96msrc/order/order.service.spec.ts[0m:[93m139[0m:[93m5[0m - [91merror[0m[90m TS1135: [0mArgument expression expected.

    [7m139[0m     }.rejects.toThrow(BadRequestException));
    [7m   [0m [91m    ~[0m
    [96msrc/order/order.service.spec.ts[0m:[93m139[0m:[93m6[0m - [91merror[0m[90m TS1005: [0m',' expected.

    [7m139[0m     }.rejects.toThrow(BadRequestException));
    [7m   [0m [91m     ~",fba971389b21d105d7812b875b1d54a977285f2f6cdf719183c7877ac592c892,,C:\Users\cdbaz\OneDrive\Documentos\Projetos\usp\tcc\health-microservice-corpus\experiments\logs\errors\run-20260901T031236.570959Z\fba971389b21d105d7812b875b1d54a977285f2f6cdf719183c7877ac592c892.txt
run-20260901T031236.570959Z,2026-09-01T19:12:55.990135+00:00,falcon_7b,few_shot,order,validateOrderResult,FN_validateOrderResult_END,src/order/order.service.ts,80,158,556cd6ea,repair,3,repair,unparseable_failure,0 failures parsed from Jest output; whole-file repair is disabled for this attempt.,2ca322236f16007840cf7e8abfbc15162da7933dc8752f1c6a0b9c76d3d03702,,
run-20260901T031236.570959Z,2026-09-01T19:12:58.426832+00:00,falcon_7b,few_shot,order,validateOrderResult,FN_validateOrderResult_END,src/order/order.service.ts,80,158,556cd6ea,jest,4,jest,test_discovery_failure,"FAIL src/order/order.service.spec.ts
  ● Test suite failed to run

    [96msrc/order/order.service.spec.ts[0m:[93m139[0m:[93m5[0m - [91merror[0m[90m TS1135: [0mArgument expression expected.

    [7m139[0m     }.rejects.toThrow(BadRequestException));
    [7m   [0m [91m    ~[0m
    [96msrc/order/order.service.spec.ts[0m:[93m139[0m:[93m6[0m - [91merror[0m[90m TS1005: [0m',' expected.

    [7m139[0m     }.rejects.toThrow(BadRequestException));
    [7m   [0m [91m     ~",58efd32dfbdcbe72c0c3d096ddf3232c6f4fc1e567bc0042ee3fef140fb0d4f0,,C:\Users\cdbaz\OneDrive\Documentos\Projetos\usp\tcc\health-microservice-corpus\experiments\logs\errors\run-20260901T031236.570959Z\58efd32dfbdcbe72c0c3d096ddf3232c6f4fc1e567bc0042ee3fef140fb0d4f0.txt
run-20260901T031236.570959Z,2026-09-01T19:12:58.426832+00:00,falcon_7b,few_shot,order,validateOrderResult,FN_validateOrderResult_END,src/order/order.service.ts,80,158,556cd6ea,repair,4,repair,unparseable_failure,0 failures parsed from Jest output; whole-file repair is disabled for this attempt.,2ca322236f16007840cf7e8abfbc15162da7933dc8752f1c6a0b9c76d3d03702,,
run-20260901T031236.570959Z,2026-09-01T19:13:00.922611+00:00,falcon_7b,few_shot,order,validateOrderResult,FN_validateOrderResult_END,src/order/order.service.ts,80,158,556cd6ea,jest,5,jest,test_discovery_failure,"FAIL src/order/order.service.spec.ts
  ● Test suite failed to run

    [96msrc/order/order.service.spec.ts[0m:[93m139[0m:[93m5[0m - [91merror[0m[90m TS1135: [0mArgument expression expected.

    [7m139[0m     }.rejects.toThrow(BadRequestException));
    [7m   [0m [91m    ~[0m
    [96msrc/order/order.service.spec.ts[0m:[93m139[0m:[93m6[0m - [91merror[0m[90m TS1005: [0m',' expected.

    [7m139[0m     }.rejects.toThrow(BadRequestException));
    [7m   [0m [91m     ~",278c104c729e2513b0d3d4c4bd17a800be79fba5f2cff4d4d5d9ca9ea0c8211c,,C:\Users\cdbaz\OneDrive\Documentos\Projetos\usp\tcc\health-microservice-corpus\experiments\logs\errors\run-20260901T031236.570959Z\278c104c729e2513b0d3d4c4bd17a800be79fba5f2cff4d4d5d9ca9ea0c8211c.txt
run-20260901T031236.570959Z,2026-09-01T19:13:00.923589+00:00,falcon_7b,few_shot,order,validateOrderResult,FN_validateOrderResult_END,src/order/order.service.ts,80,158,556cd6ea,repair,5,repair,max_repairs_exceeded,Runtime repair exhausted MAX_RUNTIME_REPAIRS=5 attempts,07669857ffb0ce3ee50e620aaa2bdb3e306e87699a96b0b0862427652773b240,,
run-20260901T031236.570959Z,2026-09-01T19:13:00.925568+00:00,falcon_7b,few_shot,order,validateOrderResult,FN_validateOrderResult_END,src/order/order.service.ts,80,158,556cd6ea,pipeline,,pipeline,rollback,Function 'validateOrderResult' failed irrecoverably; rolled back to the last known-good snapshot.,2840a74c3d275c50b466795c5fa6e0c73960e81c3967e6923cbe03b9a4df0051,restored,
run-20260901T031236.570959Z,2026-09-01T19:16:59.790886+00:00,falcon_7b,few_shot,patient,createPatient,FN_createPatient_END,src/patient/patient.service.ts,27,51,0ddb42a2,jest,1,jest,test_discovery_failure,"FAIL src/patient/patient.service.spec.ts
  ● Test suite failed to run

    [96msrc/patient/patient.service.spec.ts[0m:[93m93[0m:[93m5[0m - [91merror[0m[90m TS1135: [0mArgument expression expected.

    [7m93[0m     }.rejects.toThrow(ConflictException));
    [7m  [0m [91m    ~[0m
    [96msrc/patient/patient.service.spec.ts[0m:[93m93[0m:[93m6[0m - [91merror[0m[90m TS1005: [0m',' expected.

    [7m93[0m     }.rejects.toThrow(ConflictException));
    [7m  [0m [91m",9ebe27983535c43b022f9d3a374b42f94d54a2dbc194b8f3fe0d9b736e08c604,,C:\Users\cdbaz\OneDrive\Documentos\Projetos\usp\tcc\health-microservice-corpus\experiments\logs\errors\run-20260901T031236.570959Z\9ebe27983535c43b022f9d3a374b42f94d54a2dbc194b8f3fe0d9b736e08c604.txt
run-20260901T031236.570959Z,2026-09-01T19:16:59.790886+00:00,falcon_7b,few_shot,patient,createPatient,FN_createPatient_END,src/patient/patient.service.ts,27,51,0ddb42a2,repair,1,repair,unparseable_failure,0 failures parsed from Jest output; whole-file repair is disabled for this attempt.,2ca322236f16007840cf7e8abfbc15162da7933dc8752f1c6a0b9c76d3d03702,,
run-20260901T031236.570959Z,2026-09-01T19:17:02.258438+00:00,falcon_7b,few_shot,patient,createPatient,FN_createPatient_END,src/patient/patient.service.ts,27,51,0ddb42a2,jest,2,jest,test_discovery_failure,"FAIL src/patient/patient.service.spec.ts
  ● Test suite failed to run

    [96msrc/patient/patient.service.spec.ts[0m:[93m93[0m:[93m5[0m - [91merror[0m[90m TS1135: [0mArgument expression expected.

    [7m93[0m     }.rejects.toThrow(ConflictException));
    [7m  [0m [91m    ~[0m
    [96msrc/patient/patient.service.spec.ts[0m:[93m93[0m:[93m6[0m - [91merror[0m[90m TS1005: [0m',' expected.

    [7m93[0m     }.rejects.toThrow(ConflictException));
    [7m  [0m [91m",be95a99aca53fbd2c2329f412df7c7a98c4ddf1d47ea36350ba0c0bcfe60cb7e,,C:\Users\cdbaz\OneDrive\Documentos\Projetos\usp\tcc\health-microservice-corpus\experiments\logs\errors\run-20260901T031236.570959Z\be95a99aca53fbd2c2329f412df7c7a98c4ddf1d47ea36350ba0c0bcfe60cb7e.txt
run-20260901T031236.570959Z,2026-09-01T19:17:02.258438+00:00,falcon_7b,few_shot,patient,createPatient,FN_createPatient_END,src/patient/patient.service.ts,27,51,0ddb42a2,repair,2,repair,unparseable_failure,0 failures parsed from Jest output; whole-file repair is disabled for this attempt.,2ca322236f16007840cf7e8abfbc15162da7933dc8752f1c6a0b9c76d3d03702,,
run-20260901T031236.570959Z,2026-09-01T19:17:04.692458+00:00,falcon_7b,few_shot,patient,createPatient,FN_createPatient_END,src/patient/patient.service.ts,27,51,0ddb42a2,jest,3,jest,test_discovery_failure,"FAIL src/patient/patient.service.spec.ts
  ● Test suite failed to run

    [96msrc/patient/patient.service.spec.ts[0m:[93m93[0m:[93m5[0m - [91merror[0m[90m TS1135: [0mArgument expression expected.

    [7m93[0m     }.rejects.toThrow(ConflictException));
    [7m  [0m [91m    ~[0m
    [96msrc/patient/patient.service.spec.ts[0m:[93m93[0m:[93m6[0m - [91merror[0m[90m TS1005: [0m',' expected.

    [7m93[0m     }.rejects.toThrow(ConflictException));
    [7m  [0m [91m",33d29650bc5c2623ce55b0528e418e75e7f1736cd9fbfd6a7e152ab47d4713d5,,C:\Users\cdbaz\OneDrive\Documentos\Projetos\usp\tcc\health-microservice-corpus\experiments\logs\errors\run-20260901T031236.570959Z\33d29650bc5c2623ce55b0528e418e75e7f1736cd9fbfd6a7e152ab47d4713d5.txt
run-20260901T031236.570959Z,2026-09-01T19:17:04.692458+00:00,falcon_7b,few_shot,patient,createPatient,FN_createPatient_END,src/patient/patient.service.ts,27,51,0ddb42a2,repair,3,repair,unparseable_failure,0 failures parsed from Jest output; whole-file repair is disabled for this attempt.,2ca322236f16007840cf7e8abfbc15162da7933dc8752f1c6a0b9c76d3d03702,,
run-20260901T031236.570959Z,2026-09-01T19:17:07.102867+00:00,falcon_7b,few_shot,patient,createPatient,FN_createPatient_END,src/patient/patient.service.ts,27,51,0ddb42a2,jest,4,jest,test_discovery_failure,"FAIL src/patient/patient.service.spec.ts
  ● Test suite failed to run

    [96msrc/patient/patient.service.spec.ts[0m:[93m93[0m:[93m5[0m - [91merror[0m[90m TS1135: [0mArgument expression expected.

    [7m93[0m     }.rejects.toThrow(ConflictException));
    [7m  [0m [91m    ~[0m
    [96msrc/patient/patient.service.spec.ts[0m:[93m93[0m:[93m6[0m - [91merror[0m[90m TS1005: [0m',' expected.

    [7m93[0m     }.rejects.toThrow(ConflictException));
    [7m  [0m [91m",1f4c21644d9baa3b154af1eb26727f1c6f67b64fb3d0dc57736980abfb6dac81,,C:\Users\cdbaz\OneDrive\Documentos\Projetos\usp\tcc\health-microservice-corpus\experiments\logs\errors\run-20260901T031236.570959Z\1f4c21644d9baa3b154af1eb26727f1c6f67b64fb3d0dc57736980abfb6dac81.txt
run-20260901T031236.570959Z,2026-09-01T19:17:07.102867+00:00,falcon_7b,few_shot,patient,createPatient,FN_createPatient_END,src/patient/patient.service.ts,27,51,0ddb42a2,repair,4,repair,unparseable_failure,0 failures parsed from Jest output; whole-file repair is disabled for this attempt.,2ca322236f16007840cf7e8abfbc15162da7933dc8752f1c6a0b9c76d3d03702,,
run-20260901T031236.570959Z,2026-09-01T19:17:09.578922+00:00,falcon_7b,few_shot,patient,createPatient,FN_createPatient_END,src/patient/patient.service.ts,27,51,0ddb42a2,jest,5,jest,test_discovery_failure,"FAIL src/patient/patient.service.spec.ts
  ● Test suite failed to run

    [96msrc/patient/patient.service.spec.ts[0m:[93m93[0m:[93m5[0m - [91merror[0m[90m TS1135: [0mArgument expression expected.

    [7m93[0m     }.rejects.toThrow(ConflictException));
    [7m  [0m [91m    ~[0m
    [96msrc/patient/patient.service.spec.ts[0m:[93m93[0m:[93m6[0m - [91merror[0m[90m TS1005: [0m',' expected.

    [7m93[0m     }.rejects.toThrow(ConflictException));
    [7m  [0m [91m",17909d87e2cd49357f3e7351214ae6c320b9fba655aacf9e4e95604c618646e0,,C:\Users\cdbaz\OneDrive\Documentos\Projetos\usp\tcc\health-microservice-corpus\experiments\logs\errors\run-20260901T031236.570959Z\17909d87e2cd49357f3e7351214ae6c320b9fba655aacf9e4e95604c618646e0.txt
run-20260901T031236.570959Z,2026-09-01T19:17:09.580929+00:00,falcon_7b,few_shot,patient,createPatient,FN_createPatient_END,src/patient/patient.service.ts,27,51,0ddb42a2,repair,5,repair,max_repairs_exceeded,Runtime repair exhausted MAX_RUNTIME_REPAIRS=5 attempts,07669857ffb0ce3ee50e620aaa2bdb3e306e87699a96b0b0862427652773b240,,
run-20260901T031236.570959Z,2026-09-01T19:17:09.582935+00:00,falcon_7b,few_shot,patient,createPatient,FN_createPatient_END,src/patient/patient.service.ts,27,51,0ddb42a2,pipeline,,pipeline,rollback,Function 'createPatient' failed irrecoverably; rolled back to the last known-good snapshot.,574b8232513909392f162abf9017c6e6b106d13aebfc35aa8a5d7e50e936b38e,restored,
run-20260901T031236.570959Z,2026-09-01T19:17:47.736782+00:00,falcon_7b,few_shot,patient,updatePatient,FN_updatePatient_END,src/patient/patient.service.ts,53,75,0ddb42a2,jest,1,jest,test_discovery_failure,"FAIL src/patient/patient.service.spec.ts
  ● Test suite failed to run

    [96msrc/patient/patient.service.spec.ts[0m:[93m108[0m:[93m2[0m - [91merror[0m[90m TS1110: [0mType expected.

    [7m108[0m </OUTPUT>
    [7m   [0m [91m ~[0m

Test Suites: 1 failed, 1 total
Tests:       0 total
Snapshots:   0 total
Time:        0.757 s
Ran all test suites matching src\patient\patient.service.spec.ts with tests matching ""FN_updatePatient_END"".
Test results written to: ..\experiments\tmp\cove",35eb038eaba8596accca0f97248915e0fcf6e699572b74d60e3f768ab7153035,,C:\Users\cdbaz\OneDrive\Documentos\Projetos\usp\tcc\health-microservice-corpus\experiments\logs\errors\run-20260901T031236.570959Z\35eb038eaba8596accca0f97248915e0fcf6e699572b74d60e3f768ab7153035.txt
run-20260901T031236.570959Z,2026-09-01T19:17:47.736782+00:00,falcon_7b,few_shot,patient,updatePatient,FN_updatePatient_END,src/patient/patient.service.ts,53,75,0ddb42a2,repair,1,repair,unparseable_failure,0 failures parsed from Jest output; whole-file repair is disabled for this attempt.,2ca322236f16007840cf7e8abfbc15162da7933dc8752f1c6a0b9c76d3d03702,,
run-20260901T031236.570959Z,2026-09-01T19:17:50.200856+00:00,falcon_7b,few_shot,patient,updatePatient,FN_updatePatient_END,src/patient/patient.service.ts,53,75,0ddb42a2,jest,2,jest,test_discovery_failure,"FAIL src/patient/patient.service.spec.ts
  ● Test suite failed to run

    [96msrc/patient/patient.service.spec.ts[0m:[93m108[0m:[93m2[0m - [91merror[0m[90m TS1110: [0mType expected.

    [7m108[0m </OUTPUT>
    [7m   [0m [91m ~[0m

Test Suites: 1 failed, 1 total
Tests:       0 total
Snapshots:   0 total
Time:        0.732 s
Ran all test suites matching src\patient\patient.service.spec.ts with tests matching ""FN_updatePatient_END"".
Test results written to: ..\experiments\tmp\cove",5ee054e6b825754bcaca0737695c0a13624af9af7581c3164c7c85ece2d8b0d0,,C:\Users\cdbaz\OneDrive\Documentos\Projetos\usp\tcc\health-microservice-corpus\experiments\logs\errors\run-20260901T031236.570959Z\5ee054e6b825754bcaca0737695c0a13624af9af7581c3164c7c85ece2d8b0d0.txt
run-20260901T031236.570959Z,2026-09-01T19:17:50.202564+00:00,falcon_7b,few_shot,patient,updatePatient,FN_updatePatient_END,src/patient/patient.service.ts,53,75,0ddb42a2,repair,2,repair,unparseable_failure,0 failures parsed from Jest output; whole-file repair is disabled for this attempt.,2ca322236f16007840cf7e8abfbc15162da7933dc8752f1c6a0b9c76d3d03702,,
run-20260901T031236.570959Z,2026-09-01T19:17:52.688737+00:00,falcon_7b,few_shot,patient,updatePatient,FN_updatePatient_END,src/patient/patient.service.ts,53,75,0ddb42a2,jest,3,jest,test_discovery_failure,"FAIL src/patient/patient.service.spec.ts
  ● Test suite failed to run

    [96msrc/patient/patient.service.spec.ts[0m:[93m108[0m:[93m2[0m - [91merror[0m[90m TS1110: [0mType expected.

    [7m108[0m </OUTPUT>
    [7m   [0m [91m ~[0m

Test Suites: 1 failed, 1 total
Tests:       0 total
Snapshots:   0 total
Time:        0.74 s
Ran all test suites matching src\patient\patient.service.spec.ts with tests matching ""FN_updatePatient_END"".
Test results written to: ..\experiments\tmp\cover",edc106ed8ca7e24dc631cf01cc00e0c333ad13557b51404de662806714d3d7ba,,C:\Users\cdbaz\OneDrive\Documentos\Projetos\usp\tcc\health-microservice-corpus\experiments\logs\errors\run-20260901T031236.570959Z\edc106ed8ca7e24dc631cf01cc00e0c333ad13557b51404de662806714d3d7ba.txt
run-20260901T031236.570959Z,2026-09-01T19:17:52.688737+00:00,falcon_7b,few_shot,patient,updatePatient,FN_updatePatient_END,src/patient/patient.service.ts,53,75,0ddb42a2,repair,3,repair,unparseable_failure,0 failures parsed from Jest output; whole-file repair is disabled for this attempt.,2ca322236f16007840cf7e8abfbc15162da7933dc8752f1c6a0b9c76d3d03702,,
run-20260901T031236.570959Z,2026-09-01T19:17:55.091571+00:00,falcon_7b,few_shot,patient,updatePatient,FN_updatePatient_END,src/patient/patient.service.ts,53,75,0ddb42a2,jest,4,jest,test_discovery_failure,"FAIL src/patient/patient.service.spec.ts
  ● Test suite failed to run

    [96msrc/patient/patient.service.spec.ts[0m:[93m108[0m:[93m2[0m - [91merror[0m[90m TS1110: [0mType expected.

    [7m108[0m </OUTPUT>
    [7m   [0m [91m ~[0m

Test Suites: 1 failed, 1 total
Tests:       0 total
Snapshots:   0 total
Time:        0.727 s
Ran all test suites matching src\patient\patient.service.spec.ts with tests matching ""FN_updatePatient_END"".
Test results written to: ..\experiments\tmp\cove",5f45301ae22171d49e97b047dda46458061136d3beb8a0ce8684e17d3c0c89af,,C:\Users\cdbaz\OneDrive\Documentos\Projetos\usp\tcc\health-microservice-corpus\experiments\logs\errors\run-20260901T031236.570959Z\5f45301ae22171d49e97b047dda46458061136d3beb8a0ce8684e17d3c0c89af.txt
run-20260901T031236.570959Z,2026-09-01T19:17:55.091571+00:00,falcon_7b,few_shot,patient,updatePatient,FN_updatePatient_END,src/patient/patient.service.ts,53,75,0ddb42a2,repair,4,repair,unparseable_failure,0 failures parsed from Jest output; whole-file repair is disabled for this attempt.,2ca322236f16007840cf7e8abfbc15162da7933dc8752f1c6a0b9c76d3d03702,,
run-20260901T031236.570959Z,2026-09-01T19:17:57.527158+00:00,falcon_7b,few_shot,patient,updatePatient,FN_updatePatient_END,src/patient/patient.service.ts,53,75,0ddb42a2,jest,5,jest,test_discovery_failure,"FAIL src/patient/patient.service.spec.ts
  ● Test suite failed to run

    [96msrc/patient/patient.service.spec.ts[0m:[93m108[0m:[93m2[0m - [91merror[0m[90m TS1110: [0mType expected.

    [7m108[0m </OUTPUT>
    [7m   [0m [91m ~[0m

Test Suites: 1 failed, 1 total
Tests:       0 total
Snapshots:   0 total
Time:        0.755 s
Ran all test suites matching src\patient\patient.service.spec.ts with tests matching ""FN_updatePatient_END"".
Test results written to: ..\experiments\tmp\cove",8d4f2f2e44e24093b4907ad65041d18c97688e337f228034c22dd406247a5754,,C:\Users\cdbaz\OneDrive\Documentos\Projetos\usp\tcc\health-microservice-corpus\experiments\logs\errors\run-20260901T031236.570959Z\8d4f2f2e44e24093b4907ad65041d18c97688e337f228034c22dd406247a5754.txt
run-20260901T031236.570959Z,2026-09-01T19:17:57.527158+00:00,falcon_7b,few_shot,patient,updatePatient,FN_updatePatient_END,src/patient/patient.service.ts,53,75,0ddb42a2,repair,5,repair,max_repairs_exceeded,Runtime repair exhausted MAX_RUNTIME_REPAIRS=5 attempts,07669857ffb0ce3ee50e620aaa2bdb3e306e87699a96b0b0862427652773b240,,
run-20260901T031236.570959Z,2026-09-01T19:17:57.527158+00:00,falcon_7b,few_shot,patient,updatePatient,FN_updatePatient_END,src/patient/patient.service.ts,53,75,0ddb42a2,pipeline,,pipeline,rollback,Function 'updatePatient' failed irrecoverably; rolled back to the last known-good snapshot.,ff570ef19104349f9524830c856fd0c6cd90910be91217ee08b3dccc6f47f1f5,restored,
run-20260901T031236.570959Z,2026-09-01T19:18:19.577673+00:00,falcon_7b,few_shot,patient,findByCpfOrFail,FN_findByCpfOrFail_END,src/patient/patient.service.ts,77,83,0ddb42a2,generation,,generation,invalid_output,invalid_block: forbidden pattern or unclosed scopes,71ab2b95e3a55fd514a07e9b7e565e625c0373fc9a2b1489890b60e8aa45120c,,C:\Users\cdbaz\OneDrive\Documentos\Projetos\usp\tcc\health-microservice-corpus\experiments\logs\errors\run-20260901T031236.570959Z\71ab2b95e3a55fd514a07e9b7e565e625c0373fc9a2b1489890b60e8aa45120c.txt
run-20260901T031236.570959Z,2026-09-01T19:20:12.962947+00:00,falcon_7b,few_shot,result,createResult,FN_createResult_END,src/result/result.service.ts,26,39,357b6b51,jest,1,jest,runtime_error,should validate order result before creating: ReferenceError: dto is not defined,686f7870d49673cbbd89dae77f57975f787ac756388d915de590a64c0ee4b32a,,C:\Users\cdbaz\OneDrive\Documentos\Projetos\usp\tcc\health-microservice-corpus\experiments\logs\errors\run-20260901T031236.570959Z\686f7870d49673cbbd89dae77f57975f787ac756388d915de590a64c0ee4b32a.txt
run-20260901T031236.570959Z,2026-09-01T19:20:12.962947+00:00,falcon_7b,few_shot,result,createResult,FN_createResult_END,src/result/result.service.ts,26,39,357b6b51,jest,1,jest,runtime_error,should handle null values correctly: ReferenceError: dto is not defined,686f7870d49673cbbd89dae77f57975f787ac756388d915de590a64c0ee4b32a,,C:\Users\cdbaz\OneDrive\Documentos\Projetos\usp\tcc\health-microservice-corpus\experiments\logs\errors\run-20260901T031236.570959Z\686f7870d49673cbbd89dae77f57975f787ac756388d915de590a64c0ee4b32a.txt
run-20260901T031236.570959Z,2026-09-01T19:22:37.326874+00:00,falcon_7b,few_shot,result,createResult,FN_createResult_END,src/result/result.service.ts,26,39,357b6b51,jest,2,jest,test_discovery_failure,"FAIL src/result/result.service.spec.ts
  ● Test suite failed to run

    [96msrc/result/result.service.spec.ts[0m:[93m128[0m:[93m6[0m - [91merror[0m[90m TS1110: [0mType expected.

    [7m128[0m     </REPAIRED_TEST>
    [7m   [0m [91m     ~[0m
    [96msrc/result/result.service.spec.ts[0m:[93m183[0m:[93m6[0m - [91merror[0m[90m TS1110: [0mType expected.

    [7m183[0m     </REPAIRED_TEST>
    [7m   [0m [91m     ~[0m

Test Suites: 1 failed, 1 total
Tests:       0 tota",405d9dea1fff96229dce2b9b97fab42537fa0c22cb10da079de6fe19de76d680,,C:\Users\cdbaz\OneDrive\Documentos\Projetos\usp\tcc\health-microservice-corpus\experiments\logs\errors\run-20260901T031236.570959Z\405d9dea1fff96229dce2b9b97fab42537fa0c22cb10da079de6fe19de76d680.txt
run-20260901T031236.570959Z,2026-09-01T19:22:37.326874+00:00,falcon_7b,few_shot,result,createResult,FN_createResult_END,src/result/result.service.ts,26,39,357b6b51,repair,2,repair,unparseable_failure,0 failures parsed from Jest output; whole-file repair is disabled for this attempt.,2ca322236f16007840cf7e8abfbc15162da7933dc8752f1c6a0b9c76d3d03702,,
run-20260901T031236.570959Z,2026-09-01T19:22:39.822012+00:00,falcon_7b,few_shot,result,createResult,FN_createResult_END,src/result/result.service.ts,26,39,357b6b51,jest,3,jest,test_discovery_failure,"FAIL src/result/result.service.spec.ts
  ● Test suite failed to run

    [96msrc/result/result.service.spec.ts[0m:[93m128[0m:[93m6[0m - [91merror[0m[90m TS1110: [0mType expected.

    [7m128[0m     </REPAIRED_TEST>
    [7m   [0m [91m     ~[0m
    [96msrc/result/result.service.spec.ts[0m:[93m183[0m:[93m6[0m - [91merror[0m[90m TS1110: [0mType expected.

    [7m183[0m     </REPAIRED_TEST>
    [7m   [0m [91m     ~[0m

Test Suites: 1 failed, 1 total
Tests:       0 tota",8f9d7cc32d01821223f69661b1bf2cc88063012e1d47e72ee31cb59120501d44,,C:\Users\cdbaz\OneDrive\Documentos\Projetos\usp\tcc\health-microservice-corpus\experiments\logs\errors\run-20260901T031236.570959Z\8f9d7cc32d01821223f69661b1bf2cc88063012e1d47e72ee31cb59120501d44.txt
run-20260901T031236.570959Z,2026-09-01T19:22:39.822012+00:00,falcon_7b,few_shot,result,createResult,FN_createResult_END,src/result/result.service.ts,26,39,357b6b51,repair,3,repair,unparseable_failure,0 failures parsed from Jest output; whole-file repair is disabled for this attempt.,2ca322236f16007840cf7e8abfbc15162da7933dc8752f1c6a0b9c76d3d03702,,
run-20260901T031236.570959Z,2026-09-01T19:22:42.313718+00:00,falcon_7b,few_shot,result,createResult,FN_createResult_END,src/result/result.service.ts,26,39,357b6b51,jest,4,jest,test_discovery_failure,"FAIL src/result/result.service.spec.ts
  ● Test suite failed to run

    [96msrc/result/result.service.spec.ts[0m:[93m128[0m:[93m6[0m - [91merror[0m[90m TS1110: [0mType expected.

    [7m128[0m     </REPAIRED_TEST>
    [7m   [0m [91m     ~[0m
    [96msrc/result/result.service.spec.ts[0m:[93m183[0m:[93m6[0m - [91merror[0m[90m TS1110: [0mType expected.

    [7m183[0m     </REPAIRED_TEST>
    [7m   [0m [91m     ~[0m

Test Suites: 1 failed, 1 total
Tests:       0 tota",dd0c483e012eccb5ec8ad9bfb3258bf13d98b620452aea06a226937462149722,,C:\Users\cdbaz\OneDrive\Documentos\Projetos\usp\tcc\health-microservice-corpus\experiments\logs\errors\run-20260901T031236.570959Z\dd0c483e012eccb5ec8ad9bfb3258bf13d98b620452aea06a226937462149722.txt
run-20260901T031236.570959Z,2026-09-01T19:22:42.313718+00:00,falcon_7b,few_shot,result,createResult,FN_createResult_END,src/result/result.service.ts,26,39,357b6b51,repair,4,repair,unparseable_failure,0 failures parsed from Jest output; whole-file repair is disabled for this attempt.,2ca322236f16007840cf7e8abfbc15162da7933dc8752f1c6a0b9c76d3d03702,,
run-20260901T031236.570959Z,2026-09-01T19:22:44.815647+00:00,falcon_7b,few_shot,result,createResult,FN_createResult_END,src/result/result.service.ts,26,39,357b6b51,jest,5,jest,test_discovery_failure,"FAIL src/result/result.service.spec.ts
  ● Test suite failed to run

    [96msrc/result/result.service.spec.ts[0m:[93m128[0m:[93m6[0m - [91merror[0m[90m TS1110: [0mType expected.

    [7m128[0m     </REPAIRED_TEST>
    [7m   [0m [91m     ~[0m
    [96msrc/result/result.service.spec.ts[0m:[93m183[0m:[93m6[0m - [91merror[0m[90m TS1110: [0mType expected.

    [7m183[0m     </REPAIRED_TEST>
    [7m   [0m [91m     ~[0m

Test Suites: 1 failed, 1 total
Tests:       0 tota",56760ebc003ebd6daf86633ffe1d24c0a9c1628f699f282f7acb87d1c55406f9,,C:\Users\cdbaz\OneDrive\Documentos\Projetos\usp\tcc\health-microservice-corpus\experiments\logs\errors\run-20260901T031236.570959Z\56760ebc003ebd6daf86633ffe1d24c0a9c1628f699f282f7acb87d1c55406f9.txt
run-20260901T031236.570959Z,2026-09-01T19:22:44.815647+00:00,falcon_7b,few_shot,result,createResult,FN_createResult_END,src/result/result.service.ts,26,39,357b6b51,repair,5,repair,max_repairs_exceeded,Runtime repair exhausted MAX_RUNTIME_REPAIRS=5 attempts,07669857ffb0ce3ee50e620aaa2bdb3e306e87699a96b0b0862427652773b240,,
run-20260901T031236.570959Z,2026-09-01T19:22:44.815647+00:00,falcon_7b,few_shot,result,createResult,FN_createResult_END,src/result/result.service.ts,26,39,357b6b51,pipeline,,pipeline,rollback,Function 'createResult' failed irrecoverably; rolled back to the last known-good snapshot.,7b208f4ec7cbffc8e1ab11f0d59d0f7c512a35fe3dde32288e63a825957c456c,restored,
run-20260901T031236.570959Z,2026-09-01T19:23:26.632735+00:00,falcon_7b,few_shot,result,searchResults,FN_searchResults_END,src/result/result.service.ts,41,43,357b6b51,jest,1,jest,test_discovery_failure,"FAIL src/result/result.service.spec.ts
  ● Test suite failed to run

    [96msrc/result/result.service.spec.ts[0m:[93m98[0m:[93m2[0m - [91merror[0m[90m TS1110: [0mType expected.

    [7m98[0m </OUTPUT>
    [7m  [0m [91m ~[0m

Test Suites: 1 failed, 1 total
Tests:       0 total
Snapshots:   0 total
Time:        0.785 s
Ran all test suites matching src\result\result.service.spec.ts with tests matching ""FN_searchResults_END"".
Test results written to: ..\experiments\tmp\coverage\jest",6aee6d0ed91ad4614d38f4c9b86eede8a64ced79681391e9ae04879720f3fe08,,C:\Users\cdbaz\OneDrive\Documentos\Projetos\usp\tcc\health-microservice-corpus\experiments\logs\errors\run-20260901T031236.570959Z\6aee6d0ed91ad4614d38f4c9b86eede8a64ced79681391e9ae04879720f3fe08.txt
run-20260901T031236.570959Z,2026-09-01T19:23:26.632735+00:00,falcon_7b,few_shot,result,searchResults,FN_searchResults_END,src/result/result.service.ts,41,43,357b6b51,repair,1,repair,unparseable_failure,0 failures parsed from Jest output; whole-file repair is disabled for this attempt.,2ca322236f16007840cf7e8abfbc15162da7933dc8752f1c6a0b9c76d3d03702,,
run-20260901T031236.570959Z,2026-09-01T19:23:29.091068+00:00,falcon_7b,few_shot,result,searchResults,FN_searchResults_END,src/result/result.service.ts,41,43,357b6b51,jest,2,jest,test_discovery_failure,"FAIL src/result/result.service.spec.ts
  ● Test suite failed to run

    [96msrc/result/result.service.spec.ts[0m:[93m98[0m:[93m2[0m - [91merror[0m[90m TS1110: [0mType expected.

    [7m98[0m </OUTPUT>
    [7m  [0m [91m ~[0m

Test Suites: 1 failed, 1 total
Tests:       0 total
Snapshots:   0 total
Time:        0.777 s
Ran all test suites matching src\result\result.service.spec.ts with tests matching ""FN_searchResults_END"".
Test results written to: ..\experiments\tmp\coverage\jest",d374a2ea6434c40d4d55080ab677b5364ab2a73c01f17141d949d87af4835411,,C:\Users\cdbaz\OneDrive\Documentos\Projetos\usp\tcc\health-microservice-corpus\experiments\logs\errors\run-20260901T031236.570959Z\d374a2ea6434c40d4d55080ab677b5364ab2a73c01f17141d949d87af4835411.txt
run-20260901T031236.570959Z,2026-09-01T19:23:29.091068+00:00,falcon_7b,few_shot,result,searchResults,FN_searchResults_END,src/result/result.service.ts,41,43,357b6b51,repair,2,repair,unparseable_failure,0 failures parsed from Jest output; whole-file repair is disabled for this attempt.,2ca322236f16007840cf7e8abfbc15162da7933dc8752f1c6a0b9c76d3d03702,,
run-20260901T031236.570959Z,2026-09-01T19:23:31.559912+00:00,falcon_7b,few_shot,result,searchResults,FN_searchResults_END,src/result/result.service.ts,41,43,357b6b51,jest,3,jest,test_discovery_failure,"FAIL src/result/result.service.spec.ts
  ● Test suite failed to run

    [96msrc/result/result.service.spec.ts[0m:[93m98[0m:[93m2[0m - [91merror[0m[90m TS1110: [0mType expected.

    [7m98[0m </OUTPUT>
    [7m  [0m [91m ~[0m

Test Suites: 1 failed, 1 total
Tests:       0 total
Snapshots:   0 total
Time:        0.775 s
Ran all test suites matching src\result\result.service.spec.ts with tests matching ""FN_searchResults_END"".
Test results written to: ..\experiments\tmp\coverage\jest",9c3d5e2eae64b63cf8b96d7fb2375d9440502eafab790288528642e81f332797,,C:\Users\cdbaz\OneDrive\Documentos\Projetos\usp\tcc\health-microservice-corpus\experiments\logs\errors\run-20260901T031236.570959Z\9c3d5e2eae64b63cf8b96d7fb2375d9440502eafab790288528642e81f332797.txt
run-20260901T031236.570959Z,2026-09-01T19:23:31.559912+00:00,falcon_7b,few_shot,result,searchResults,FN_searchResults_END,src/result/result.service.ts,41,43,357b6b51,repair,3,repair,unparseable_failure,0 failures parsed from Jest output; whole-file repair is disabled for this attempt.,2ca322236f16007840cf7e8abfbc15162da7933dc8752f1c6a0b9c76d3d03702,,
run-20260901T031236.570959Z,2026-09-01T19:23:34.149402+00:00,falcon_7b,few_shot,result,searchResults,FN_searchResults_END,src/result/result.service.ts,41,43,357b6b51,jest,4,jest,test_discovery_failure,"FAIL src/result/result.service.spec.ts
  ● Test suite failed to run

    [96msrc/result/result.service.spec.ts[0m:[93m98[0m:[93m2[0m - [91merror[0m[90m TS1110: [0mType expected.

    [7m98[0m </OUTPUT>
    [7m  [0m [91m ~[0m

Test Suites: 1 failed, 1 total
Tests:       0 total
Snapshots:   0 total
Time:        0.766 s
Ran all test suites matching src\result\result.service.spec.ts with tests matching ""FN_searchResults_END"".
Test results written to: ..\experiments\tmp\coverage\jest",d0eccf84001b75d83cd5e2f479a261ebabe1457c4b1b5135470a929ab353a94c,,C:\Users\cdbaz\OneDrive\Documentos\Projetos\usp\tcc\health-microservice-corpus\experiments\logs\errors\run-20260901T031236.570959Z\d0eccf84001b75d83cd5e2f479a261ebabe1457c4b1b5135470a929ab353a94c.txt
run-20260901T031236.570959Z,2026-09-01T19:23:34.149402+00:00,falcon_7b,few_shot,result,searchResults,FN_searchResults_END,src/result/result.service.ts,41,43,357b6b51,repair,4,repair,unparseable_failure,0 failures parsed from Jest output; whole-file repair is disabled for this attempt.,2ca322236f16007840cf7e8abfbc15162da7933dc8752f1c6a0b9c76d3d03702,,
run-20260901T031236.570959Z,2026-09-01T19:23:36.634004+00:00,falcon_7b,few_shot,result,searchResults,FN_searchResults_END,src/result/result.service.ts,41,43,357b6b51,jest,5,jest,test_discovery_failure,"FAIL src/result/result.service.spec.ts
  ● Test suite failed to run

    [96msrc/result/result.service.spec.ts[0m:[93m98[0m:[93m2[0m - [91merror[0m[90m TS1110: [0mType expected.

    [7m98[0m </OUTPUT>
    [7m  [0m [91m ~[0m

Test Suites: 1 failed, 1 total
Tests:       0 total
Snapshots:   0 total
Time:        0.776 s
Ran all test suites matching src\result\result.service.spec.ts with tests matching ""FN_searchResults_END"".
Test results written to: ..\experiments\tmp\coverage\jest",ad0cb67294f1d945a3c70058e1711e683a32f0937041befa647e3e3740519608,,C:\Users\cdbaz\OneDrive\Documentos\Projetos\usp\tcc\health-microservice-corpus\experiments\logs\errors\run-20260901T031236.570959Z\ad0cb67294f1d945a3c70058e1711e683a32f0937041befa647e3e3740519608.txt
run-20260901T031236.570959Z,2026-09-01T19:23:36.634004+00:00,falcon_7b,few_shot,result,searchResults,FN_searchResults_END,src/result/result.service.ts,41,43,357b6b51,repair,5,repair,max_repairs_exceeded,Runtime repair exhausted MAX_RUNTIME_REPAIRS=5 attempts,07669857ffb0ce3ee50e620aaa2bdb3e306e87699a96b0b0862427652773b240,,
run-20260901T031236.570959Z,2026-09-01T19:23:36.634004+00:00,falcon_7b,few_shot,result,searchResults,FN_searchResults_END,src/result/result.service.ts,41,43,357b6b51,pipeline,,pipeline,rollback,Function 'searchResults' failed irrecoverably; rolled back to the last known-good snapshot.,5083c5de972d6f8c78fb9d2aa64589da9725d3e02fde2ec597a31bc65236b02c,restored,
run-20260901T031236.570959Z,2026-09-01T19:24:05.699603+00:00,falcon_7b,few_shot,result,getResultById,FN_getResultById_END,src/result/result.service.ts,45,51,357b6b51,jest,1,jest,test_discovery_failure,"FAIL src/result/result.service.spec.ts
  ● Test suite failed to run

    [96msrc/result/result.service.spec.ts[0m:[93m68[0m:[93m293[0m - [91merror[0m[90m TS1109: [0mExpression expected.

    [7m68[0m     const expectedResult = { id: '1', orderId: 'order1', value: 100, unit: 'unit1', status: ResultStatus.FINAL, referenceMin: null, referenceMax: 150, resultDate: new Date(), sourceSystem: 'system1', notes: 'notes1', created_at: new Date(), updated_at: new Date(), order: { id: 'order1',",845388c18c69e34470d67fcf11aef1b141baa48b149be85f4c333e33a1d98e3c,,C:\Users\cdbaz\OneDrive\Documentos\Projetos\usp\tcc\health-microservice-corpus\experiments\logs\errors\run-20260901T031236.570959Z\845388c18c69e34470d67fcf11aef1b141baa48b149be85f4c333e33a1d98e3c.txt
run-20260901T031236.570959Z,2026-09-01T19:24:05.699603+00:00,falcon_7b,few_shot,result,getResultById,FN_getResultById_END,src/result/result.service.ts,45,51,357b6b51,repair,1,repair,unparseable_failure,0 failures parsed from Jest output; whole-file repair is disabled for this attempt.,2ca322236f16007840cf7e8abfbc15162da7933dc8752f1c6a0b9c76d3d03702,,
run-20260901T031236.570959Z,2026-09-01T19:24:08.223442+00:00,falcon_7b,few_shot,result,getResultById,FN_getResultById_END,src/result/result.service.ts,45,51,357b6b51,jest,2,jest,test_discovery_failure,"FAIL src/result/result.service.spec.ts
  ● Test suite failed to run

    [96msrc/result/result.service.spec.ts[0m:[93m68[0m:[93m293[0m - [91merror[0m[90m TS1109: [0mExpression expected.

    [7m68[0m     const expectedResult = { id: '1', orderId: 'order1', value: 100, unit: 'unit1', status: ResultStatus.FINAL, referenceMin: null, referenceMax: 150, resultDate: new Date(), sourceSystem: 'system1', notes: 'notes1', created_at: new Date(), updated_at: new Date(), order: { id: 'order1',",099010948a01fd61fc0110e1d11ceb72bc7aa872acd0a1b1cf653be40429ec05,,C:\Users\cdbaz\OneDrive\Documentos\Projetos\usp\tcc\health-microservice-corpus\experiments\logs\errors\run-20260901T031236.570959Z\099010948a01fd61fc0110e1d11ceb72bc7aa872acd0a1b1cf653be40429ec05.txt
run-20260901T031236.570959Z,2026-09-01T19:24:08.223442+00:00,falcon_7b,few_shot,result,getResultById,FN_getResultById_END,src/result/result.service.ts,45,51,357b6b51,repair,2,repair,unparseable_failure,0 failures parsed from Jest output; whole-file repair is disabled for this attempt.,2ca322236f16007840cf7e8abfbc15162da7933dc8752f1c6a0b9c76d3d03702,,
run-20260901T031236.570959Z,2026-09-01T19:24:10.685975+00:00,falcon_7b,few_shot,result,getResultById,FN_getResultById_END,src/result/result.service.ts,45,51,357b6b51,jest,3,jest,test_discovery_failure,"FAIL src/result/result.service.spec.ts
  ● Test suite failed to run

    [96msrc/result/result.service.spec.ts[0m:[93m68[0m:[93m293[0m - [91merror[0m[90m TS1109: [0mExpression expected.

    [7m68[0m     const expectedResult = { id: '1', orderId: 'order1', value: 100, unit: 'unit1', status: ResultStatus.FINAL, referenceMin: null, referenceMax: 150, resultDate: new Date(), sourceSystem: 'system1', notes: 'notes1', created_at: new Date(), updated_at: new Date(), order: { id: 'order1',",8d4675c629b1e8453e387d98e3d06e8f4e3e7c5a9efefef838ccea2c3b5ba401,,C:\Users\cdbaz\OneDrive\Documentos\Projetos\usp\tcc\health-microservice-corpus\experiments\logs\errors\run-20260901T031236.570959Z\8d4675c629b1e8453e387d98e3d06e8f4e3e7c5a9efefef838ccea2c3b5ba401.txt
run-20260901T031236.570959Z,2026-09-01T19:24:10.685975+00:00,falcon_7b,few_shot,result,getResultById,FN_getResultById_END,src/result/result.service.ts,45,51,357b6b51,repair,3,repair,unparseable_failure,0 failures parsed from Jest output; whole-file repair is disabled for this attempt.,2ca322236f16007840cf7e8abfbc15162da7933dc8752f1c6a0b9c76d3d03702,,
run-20260901T031236.570959Z,2026-09-01T19:24:13.148779+00:00,falcon_7b,few_shot,result,getResultById,FN_getResultById_END,src/result/result.service.ts,45,51,357b6b51,jest,4,jest,test_discovery_failure,"FAIL src/result/result.service.spec.ts
  ● Test suite failed to run

    [96msrc/result/result.service.spec.ts[0m:[93m68[0m:[93m293[0m - [91merror[0m[90m TS1109: [0mExpression expected.

    [7m68[0m     const expectedResult = { id: '1', orderId: 'order1', value: 100, unit: 'unit1', status: ResultStatus.FINAL, referenceMin: null, referenceMax: 150, resultDate: new Date(), sourceSystem: 'system1', notes: 'notes1', created_at: new Date(), updated_at: new Date(), order: { id: 'order1',",53530344f6ee0f7d60afb1157085aab361018d9ee7309eb729fdc0da5d974710,,C:\Users\cdbaz\OneDrive\Documentos\Projetos\usp\tcc\health-microservice-corpus\experiments\logs\errors\run-20260901T031236.570959Z\53530344f6ee0f7d60afb1157085aab361018d9ee7309eb729fdc0da5d974710.txt
run-20260901T031236.570959Z,2026-09-01T19:24:13.148779+00:00,falcon_7b,few_shot,result,getResultById,FN_getResultById_END,src/result/result.service.ts,45,51,357b6b51,repair,4,repair,unparseable_failure,0 failures parsed from Jest output; whole-file repair is disabled for this attempt.,2ca322236f16007840cf7e8abfbc15162da7933dc8752f1c6a0b9c76d3d03702,,
run-20260901T031236.570959Z,2026-09-01T19:24:15.613995+00:00,falcon_7b,few_shot,result,getResultById,FN_getResultById_END,src/result/result.service.ts,45,51,357b6b51,jest,5,jest,test_discovery_failure,"FAIL src/result/result.service.spec.ts
  ● Test suite failed to run

    [96msrc/result/result.service.spec.ts[0m:[93m68[0m:[93m293[0m - [91merror[0m[90m TS1109: [0mExpression expected.

    [7m68[0m     const expectedResult = { id: '1', orderId: 'order1', value: 100, unit: 'unit1', status: ResultStatus.FINAL, referenceMin: null, referenceMax: 150, resultDate: new Date(), sourceSystem: 'system1', notes: 'notes1', created_at: new Date(), updated_at: new Date(), order: { id: 'order1',",11ec11d4713e832d0362db468dff3a6082945c07808dbb6f951f078ca2b48abe,,C:\Users\cdbaz\OneDrive\Documentos\Projetos\usp\tcc\health-microservice-corpus\experiments\logs\errors\run-20260901T031236.570959Z\11ec11d4713e832d0362db468dff3a6082945c07808dbb6f951f078ca2b48abe.txt
run-20260901T031236.570959Z,2026-09-01T19:24:15.613995+00:00,falcon_7b,few_shot,result,getResultById,FN_getResultById_END,src/result/result.service.ts,45,51,357b6b51,repair,5,repair,max_repairs_exceeded,Runtime repair exhausted MAX_RUNTIME_REPAIRS=5 attempts,07669857ffb0ce3ee50e620aaa2bdb3e306e87699a96b0b0862427652773b240,,
run-20260901T031236.570959Z,2026-09-01T19:24:15.613995+00:00,falcon_7b,few_shot,result,getResultById,FN_getResultById_END,src/result/result.service.ts,45,51,357b6b51,pipeline,,pipeline,rollback,Function 'getResultById' failed irrecoverably; rolled back to the last known-good snapshot.,0cc5f9493cb8e5b7d0c5bfd5db24ef42a9e0e43e0da83ba331c905fae6e10436,restored,
run-20260901T031236.570959Z,2026-09-01T19:25:22.246746+00:00,falcon_7b,few_shot,result,buildResultReport,FN_buildResultReport_END,src/result/result.service.ts,53,124,357b6b51,jest,1,jest,unknown,"should return a ResultReport with correct items and summary: Error: expect(received).toEqual(expected) // deep equality

- Expected  -  8
+ Received  + 10

@@ -1,34 +1,36 @@
  Object {
    ""examType"": ""GLUCOSE"",
    ""items"": Array [
      Object {
+       ""examType"": ""GLUCOSE"",
        ""flag"": ""NORMAL"",
-       ""id"": ""1"",
-       ""referenceMax"": null,
-       ""referenceMin"": null,
+       ""referenceMax"": 99,
+       ""referenceMin"": 70,
        ""resultDate"": 2023-01-01T00:00:00.000Z,
+       ""res",7a3a28616d07b015aaea84c6298b92bcc7103a5ba875fbeb18db4a3783d4032f,,C:\Users\cdbaz\OneDrive\Documentos\Projetos\usp\tcc\health-microservice-corpus\experiments\logs\errors\run-20260901T031236.570959Z\7a3a28616d07b015aaea84c6298b92bcc7103a5ba875fbeb18db4a3783d4032f.txt
run-20260901T031236.570959Z,2026-09-01T19:38:24.771112+00:00,falcon_7b,few_shot,result,buildResultReport,FN_buildResultReport_END,src/result/result.service.ts,53,124,357b6b51,repair,1,repair,repair_failed,1 repair attempt(s) did not produce a valid fix,a19dd2f169fea0f558514ac3dac1b23af029a1260819d762429f620cb291dccb,,
run-20260901T031236.570959Z,2026-09-01T19:40:43.590798+00:00,falcon_7b,few_shot,result,updateResult,FN_updateResult_END,src/result/result.service.ts,126,206,357b6b51,jest,1,jest,unknown,"should throw BadRequestException for invalid status transition: Error: expect(received).rejects.toThrow()

Received promise resolved instead of rejected
Resolved to value: undefined",af8d3e8213ec7dede32d0de26bf53bf804df85d20873e67d2524d83bbf5bb53b,,C:\Users\cdbaz\OneDrive\Documentos\Projetos\usp\tcc\health-microservice-corpus\experiments\logs\errors\run-20260901T031236.570959Z\af8d3e8213ec7dede32d0de26bf53bf804df85d20873e67d2524d83bbf5bb53b.txt
run-20260901T031236.570959Z,2026-09-01T19:41:02.177952+00:00,falcon_7b,few_shot,result,updateResult,FN_updateResult_END,src/result/result.service.ts,126,206,357b6b51,repair,1,repair,repair_failed,1 repair attempt(s) did not produce a valid fix,a19dd2f169fea0f558514ac3dac1b23af029a1260819d762429f620cb291dccb,,
run-20260901T031236.570959Z,2026-09-01T19:41:05.230045+00:00,falcon_7b,few_shot,result,updateResult,FN_updateResult_END,src/result/result.service.ts,126,206,357b6b51,jest,2,jest,unknown,"should throw BadRequestException for invalid status transition: Error: expect(received).rejects.toThrow()

Received promise resolved instead of rejected
Resolved to value: undefined",8581dfb5604639b8e6455bdf6c640a3681a9e947ffc09104be64aff25019605f,,C:\Users\cdbaz\OneDrive\Documentos\Projetos\usp\tcc\health-microservice-corpus\experiments\logs\errors\run-20260901T031236.570959Z\8581dfb5604639b8e6455bdf6c640a3681a9e947ffc09104be64aff25019605f.txt
run-20260901T031236.570959Z,2026-09-01T19:43:10.487605+00:00,falcon_7b,structured,encounter,createEncounter,FN_createEncounter_END,src/encounter/encounter.service.ts,30,63,04a941d1,jest,1,jest,unknown,should throw BadRequestException for inactive patient: ReferenceError: Cannot access 'encounterRepositoryMock' before initialization,b1be89f775c3b2206091a6c11f5234df305cf0aa3e71ac1ed7efbe677646ede5,,C:\Users\cdbaz\OneDrive\Documentos\Projetos\usp\tcc\health-microservice-corpus\experiments\logs\errors\run-20260901T031236.570959Z\b1be89f775c3b2206091a6c11f5234df305cf0aa3e71ac1ed7efbe677646ede5.txt
run-20260901T031236.570959Z,2026-09-01T19:43:10.492404+00:00,falcon_7b,structured,encounter,createEncounter,FN_createEncounter_END,src/encounter/encounter.service.ts,30,63,04a941d1,jest,1,jest,runtime_error,"should throw ConflictException for existing active encounter: Error: expect(received).rejects.toThrow(expected)

Expected constructor: ConflictException
Received constructor: TypeError

Received message: ""Cannot read properties of undefined (reading 'active')""

    [0m [90m 38 |[39m     [36mconst[39m patient [33m=[39m [36mawait[39m [36mthis[39m[33m.[39mpatientService[33m.[39mgetPatientById(dto[33m.[39mpatientId)[33m;[39m
     [90m 39 |[39m
    [31m[1m>[22m[39m[90m 40 |",b1be89f775c3b2206091a6c11f5234df305cf0aa3e71ac1ed7efbe677646ede5,,C:\Users\cdbaz\OneDrive\Documentos\Projetos\usp\tcc\health-microservice-corpus\experiments\logs\errors\run-20260901T031236.570959Z\b1be89f775c3b2206091a6c11f5234df305cf0aa3e71ac1ed7efbe677646ede5.txt
run-20260901T031236.570959Z,2026-09-01T19:43:10.492404+00:00,falcon_7b,structured,encounter,createEncounter,FN_createEncounter_END,src/encounter/encounter.service.ts,30,63,04a941d1,jest,1,jest,runtime_error,should create an encounter: TypeError: Cannot read properties of undefined (reading 'active'),b1be89f775c3b2206091a6c11f5234df305cf0aa3e71ac1ed7efbe677646ede5,,C:\Users\cdbaz\OneDrive\Documentos\Projetos\usp\tcc\health-microservice-corpus\experiments\logs\errors\run-20260901T031236.570959Z\b1be89f775c3b2206091a6c11f5234df305cf0aa3e71ac1ed7efbe677646ede5.txt
run-20260901T031236.570959Z,2026-09-01T19:44:40.714673+00:00,falcon_7b,structured,encounter,createEncounter,FN_createEncounter_END,src/encounter/encounter.service.ts,30,63,04a941d1,jest,2,jest,runtime_error,"should throw ConflictException for existing active encounter: Error: expect(received).rejects.toThrow(expected)

Expected constructor: ConflictException
Received constructor: TypeError

Received message: ""Cannot read properties of undefined (reading 'active')""

    [0m [90m 38 |[39m     [36mconst[39m patient [33m=[39m [36mawait[39m [36mthis[39m[33m.[39mpatientService[33m.[39mgetPatientById(dto[33m.[39mpatientId)[33m;[39m
     [90m 39 |[39m
    [31m[1m>[22m[39m[90m 40 |",c90be721889c1ac850fbb40716ccc07d35b4421094934cd77c66034450360eb3,,C:\Users\cdbaz\OneDrive\Documentos\Projetos\usp\tcc\health-microservice-corpus\experiments\logs\errors\run-20260901T031236.570959Z\c90be721889c1ac850fbb40716ccc07d35b4421094934cd77c66034450360eb3.txt
run-20260901T031236.570959Z,2026-09-01T19:44:40.714673+00:00,falcon_7b,structured,encounter,createEncounter,FN_createEncounter_END,src/encounter/encounter.service.ts,30,63,04a941d1,jest,2,jest,runtime_error,should create an encounter: TypeError: Cannot read properties of undefined (reading 'active'),c90be721889c1ac850fbb40716ccc07d35b4421094934cd77c66034450360eb3,,C:\Users\cdbaz\OneDrive\Documentos\Projetos\usp\tcc\health-microservice-corpus\experiments\logs\errors\run-20260901T031236.570959Z\c90be721889c1ac850fbb40716ccc07d35b4421094934cd77c66034450360eb3.txt
run-20260901T031236.570959Z,2026-09-01T19:45:39.714298+00:00,falcon_7b,structured,encounter,createEncounter,FN_createEncounter_END,src/encounter/encounter.service.ts,30,63,04a941d1,jest,3,jest,runtime_error,should create an encounter with valid ADT A01: TypeError: Cannot read properties of undefined (reading 'active'),01be6e24d91ed299fb6eecdd4b083beed25bb1488f08ac0f10f9f09e9e2c3f0b,,C:\Users\cdbaz\OneDrive\Documentos\Projetos\usp\tcc\health-microservice-corpus\experiments\logs\errors\run-20260901T031236.570959Z\01be6e24d91ed299fb6eecdd4b083beed25bb1488f08ac0f10f9f09e9e2c3f0b.txt
run-20260901T031236.570959Z,2026-09-01T19:47:20.998663+00:00,falcon_7b,structured,encounter,validateEncounterFields,FN_validateEncounterFields_END,src/encounter/encounter.service.ts,65,91,04a941d1,jest,1,jest,unknown,should throw BadRequestException for ADT A01 without ward: BadRequestException: Ward is required for ADT A01 (admission),ac3d9725582e4ca9ca05cbc90fe467c0eb13e64f445a56777295865b59ab3715,,C:\Users\cdbaz\OneDrive\Documentos\Projetos\usp\tcc\health-microservice-corpus\experiments\logs\errors\run-20260901T031236.570959Z\ac3d9725582e4ca9ca05cbc90fe467c0eb13e64f445a56777295865b59ab3715.txt
run-20260901T031236.570959Z,2026-09-01T19:47:20.999763+00:00,falcon_7b,structured,encounter,validateEncounterFields,FN_validateEncounterFields_END,src/encounter/encounter.service.ts,65,91,04a941d1,jest,1,jest,unknown,should throw BadRequestException for ADT A02 without ward: BadRequestException: Ward is required for ADT A02 (transfer),ac3d9725582e4ca9ca05cbc90fe467c0eb13e64f445a56777295865b59ab3715,,C:\Users\cdbaz\OneDrive\Documentos\Projetos\usp\tcc\health-microservice-corpus\experiments\logs\errors\run-20260901T031236.570959Z\ac3d9725582e4ca9ca05cbc90fe467c0eb13e64f445a56777295865b59ab3715.txt
run-20260901T031236.570959Z,2026-09-01T19:47:21.000719+00:00,falcon_7b,structured,encounter,validateEncounterFields,FN_validateEncounterFields_END,src/encounter/encounter.service.ts,65,91,04a941d1,jest,1,jest,unknown,should throw BadRequestException for ADT A03 with ward: BadRequestException: Ward must not be informed for ADT A03 (discharge),ac3d9725582e4ca9ca05cbc90fe467c0eb13e64f445a56777295865b59ab3715,,C:\Users\cdbaz\OneDrive\Documentos\Projetos\usp\tcc\health-microservice-corpus\experiments\logs\errors\run-20260901T031236.570959Z\ac3d9725582e4ca9ca05cbc90fe467c0eb13e64f445a56777295865b59ab3715.txt
run-20260901T031236.570959Z,2026-09-01T19:47:21.000719+00:00,falcon_7b,structured,encounter,validateEncounterFields,FN_validateEncounterFields_END,src/encounter/encounter.service.ts,65,91,04a941d1,jest,1,jest,unknown,should throw BadRequestException for ADT A08 with ward: BadRequestException: Ward must not be informed for ADT A08 (update),ac3d9725582e4ca9ca05cbc90fe467c0eb13e64f445a56777295865b59ab3715,,C:\Users\cdbaz\OneDrive\Documentos\Projetos\usp\tcc\health-microservice-corpus\experiments\logs\errors\run-20260901T031236.570959Z\ac3d9725582e4ca9ca05cbc90fe467c0eb13e64f445a56777295865b59ab3715.txt
run-20260901T031236.570959Z,2026-09-01T19:47:21.001723+00:00,falcon_7b,structured,encounter,validateEncounterFields,FN_validateEncounterFields_END,src/encounter/encounter.service.ts,65,91,04a941d1,jest,1,jest,unknown,should throw BadRequestException for ADT A08 without patientId: BadRequestException: Ward must not be informed for ADT A08 (update),ac3d9725582e4ca9ca05cbc90fe467c0eb13e64f445a56777295865b59ab3715,,C:\Users\cdbaz\OneDrive\Documentos\Projetos\usp\tcc\health-microservice-corpus\experiments\logs\errors\run-20260901T031236.570959Z\ac3d9725582e4ca9ca05cbc90fe467c0eb13e64f445a56777295865b59ab3715.txt
run-20260901T031236.570959Z,2026-09-01T19:49:48.391349+00:00,falcon_7b,structured,encounter,listEncountersByPatient,FN_listEncountersByPatient_END,src/encounter/encounter.service.ts,93,99,04a941d1,jest,1,jest,unknown,"should throw NotFoundException if patientService.getPatientById returns null: Error: expect(received).rejects.toThrow()

Received promise resolved instead of rejected
Resolved to value: undefined",1b00646d05826949aa7e90edc886a176d744fdb5bf98a858e12ee0b833154e1b,,C:\Users\cdbaz\OneDrive\Documentos\Projetos\usp\tcc\health-microservice-corpus\experiments\logs\errors\run-20260901T031236.570959Z\1b00646d05826949aa7e90edc886a176d744fdb5bf98a858e12ee0b833154e1b.txt
run-20260901T031236.570959Z,2026-09-01T19:49:48.391349+00:00,falcon_7b,structured,encounter,listEncountersByPatient,FN_listEncountersByPatient_END,src/encounter/encounter.service.ts,93,99,04a941d1,jest,1,jest,unknown,"should throw BadRequestException if encounterRepository.findByPatient returns null: Error: expect(received).rejects.toThrow()

Received promise resolved instead of rejected
Resolved to value: null",1b00646d05826949aa7e90edc886a176d744fdb5bf98a858e12ee0b833154e1b,,C:\Users\cdbaz\OneDrive\Documentos\Projetos\usp\tcc\health-microservice-corpus\experiments\logs\errors\run-20260901T031236.570959Z\1b00646d05826949aa7e90edc886a176d744fdb5bf98a858e12ee0b833154e1b.txt
run-20260901T031236.570959Z,2026-09-01T19:50:21.210138+00:00,falcon_7b,structured,encounter,listEncountersByPatient,FN_listEncountersByPatient_END,src/encounter/encounter.service.ts,93,99,04a941d1,jest,2,jest,unknown,"should throw NotFoundException if patientService.getPatientById returns null: Error: expect(received).rejects.toThrow()

Received promise resolved instead of rejected
Resolved to value: undefined",55b84d82ccdb34849ff92a3b1489be65a537f9706f076c12a5ca6da079fa4593,,C:\Users\cdbaz\OneDrive\Documentos\Projetos\usp\tcc\health-microservice-corpus\experiments\logs\errors\run-20260901T031236.570959Z\55b84d82ccdb34849ff92a3b1489be65a537f9706f076c12a5ca6da079fa4593.txt
run-20260901T031236.570959Z,2026-09-01T19:50:21.214172+00:00,falcon_7b,structured,encounter,listEncountersByPatient,FN_listEncountersByPatient_END,src/encounter/encounter.service.ts,93,99,04a941d1,jest,2,jest,unknown,"should throw BadRequestException if encounterRepository.findByPatient returns null: Error: expect(received).rejects.toThrow()

Received promise resolved instead of rejected
Resolved to value: null",55b84d82ccdb34849ff92a3b1489be65a537f9706f076c12a5ca6da079fa4593,,C:\Users\cdbaz\OneDrive\Documentos\Projetos\usp\tcc\health-microservice-corpus\experiments\logs\errors\run-20260901T031236.570959Z\55b84d82ccdb34849ff92a3b1489be65a537f9706f076c12a5ca6da079fa4593.txt
run-20260901T031236.570959Z,2026-09-01T19:50:55.913042+00:00,falcon_7b,structured,encounter,listEncountersByPatient,FN_listEncountersByPatient_END,src/encounter/encounter.service.ts,93,99,04a941d1,jest,3,jest,unknown,"should throw NotFoundException if patientService.getPatientById returns null: Error: expect(received).rejects.toThrow()

Received promise resolved instead of rejected
Resolved to value: undefined",857081dafbf3cfad4a809b3664de95665c33b7bd3cb15e3b69eaff83b09bc059,,C:\Users\cdbaz\OneDrive\Documentos\Projetos\usp\tcc\health-microservice-corpus\experiments\logs\errors\run-20260901T031236.570959Z\857081dafbf3cfad4a809b3664de95665c33b7bd3cb15e3b69eaff83b09bc059.txt
run-20260901T031236.570959Z,2026-09-01T19:50:59.706831+00:00,falcon_7b,structured,encounter,listEncountersByPatient,FN_listEncountersByPatient_END,src/encounter/encounter.service.ts,93,99,04a941d1,repair,3,repair,repair_failed,1 repair attempt(s) did not produce a valid fix,a19dd2f169fea0f558514ac3dac1b23af029a1260819d762429f620cb291dccb,,
run-20260901T031236.570959Z,2026-09-01T19:55:44.661710+00:00,falcon_7b,structured,encounter,transitionEncounterStatus,FN_transitionEncounterStatus_END,src/encounter/encounter.service.ts,109,197,04a941d1,jest,1,jest,runtime_error,should throw BadRequestException for invalid status transition: TypeError: Cannot read properties of undefined (reading 'mockResolvedValue'),8c78394828a91d3cc8c41d7286726a7c3beecfa43a2f2e635ebf8f34eec9e25b,,C:\Users\cdbaz\OneDrive\Documentos\Projetos\usp\tcc\health-microservice-corpus\experiments\logs\errors\run-20260901T031236.570959Z\8c78394828a91d3cc8c41d7286726a7c3beecfa43a2f2e635ebf8f34eec9e25b.txt
run-20260901T031236.570959Z,2026-09-01T19:55:44.663718+00:00,falcon_7b,structured,encounter,transitionEncounterStatus,FN_transitionEncounterStatus_END,src/encounter/encounter.service.ts,109,197,04a941d1,jest,1,jest,runtime_error,should throw BadRequestException for discharge with pending orders: TypeError: Cannot read properties of undefined (reading 'mockResolvedValue'),8c78394828a91d3cc8c41d7286726a7c3beecfa43a2f2e635ebf8f34eec9e25b,,C:\Users\cdbaz\OneDrive\Documentos\Projetos\usp\tcc\health-microservice-corpus\experiments\logs\errors\run-20260901T031236.570959Z\8c78394828a91d3cc8c41d7286726a7c3beecfa43a2f2e635ebf8f34eec9e25b.txt
run-20260901T031236.570959Z,2026-09-01T19:55:44.664224+00:00,falcon_7b,structured,encounter,transitionEncounterStatus,FN_transitionEncounterStatus_END,src/encounter/encounter.service.ts,109,197,04a941d1,jest,1,jest,runtime_error,should throw BadRequestException for transfer without ward: TypeError: Cannot read properties of undefined (reading 'mockResolvedValue'),8c78394828a91d3cc8c41d7286726a7c3beecfa43a2f2e635ebf8f34eec9e25b,,C:\Users\cdbaz\OneDrive\Documentos\Projetos\usp\tcc\health-microservice-corpus\experiments\logs\errors\run-20260901T031236.570959Z\8c78394828a91d3cc8c41d7286726a7c3beecfa43a2f2e635ebf8f34eec9e25b.txt
run-20260901T031236.570959Z,2026-09-01T19:55:44.664224+00:00,falcon_7b,structured,encounter,transitionEncounterStatus,FN_transitionEncounterStatus_END,src/encounter/encounter.service.ts,109,197,04a941d1,jest,1,jest,runtime_error,should throw BadRequestException for transfer with same ward: TypeError: Cannot read properties of undefined (reading 'mockResolvedValue'),8c78394828a91d3cc8c41d7286726a7c3beecfa43a2f2e635ebf8f34eec9e25b,,C:\Users\cdbaz\OneDrive\Documentos\Projetos\usp\tcc\health-microservice-corpus\experiments\logs\errors\run-20260901T031236.570959Z\8c78394828a91d3cc8c41d7286726a7c3beecfa43a2f2e635ebf8f34eec9e25b.txt
run-20260901T031236.570959Z,2026-09-01T19:55:44.666230+00:00,falcon_7b,structured,encounter,transitionEncounterStatus,FN_transitionEncounterStatus_END,src/encounter/encounter.service.ts,109,197,04a941d1,jest,1,jest,runtime_error,should throw BadRequestException for transfer without transferDate: TypeError: Cannot read properties of undefined (reading 'mockResolvedValue'),8c78394828a91d3cc8c41d7286726a7c3beecfa43a2f2e635ebf8f34eec9e25b,,C:\Users\cdbaz\OneDrive\Documentos\Projetos\usp\tcc\health-microservice-corpus\experiments\logs\errors\run-20260901T031236.570959Z\8c78394828a91d3cc8c41d7286726a7c3beecfa43a2f2e635ebf8f34eec9e25b.txt
run-20260901T031236.570959Z,2026-09-01T19:55:44.666230+00:00,falcon_7b,structured,encounter,transitionEncounterStatus,FN_transitionEncounterStatus_END,src/encounter/encounter.service.ts,109,197,04a941d1,jest,1,jest,runtime_error,should throw BadRequestException for transfer with transferDate before admitDate: TypeError: Cannot read properties of undefined (reading 'mockResolvedValue'),8c78394828a91d3cc8c41d7286726a7c3beecfa43a2f2e635ebf8f34eec9e25b,,C:\Users\cdbaz\OneDrive\Documentos\Projetos\usp\tcc\health-microservice-corpus\experiments\logs\errors\run-20260901T031236.570959Z\8c78394828a91d3cc8c41d7286726a7c3beecfa43a2f2e635ebf8f34eec9e25b.txt
run-20260901T031236.570959Z,2026-09-01T19:55:44.666230+00:00,falcon_7b,structured,encounter,transitionEncounterStatus,FN_transitionEncounterStatus_END,src/encounter/encounter.service.ts,109,197,04a941d1,jest,1,jest,runtime_error,should throw BadRequestException for discharge without dischargeDate: TypeError: Cannot read properties of undefined (reading 'mockResolvedValue'),8c78394828a91d3cc8c41d7286726a7c3beecfa43a2f2e635ebf8f34eec9e25b,,C:\Users\cdbaz\OneDrive\Documentos\Projetos\usp\tcc\health-microservice-corpus\experiments\logs\errors\run-20260901T031236.570959Z\8c78394828a91d3cc8c41d7286726a7c3beecfa43a2f2e635ebf8f34eec9e25b.txt
run-20260901T031236.570959Z,2026-09-01T19:55:44.668235+00:00,falcon_7b,structured,encounter,transitionEncounterStatus,FN_transitionEncounterStatus_END,src/encounter/encounter.service.ts,109,197,04a941d1,jest,1,jest,runtime_error,should throw BadRequestException for discharge with dischargeDate before admitDate: TypeError: Cannot read properties of undefined (reading 'mockResolvedValue'),8c78394828a91d3cc8c41d7286726a7c3beecfa43a2f2e635ebf8f34eec9e25b,,C:\Users\cdbaz\OneDrive\Documentos\Projetos\usp\tcc\health-microservice-corpus\experiments\logs\errors\run-20260901T031236.570959Z\8c78394828a91d3cc8c41d7286726a7c3beecfa43a2f2e635ebf8f34eec9e25b.txt
run-20260901T031236.570959Z,2026-09-01T19:55:44.668235+00:00,falcon_7b,structured,encounter,transitionEncounterStatus,FN_transitionEncounterStatus_END,src/encounter/encounter.service.ts,109,197,04a941d1,jest,1,jest,runtime_error,should throw BadRequestException for discharge with dischargeDate before transferDate: TypeError: Cannot read properties of undefined (reading 'mockResolvedValue'),8c78394828a91d3cc8c41d7286726a7c3beecfa43a2f2e635ebf8f34eec9e25b,,C:\Users\cdbaz\OneDrive\Documentos\Projetos\usp\tcc\health-microservice-corpus\experiments\logs\errors\run-20260901T031236.570959Z\8c78394828a91d3cc8c41d7286726a7c3beecfa43a2f2e635ebf8f34eec9e25b.txt
run-20260901T031236.570959Z,2026-09-01T19:55:44.669740+00:00,falcon_7b,structured,encounter,transitionEncounterStatus,FN_transitionEncounterStatus_END,src/encounter/encounter.service.ts,109,197,04a941d1,jest,1,jest,runtime_error,should throw BadRequestException for ADT A08 encounter with status transition: TypeError: Cannot read properties of undefined (reading 'mockResolvedValue'),8c78394828a91d3cc8c41d7286726a7c3beecfa43a2f2e635ebf8f34eec9e25b,,C:\Users\cdbaz\OneDrive\Documentos\Projetos\usp\tcc\health-microservice-corpus\experiments\logs\errors\run-20260901T031236.570959Z\8c78394828a91d3cc8c41d7286726a7c3beecfa43a2f2e635ebf8f34eec9e25b.txt
run-20260901T031236.570959Z,2026-09-01T20:01:05.629361+00:00,falcon_7b,structured,encounter,transitionEncounterStatus,FN_transitionEncounterStatus_END,src/encounter/encounter.service.ts,109,197,04a941d1,jest,2,jest,runtime_error,should throw BadRequestException for invalid status transition: ReferenceError: TransitionEncounterStatusService is not defined,e607603bf63fe854c7800d07585d92a75ecd80d670c010833f0db13fb2188de8,,C:\Users\cdbaz\OneDrive\Documentos\Projetos\usp\tcc\health-microservice-corpus\experiments\logs\errors\run-20260901T031236.570959Z\e607603bf63fe854c7800d07585d92a75ecd80d670c010833f0db13fb2188de8.txt
run-20260901T031236.570959Z,2026-09-01T20:01:05.637045+00:00,falcon_7b,structured,encounter,transitionEncounterStatus,FN_transitionEncounterStatus_END,src/encounter/encounter.service.ts,109,197,04a941d1,jest,2,jest,assertion_failure,"should throw BadRequestException for discharge with pending orders: Error: expect(received).rejects.toThrow(expected)

Expected constructor: BadRequestException
Received constructor: NotFoundException

Received message: ""Encounter with id mockEncounterId not found""

    [0m [90m 102 |[39m     [36mconst[39m encounter [33m=[39m [36mawait[39m [36mthis[39m[33m.[39mencounterRepository[33m.[39mfindById(id)[33m;[39m
     [90m 103 |[39m     [36mif[39m ([33m![39mencounter) {
    [",e607603bf63fe854c7800d07585d92a75ecd80d670c010833f0db13fb2188de8,,C:\Users\cdbaz\OneDrive\Documentos\Projetos\usp\tcc\health-microservice-corpus\experiments\logs\errors\run-20260901T031236.570959Z\e607603bf63fe854c7800d07585d92a75ecd80d670c010833f0db13fb2188de8.txt
run-20260901T031236.570959Z,2026-09-01T20:01:05.637387+00:00,falcon_7b,structured,encounter,transitionEncounterStatus,FN_transitionEncounterStatus_END,src/encounter/encounter.service.ts,109,197,04a941d1,jest,2,jest,unknown,"should throw BadRequestException for transfer without ward: Error: expect(received).toBeInstanceOf(expected)

Expected constructor: BadRequestException
Received constructor: NotFoundException",e607603bf63fe854c7800d07585d92a75ecd80d670c010833f0db13fb2188de8,,C:\Users\cdbaz\OneDrive\Documentos\Projetos\usp\tcc\health-microservice-corpus\experiments\logs\errors\run-20260901T031236.570959Z\e607603bf63fe854c7800d07585d92a75ecd80d670c010833f0db13fb2188de8.txt
run-20260901T031236.570959Z,2026-09-01T20:01:05.640171+00:00,falcon_7b,structured,encounter,transitionEncounterStatus,FN_transitionEncounterStatus_END,src/encounter/encounter.service.ts,109,197,04a941d1,jest,2,jest,unknown,"should throw BadRequestException for transfer with same ward: Error: expect(received).toBeInstanceOf(expected)

Expected constructor: BadRequestException
Received constructor: NotFoundException",e607603bf63fe854c7800d07585d92a75ecd80d670c010833f0db13fb2188de8,,C:\Users\cdbaz\OneDrive\Documentos\Projetos\usp\tcc\health-microservice-corpus\experiments\logs\errors\run-20260901T031236.570959Z\e607603bf63fe854c7800d07585d92a75ecd80d670c010833f0db13fb2188de8.txt
run-20260901T031236.570959Z,2026-09-01T20:01:05.641184+00:00,falcon_7b,structured,encounter,transitionEncounterStatus,FN_transitionEncounterStatus_END,src/encounter/encounter.service.ts,109,197,04a941d1,jest,2,jest,assertion_failure,"should throw BadRequestException for transfer without transferDate: Error: expect(received).rejects.toThrow(expected)

Expected constructor: BadRequestException
Received constructor: NotFoundException

Received message: ""Encounter with id undefined not found""

    [0m [90m 102 |[39m     [36mconst[39m encounter [33m=[39m [36mawait[39m [36mthis[39m[33m.[39mencounterRepository[33m.[39mfindById(id)[33m;[39m
     [90m 103 |[39m     [36mif[39m ([33m![39mencounter) {
    [31m[1",e607603bf63fe854c7800d07585d92a75ecd80d670c010833f0db13fb2188de8,,C:\Users\cdbaz\OneDrive\Documentos\Projetos\usp\tcc\health-microservice-corpus\experiments\logs\errors\run-20260901T031236.570959Z\e607603bf63fe854c7800d07585d92a75ecd80d670c010833f0db13fb2188de8.txt
run-20260901T031236.570959Z,2026-09-01T20:01:05.642184+00:00,falcon_7b,structured,encounter,transitionEncounterStatus,FN_transitionEncounterStatus_END,src/encounter/encounter.service.ts,109,197,04a941d1,jest,2,jest,assertion_failure,"should throw BadRequestException for transfer with transferDate before admitDate: Error: expect(received).rejects.toThrow(expected)

Expected constructor: BadRequestException
Received constructor: NotFoundException

Received message: ""Encounter with id undefined not found""

    [0m [90m 102 |[39m     [36mconst[39m encounter [33m=[39m [36mawait[39m [36mthis[39m[33m.[39mencounterRepository[33m.[39mfindById(id)[33m;[39m
     [90m 103 |[39m     [36mif[39m ([33m![39mencounter) ",e607603bf63fe854c7800d07585d92a75ecd80d670c010833f0db13fb2188de8,,C:\Users\cdbaz\OneDrive\Documentos\Projetos\usp\tcc\health-microservice-corpus\experiments\logs\errors\run-20260901T031236.570959Z\e607603bf63fe854c7800d07585d92a75ecd80d670c010833f0db13fb2188de8.txt
run-20260901T031236.570959Z,2026-09-01T20:01:05.643183+00:00,falcon_7b,structured,encounter,transitionEncounterStatus,FN_transitionEncounterStatus_END,src/encounter/encounter.service.ts,109,197,04a941d1,jest,2,jest,assertion_failure,"should throw BadRequestException for discharge without dischargeDate: Error: expect(received).rejects.toThrow(expected)

Expected constructor: BadRequestException
Received constructor: NotFoundException

Received message: ""Encounter with id undefined not found""

    [0m [90m 102 |[39m     [36mconst[39m encounter [33m=[39m [36mawait[39m [36mthis[39m[33m.[39mencounterRepository[33m.[39mfindById(id)[33m;[39m
     [90m 103 |[39m     [36mif[39m ([33m![39mencounter) {
    [31m",e607603bf63fe854c7800d07585d92a75ecd80d670c010833f0db13fb2188de8,,C:\Users\cdbaz\OneDrive\Documentos\Projetos\usp\tcc\health-microservice-corpus\experiments\logs\errors\run-20260901T031236.570959Z\e607603bf63fe854c7800d07585d92a75ecd80d670c010833f0db13fb2188de8.txt
run-20260901T031236.570959Z,2026-09-01T20:01:05.644184+00:00,falcon_7b,structured,encounter,transitionEncounterStatus,FN_transitionEncounterStatus_END,src/encounter/encounter.service.ts,109,197,04a941d1,jest,2,jest,assertion_failure,"should throw BadRequestException for discharge with dischargeDate before admitDate: Error: expect(received).rejects.toThrow(expected)

Expected constructor: BadRequestException
Received constructor: NotFoundException

Received message: ""Encounter with id mockId not found""

    [0m [90m 102 |[39m     [36mconst[39m encounter [33m=[39m [36mawait[39m [36mthis[39m[33m.[39mencounterRepository[33m.[39mfindById(id)[33m;[39m
     [90m 103 |[39m     [36mif[39m ([33m![39mencounter) {",e607603bf63fe854c7800d07585d92a75ecd80d670c010833f0db13fb2188de8,,C:\Users\cdbaz\OneDrive\Documentos\Projetos\usp\tcc\health-microservice-corpus\experiments\logs\errors\run-20260901T031236.570959Z\e607603bf63fe854c7800d07585d92a75ecd80d670c010833f0db13fb2188de8.txt
run-20260901T031236.570959Z,2026-09-01T20:01:05.644184+00:00,falcon_7b,structured,encounter,transitionEncounterStatus,FN_transitionEncounterStatus_END,src/encounter/encounter.service.ts,109,197,04a941d1,jest,2,jest,assertion_failure,"should throw BadRequestException for discharge with dischargeDate before transferDate: Error: expect(received).rejects.toThrow(expected)

Expected constructor: BadRequestException
Received constructor: NotFoundException

Received message: ""Encounter with id mock-id not found""

    [0m [90m 102 |[39m     [36mconst[39m encounter [33m=[39m [36mawait[39m [36mthis[39m[33m.[39mencounterRepository[33m.[39mfindById(id)[33m;[39m
     [90m 103 |[39m     [36mif[39m ([33m![39mencounte",e607603bf63fe854c7800d07585d92a75ecd80d670c010833f0db13fb2188de8,,C:\Users\cdbaz\OneDrive\Documentos\Projetos\usp\tcc\health-microservice-corpus\experiments\logs\errors\run-20260901T031236.570959Z\e607603bf63fe854c7800d07585d92a75ecd80d670c010833f0db13fb2188de8.txt
run-20260901T031236.570959Z,2026-09-01T20:01:05.645618+00:00,falcon_7b,structured,encounter,transitionEncounterStatus,FN_transitionEncounterStatus_END,src/encounter/encounter.service.ts,109,197,04a941d1,jest,2,jest,assertion_failure,"should throw BadRequestException for ADT A08 encounter with status transition: Error: expect(received).rejects.toThrow(expected)

Expected constructor: BadRequestException
Received constructor: NotFoundException

Received message: ""Encounter with id 123 not found""

    [0m [90m 102 |[39m     [36mconst[39m encounter [33m=[39m [36mawait[39m [36mthis[39m[33m.[39mencounterRepository[33m.[39mfindById(id)[33m;[39m
     [90m 103 |[39m     [36mif[39m ([33m![39mencounter) {
    [3",e607603bf63fe854c7800d07585d92a75ecd80d670c010833f0db13fb2188de8,,C:\Users\cdbaz\OneDrive\Documentos\Projetos\usp\tcc\health-microservice-corpus\experiments\logs\errors\run-20260901T031236.570959Z\e607603bf63fe854c7800d07585d92a75ecd80d670c010833f0db13fb2188de8.txt
run-20260901T031236.570959Z,2026-09-01T20:07:07.223859+00:00,falcon_7b,structured,encounter,transitionEncounterStatus,FN_transitionEncounterStatus_END,src/encounter/encounter.service.ts,109,197,04a941d1,jest,3,jest,runtime_error,should throw BadRequestException for invalid status transition: ReferenceError: TransitionEncounterStatusService is not defined,883f38cb3fd8e57b97fbf61727677ed9456b5903f17d2891a7895200fcda1917,,C:\Users\cdbaz\OneDrive\Documentos\Projetos\usp\tcc\health-microservice-corpus\experiments\logs\errors\run-20260901T031236.570959Z\883f38cb3fd8e57b97fbf61727677ed9456b5903f17d2891a7895200fcda1917.txt
run-20260901T031236.570959Z,2026-09-01T20:07:07.223859+00:00,falcon_7b,structured,encounter,transitionEncounterStatus,FN_transitionEncounterStatus_END,src/encounter/encounter.service.ts,109,197,04a941d1,jest,3,jest,unknown,"should throw BadRequestException for transfer without ward: Error: expect(received).toBeInstanceOf(expected)

Expected constructor: BadRequestException
Received constructor: NotFoundException",883f38cb3fd8e57b97fbf61727677ed9456b5903f17d2891a7895200fcda1917,,C:\Users\cdbaz\OneDrive\Documentos\Projetos\usp\tcc\health-microservice-corpus\experiments\logs\errors\run-20260901T031236.570959Z\883f38cb3fd8e57b97fbf61727677ed9456b5903f17d2891a7895200fcda1917.txt
run-20260901T031236.570959Z,2026-09-01T20:07:07.223859+00:00,falcon_7b,structured,encounter,transitionEncounterStatus,FN_transitionEncounterStatus_END,src/encounter/encounter.service.ts,109,197,04a941d1,jest,3,jest,assertion_failure,"should throw BadRequestException for transfer without transferDate: Error: expect(received).rejects.toThrow(expected)

Expected constructor: BadRequestException
Received constructor: NotFoundException

Received message: ""Encounter with id undefined not found""

    [0m [90m 102 |[39m     [36mconst[39m encounter [33m=[39m [36mawait[39m [36mthis[39m[33m.[39mencounterRepository[33m.[39mfindById(id)[33m;[39m
     [90m 103 |[39m     [36mif[39m ([33m![39mencounter) {
    [31m[1",883f38cb3fd8e57b97fbf61727677ed9456b5903f17d2891a7895200fcda1917,,C:\Users\cdbaz\OneDrive\Documentos\Projetos\usp\tcc\health-microservice-corpus\experiments\logs\errors\run-20260901T031236.570959Z\883f38cb3fd8e57b97fbf61727677ed9456b5903f17d2891a7895200fcda1917.txt
run-20260901T031236.570959Z,2026-09-01T20:07:07.223859+00:00,falcon_7b,structured,encounter,transitionEncounterStatus,FN_transitionEncounterStatus_END,src/encounter/encounter.service.ts,109,197,04a941d1,jest,3,jest,assertion_failure,"should throw BadRequestException for transfer with transferDate before admitDate: Error: expect(received).rejects.toThrow(expected)

Expected constructor: BadRequestException
Received constructor: NotFoundException

Received message: ""Encounter with id undefined not found""

    [0m [90m 102 |[39m     [36mconst[39m encounter [33m=[39m [36mawait[39m [36mthis[39m[33m.[39mencounterRepository[33m.[39mfindById(id)[33m;[39m
     [90m 103 |[39m     [36mif[39m ([33m![39mencounter) ",883f38cb3fd8e57b97fbf61727677ed9456b5903f17d2891a7895200fcda1917,,C:\Users\cdbaz\OneDrive\Documentos\Projetos\usp\tcc\health-microservice-corpus\experiments\logs\errors\run-20260901T031236.570959Z\883f38cb3fd8e57b97fbf61727677ed9456b5903f17d2891a7895200fcda1917.txt
run-20260901T031236.570959Z,2026-09-01T20:07:07.223859+00:00,falcon_7b,structured,encounter,transitionEncounterStatus,FN_transitionEncounterStatus_END,src/encounter/encounter.service.ts,109,197,04a941d1,jest,3,jest,assertion_failure,"should throw BadRequestException for discharge without dischargeDate: Error: expect(received).rejects.toThrow(expected)

Expected constructor: BadRequestException
Received constructor: NotFoundException

Received message: ""Encounter with id undefined not found""

    [0m [90m 102 |[39m     [36mconst[39m encounter [33m=[39m [36mawait[39m [36mthis[39m[33m.[39mencounterRepository[33m.[39mfindById(id)[33m;[39m
     [90m 103 |[39m     [36mif[39m ([33m![39mencounter) {
    [31m",883f38cb3fd8e57b97fbf61727677ed9456b5903f17d2891a7895200fcda1917,,C:\Users\cdbaz\OneDrive\Documentos\Projetos\usp\tcc\health-microservice-corpus\experiments\logs\errors\run-20260901T031236.570959Z\883f38cb3fd8e57b97fbf61727677ed9456b5903f17d2891a7895200fcda1917.txt
run-20260901T031236.570959Z,2026-09-01T20:07:07.223859+00:00,falcon_7b,structured,encounter,transitionEncounterStatus,FN_transitionEncounterStatus_END,src/encounter/encounter.service.ts,109,197,04a941d1,jest,3,jest,assertion_failure,"should throw BadRequestException for discharge with dischargeDate before transferDate: Error: expect(received).rejects.toThrow(expected)

Expected constructor: BadRequestException
Received constructor: NotFoundException

Received message: ""Encounter with id mock-id not found""

    [0m [90m 102 |[39m     [36mconst[39m encounter [33m=[39m [36mawait[39m [36mthis[39m[33m.[39mencounterRepository[33m.[39mfindById(id)[33m;[39m
     [90m 103 |[39m     [36mif[39m ([33m![39mencounte",883f38cb3fd8e57b97fbf61727677ed9456b5903f17d2891a7895200fcda1917,,C:\Users\cdbaz\OneDrive\Documentos\Projetos\usp\tcc\health-microservice-corpus\experiments\logs\errors\run-20260901T031236.570959Z\883f38cb3fd8e57b97fbf61727677ed9456b5903f17d2891a7895200fcda1917.txt
run-20260901T031236.570959Z,2026-09-01T20:10:29.048344+00:00,falcon_7b,structured,encounter,transitionEncounterStatus,FN_transitionEncounterStatus_END,src/encounter/encounter.service.ts,109,197,04a941d1,jest,4,jest,assertion_failure,"should throw BadRequestException for transfer with transferDate before admitDate: Error: expect(received).rejects.toThrow(expected)

Expected constructor: BadRequestException
Received constructor: NotFoundException

Received message: ""Encounter with id undefined not found""

    [0m [90m 102 |[39m     [36mconst[39m encounter [33m=[39m [36mawait[39m [36mthis[39m[33m.[39mencounterRepository[33m.[39mfindById(id)[33m;[39m
     [90m 103 |[39m     [36mif[39m ([33m![39mencounter) ",a17a7d15aedab9f0ad7c11f4065d9e5ab29d5c26cd44de83355994ebb9c70897,,C:\Users\cdbaz\OneDrive\Documentos\Projetos\usp\tcc\health-microservice-corpus\experiments\logs\errors\run-20260901T031236.570959Z\a17a7d15aedab9f0ad7c11f4065d9e5ab29d5c26cd44de83355994ebb9c70897.txt
run-20260901T031236.570959Z,2026-09-01T20:10:32.954186+00:00,falcon_7b,structured,encounter,transitionEncounterStatus,FN_transitionEncounterStatus_END,src/encounter/encounter.service.ts,109,197,04a941d1,repair,4,repair,repair_failed,1 repair attempt(s) did not produce a valid fix,a19dd2f169fea0f558514ac3dac1b23af029a1260819d762429f620cb291dccb,,
run-20260901T031236.570959Z,2026-09-01T20:14:44.008850+00:00,falcon_7b,structured,encounter,processAdtMessage,FN_processAdtMessage_END,src/encounter/encounter.service.ts,199,317,04a941d1,jest,1,jest,runtime_error,should handle A01 message creation: TypeError: Cannot read properties of undefined (reading 'active'),6f45b5ea34705ab2a769ee00fcbb927e9803e14d53202b7dddca4b3e6b8d1c92,,C:\Users\cdbaz\OneDrive\Documentos\Projetos\usp\tcc\health-microservice-corpus\experiments\logs\errors\run-20260901T031236.570959Z\6f45b5ea34705ab2a769ee00fcbb927e9803e14d53202b7dddca4b3e6b8d1c92.txt
run-20260901T031236.570959Z,2026-09-01T20:14:44.009751+00:00,falcon_7b,structured,encounter,processAdtMessage,FN_processAdtMessage_END,src/encounter/encounter.service.ts,199,317,04a941d1,jest,1,jest,unknown,should handle A02 message transition: NotFoundException: Encounter with id encounterId not found,6f45b5ea34705ab2a769ee00fcbb927e9803e14d53202b7dddca4b3e6b8d1c92,,C:\Users\cdbaz\OneDrive\Documentos\Projetos\usp\tcc\health-microservice-corpus\experiments\logs\errors\run-20260901T031236.570959Z\6f45b5ea34705ab2a769ee00fcbb927e9803e14d53202b7dddca4b3e6b8d1c92.txt
run-20260901T031236.570959Z,2026-09-01T20:14:44.009751+00:00,falcon_7b,structured,encounter,processAdtMessage,FN_processAdtMessage_END,src/encounter/encounter.service.ts,199,317,04a941d1,jest,1,jest,unknown,should handle A03 message discharge: NotFoundException: Encounter with id encounterId not found,6f45b5ea34705ab2a769ee00fcbb927e9803e14d53202b7dddca4b3e6b8d1c92,,C:\Users\cdbaz\OneDrive\Documentos\Projetos\usp\tcc\health-microservice-corpus\experiments\logs\errors\run-20260901T031236.570959Z\6f45b5ea34705ab2a769ee00fcbb927e9803e14d53202b7dddca4b3e6b8d1c92.txt
run-20260901T031236.570959Z,2026-09-01T20:14:44.009751+00:00,falcon_7b,structured,encounter,processAdtMessage,FN_processAdtMessage_END,src/encounter/encounter.service.ts,199,317,04a941d1,jest,1,jest,assertion_failure,"should handle A08 message update: Error: expect(jest.fn()).toHaveBeenCalledWith(...expected)

- Expected
+ Received

  ""123"",
  Object {
-   ""birthDate"": 1990-01-01T00:00:00.000Z,
+   ""birthDate"": ""1990-01-01"",
+   ""email"": undefined,
    ""name"": ""Updated John Doe"",
+   ""phone"": undefined,
    ""sex"": ""M"",
  },

Number of calls: 1",6f45b5ea34705ab2a769ee00fcbb927e9803e14d53202b7dddca4b3e6b8d1c92,,C:\Users\cdbaz\OneDrive\Documentos\Projetos\usp\tcc\health-microservice-corpus\experiments\logs\errors\run-20260901T031236.570959Z\6f45b5ea34705ab2a769ee00fcbb927e9803e14d53202b7dddca4b3e6b8d1c92.txt
run-20260901T031236.570959Z,2026-09-01T20:14:44.009751+00:00,falcon_7b,structured,encounter,processAdtMessage,FN_processAdtMessage_END,src/encounter/encounter.service.ts,199,317,04a941d1,jest,1,jest,unknown,"should throw NotFoundException for non-existent patient: Error: expect(received).toBeInstanceOf(expected)

Expected constructor: NotFoundException
Received constructor: Object",6f45b5ea34705ab2a769ee00fcbb927e9803e14d53202b7dddca4b3e6b8d1c92,,C:\Users\cdbaz\OneDrive\Documentos\Projetos\usp\tcc\health-microservice-corpus\experiments\logs\errors\run-20260901T031236.570959Z\6f45b5ea34705ab2a769ee00fcbb927e9803e14d53202b7dddca4b3e6b8d1c92.txt
run-20260901T031236.570959Z,2026-09-01T20:18:14.361127+00:00,falcon_7b,structured,encounter,processAdtMessage,FN_processAdtMessage_END,src/encounter/encounter.service.ts,199,317,04a941d1,jest,2,jest,unknown,should handle A02 message transition: NotFoundException: Encounter with id encounterId not found,ef6aa2a6d0dce7831d5f3483edbaa0a68a3653f4fd5ee9c7615e7b106066d419,,C:\Users\cdbaz\OneDrive\Documentos\Projetos\usp\tcc\health-microservice-corpus\experiments\logs\errors\run-20260901T031236.570959Z\ef6aa2a6d0dce7831d5f3483edbaa0a68a3653f4fd5ee9c7615e7b106066d419.txt
run-20260901T031236.570959Z,2026-09-01T20:18:14.361127+00:00,falcon_7b,structured,encounter,processAdtMessage,FN_processAdtMessage_END,src/encounter/encounter.service.ts,199,317,04a941d1,jest,2,jest,unknown,"should throw NotFoundException for non-existent patient: Error: expect(received).toBeInstanceOf(expected)

Expected constructor: NotFoundException
Received constructor: Object",ef6aa2a6d0dce7831d5f3483edbaa0a68a3653f4fd5ee9c7615e7b106066d419,,C:\Users\cdbaz\OneDrive\Documentos\Projetos\usp\tcc\health-microservice-corpus\experiments\logs\errors\run-20260901T031236.570959Z\ef6aa2a6d0dce7831d5f3483edbaa0a68a3653f4fd5ee9c7615e7b106066d419.txt
run-20260901T031236.570959Z,2026-09-01T20:19:28.411234+00:00,falcon_7b,structured,encounter,processAdtMessage,FN_processAdtMessage_END,src/encounter/encounter.service.ts,199,317,04a941d1,jest,3,jest,unknown,should handle A02 message transition: NotFoundException: Encounter with id encounterId not found,f30c9ea5f7be5582772b38b009e85822d1506003342105e87ca4b83f9b16b524,,C:\Users\cdbaz\OneDrive\Documentos\Projetos\usp\tcc\health-microservice-corpus\experiments\logs\errors\run-20260901T031236.570959Z\f30c9ea5f7be5582772b38b009e85822d1506003342105e87ca4b83f9b16b524.txt
run-20260901T031236.570959Z,2026-09-01T20:19:28.421807+00:00,falcon_7b,structured,encounter,processAdtMessage,FN_processAdtMessage_END,src/encounter/encounter.service.ts,199,317,04a941d1,jest,3,jest,unknown,"should throw NotFoundException for non-existent patient: Error: expect(received).toBeInstanceOf(expected)

Expected constructor: NotFoundException
Received constructor: Object",f30c9ea5f7be5582772b38b009e85822d1506003342105e87ca4b83f9b16b524,,C:\Users\cdbaz\OneDrive\Documentos\Projetos\usp\tcc\health-microservice-corpus\experiments\logs\errors\run-20260901T031236.570959Z\f30c9ea5f7be5582772b38b009e85822d1506003342105e87ca4b83f9b16b524.txt
run-20260901T031236.570959Z,2026-09-01T20:19:36.121427+00:00,falcon_7b,structured,encounter,processAdtMessage,FN_processAdtMessage_END,src/encounter/encounter.service.ts,199,317,04a941d1,repair,3,repair,repair_failed,2 repair attempt(s) did not produce a valid fix,2b4174000bb2ce09b371befe017029260089b679a199f81a21ab39398057e434,,
run-20260901T031236.570959Z,2026-09-01T20:21:15.832241+00:00,falcon_7b,structured,encounter,updateEncounter,FN_updateEncounter_END,src/encounter/encounter.service.ts,319,363,04a941d1,jest,1,jest,unknown,"should throw BadRequestException when admitDate is a future date: Error: expect(jest.fn()).not.toHaveBeenCalled()

Expected number of calls: 0
Received number of calls: 1

1: {""admitDate"": 2024-01-01T00:00:00.000Z, ""status"": ""ADMITTED"", ""ward"": ""ICU""}",2eed3d26ef092125b3e56734d7eaa3841c8069fa8c7681901582e8ad8b69a8cb,,C:\Users\cdbaz\OneDrive\Documentos\Projetos\usp\tcc\health-microservice-corpus\experiments\logs\errors\run-20260901T031236.570959Z\2eed3d26ef092125b3e56734d7eaa3841c8069fa8c7681901582e8ad8b69a8cb.txt
run-20260901T031236.570959Z,2026-09-01T20:21:15.832241+00:00,falcon_7b,structured,encounter,updateEncounter,FN_updateEncounter_END,src/encounter/encounter.service.ts,319,363,04a941d1,jest,1,jest,assertion_failure,"should save encounter when all conditions are met: Error: expect(received).toEqual(expected) // deep equality

Expected: {""admitDate"": 2023-01-02T00:00:00.000Z, ""status"": ""ADMITTED"", ""ward"": ""EMERGENCY""}
Received: undefined",2eed3d26ef092125b3e56734d7eaa3841c8069fa8c7681901582e8ad8b69a8cb,,C:\Users\cdbaz\OneDrive\Documentos\Projetos\usp\tcc\health-microservice-corpus\experiments\logs\errors\run-20260901T031236.570959Z\2eed3d26ef092125b3e56734d7eaa3841c8069fa8c7681901582e8ad8b69a8cb.txt
run-20260901T031236.570959Z,2026-09-01T20:22:13.843381+00:00,falcon_7b,structured,encounter,updateEncounter,FN_updateEncounter_END,src/encounter/encounter.service.ts,319,363,04a941d1,jest,2,jest,unknown,"should throw BadRequestException when admitDate is a future date: Error: expect(jest.fn()).not.toHaveBeenCalled()

Expected number of calls: 0
Received number of calls: 1

1: {""admitDate"": 2024-01-01T00:00:00.000Z, ""status"": ""ADMITTED"", ""ward"": ""ICU""}",c83c7d0486e664ff0fc5242444bce2c9a2d659ea0606635edd616cc01214a53a,,C:\Users\cdbaz\OneDrive\Documentos\Projetos\usp\tcc\health-microservice-corpus\experiments\logs\errors\run-20260901T031236.570959Z\c83c7d0486e664ff0fc5242444bce2c9a2d659ea0606635edd616cc01214a53a.txt
run-20260901T031236.570959Z,2026-09-01T20:22:13.843381+00:00,falcon_7b,structured,encounter,updateEncounter,FN_updateEncounter_END,src/encounter/encounter.service.ts,319,363,04a941d1,jest,2,jest,runtime_error,should update encounter admitDate and ward: TypeError: Cannot read properties of undefined (reading 'mockResolvedValue'),c83c7d0486e664ff0fc5242444bce2c9a2d659ea0606635edd616cc01214a53a,,C:\Users\cdbaz\OneDrive\Documentos\Projetos\usp\tcc\health-microservice-corpus\experiments\logs\errors\run-20260901T031236.570959Z\c83c7d0486e664ff0fc5242444bce2c9a2d659ea0606635edd616cc01214a53a.txt
run-20260901T031236.570959Z,2026-09-01T20:23:10.850266+00:00,falcon_7b,structured,encounter,updateEncounter,FN_updateEncounter_END,src/encounter/encounter.service.ts,319,363,04a941d1,jest,3,jest,unknown,"should throw BadRequestException when admitDate is a future date: Error: expect(jest.fn()).not.toHaveBeenCalled()

Expected number of calls: 0
Received number of calls: 1

1: {""admitDate"": 2024-01-01T00:00:00.000Z, ""status"": ""ADMITTED"", ""ward"": ""ICU""}",b47431485c40ec2bb29f3f69f822b7f5721ab7974c2ecc19e18a55e23b6fb08b,,C:\Users\cdbaz\OneDrive\Documentos\Projetos\usp\tcc\health-microservice-corpus\experiments\logs\errors\run-20260901T031236.570959Z\b47431485c40ec2bb29f3f69f822b7f5721ab7974c2ecc19e18a55e23b6fb08b.txt
run-20260901T031236.570959Z,2026-09-01T20:23:14.736871+00:00,falcon_7b,structured,encounter,updateEncounter,FN_updateEncounter_END,src/encounter/encounter.service.ts,319,363,04a941d1,repair,3,repair,repair_failed,1 repair attempt(s) did not produce a valid fix,a19dd2f169fea0f558514ac3dac1b23af029a1260819d762429f620cb291dccb,,
run-20260901T031236.570959Z,2026-09-01T20:24:57.158527+00:00,falcon_7b,structured,encounter,buildEncounterSummary,FN_buildEncounterSummary_END,src/encounter/encounter.service.ts,365,439,04a941d1,jest,1,jest,unknown,"should return EncounterSummary with correct values for an active encounter: Error: expect(received).toEqual(expected) // deep equality

- Expected  - 4
+ Received  + 4

@@ -1,7 +1,7 @@
  Object {
-   ""activeDays"": 10,
+   ""activeDays"": 1339,
    ""encounter"": Object {
      ""admitDate"": 2023-01-01T00:00:00.000Z,
      ""orders"": Array [
        Object {
          ""results"": Array [
@@ -14,11 +14,11 @@
          ],
          ""status"": ""PENDING"",
        },
      ],
    },
-   ""hasAbnormalResults"": ",cf556ec3bcc9428d4ee4d51b7c6f61b714614080a87c3ed10902950ba593de34,,C:\Users\cdbaz\OneDrive\Documentos\Projetos\usp\tcc\health-microservice-corpus\experiments\logs\errors\run-20260901T031236.570959Z\cf556ec3bcc9428d4ee4d51b7c6f61b714614080a87c3ed10902950ba593de34.txt
run-20260901T031236.570959Z,2026-09-01T20:24:57.164315+00:00,falcon_7b,structured,encounter,buildEncounterSummary,FN_buildEncounterSummary_END,src/encounter/encounter.service.ts,365,439,04a941d1,jest,1,jest,unknown,"should return EncounterSummary with correct values for a non-active encounter: Error: expect(received).toEqual(expected) // deep equality

- Expected  - 2
+ Received  + 2

@@ -1,7 +1,7 @@
  Object {
-   ""activeDays"": 0,
+   ""activeDays"": 1339,
    ""encounter"": Object {
      ""admitDate"": 2023-01-01T00:00:00.000Z,
      ""orders"": Array [],
    },
    ""hasAbnormalResults"": false,
@@ -18,7 +18,7 @@
    ""results"": Object {
      ""abnormal"": 0,
      ""preliminary"": 0,
      ""total"": 0,
    },
-   ""ri",cf556ec3bcc9428d4ee4d51b7c6f61b714614080a87c3ed10902950ba593de34,,C:\Users\cdbaz\OneDrive\Documentos\Projetos\usp\tcc\health-microservice-corpus\experiments\logs\errors\run-20260901T031236.570959Z\cf556ec3bcc9428d4ee4d51b7c6f61b714614080a87c3ed10902950ba593de34.txt
run-20260901T031236.570959Z,2026-09-01T20:24:57.165810+00:00,falcon_7b,structured,encounter,buildEncounterSummary,FN_buildEncounterSummary_END,src/encounter/encounter.service.ts,365,439,04a941d1,jest,1,jest,unknown,"should throw BadRequestException if patient is not found: Error: expect(received).rejects.toThrow()

Received promise resolved instead of rejected
Resolved to value: {""activeDays"": 1339, ""encounter"": {""admitDate"": 2023-01-01T00:00:00.000Z, ""patientId"": ""patientId""}, ""hasAbnormalResults"": false, ""orders"": {""cancelled"": 0, ""completed"": 0, ""inProgress"": 0, ""pending"": 0, ""total"": 0}, ""patient"": null, ""results"": {""abnormal"": 0, ""preliminary"": 0, ""total"": 0}, ""riskFlag"": ""MEDIUM""}",cf556ec3bcc9428d4ee4d51b7c6f61b714614080a87c3ed10902950ba593de34,,C:\Users\cdbaz\OneDrive\Documentos\Projetos\usp\tcc\health-microservice-corpus\experiments\logs\errors\run-20260901T031236.570959Z\cf556ec3bcc9428d4ee4d51b7c6f61b714614080a87c3ed10902950ba593de34.txt
run-20260901T031236.570959Z,2026-09-01T20:26:39.975154+00:00,falcon_7b,structured,encounter,buildEncounterSummary,FN_buildEncounterSummary_END,src/encounter/encounter.service.ts,365,439,04a941d1,jest,2,jest,unknown,"should throw BadRequestException if patient is not found: Error: expect(received).rejects.toThrow()

Received promise resolved instead of rejected
Resolved to value: {""activeDays"": 1339, ""encounter"": {""admitDate"": 2023-01-01T00:00:00.000Z, ""patientId"": ""patientId""}, ""hasAbnormalResults"": false, ""orders"": {""cancelled"": 0, ""completed"": 0, ""inProgress"": 0, ""pending"": 0, ""total"": 0}, ""patient"": null, ""results"": {""abnormal"": 0, ""preliminary"": 0, ""total"": 0}, ""riskFlag"": ""MEDIUM""}",6d36b0330b82b565353534f55f5cb841b48c851e92a08460251b596921848910,,C:\Users\cdbaz\OneDrive\Documentos\Projetos\usp\tcc\health-microservice-corpus\experiments\logs\errors\run-20260901T031236.570959Z\6d36b0330b82b565353534f55f5cb841b48c851e92a08460251b596921848910.txt
run-20260901T031236.570959Z,2026-09-01T20:27:37.858585+00:00,falcon_7b,structured,encounter,buildEncounterSummary,FN_buildEncounterSummary_END,src/encounter/encounter.service.ts,365,439,04a941d1,jest,3,jest,runtime_error,should return EncounterSummary with correct fields: ReferenceError: YourService is not defined,c249509949eba5702ad854075d2689c7b64c1dd53df98ca84ac0443f8c3073e7,,C:\Users\cdbaz\OneDrive\Documentos\Projetos\usp\tcc\health-microservice-corpus\experiments\logs\errors\run-20260901T031236.570959Z\c249509949eba5702ad854075d2689c7b64c1dd53df98ca84ac0443f8c3073e7.txt
run-20260901T031236.570959Z,2026-09-01T20:28:33.038460+00:00,falcon_7b,structured,encounter,buildEncounterSummary,FN_buildEncounterSummary_END,src/encounter/encounter.service.ts,365,439,04a941d1,jest,4,jest,runtime_error,should return EncounterSummary with correct fields: ReferenceError: YourService is not defined,d2c6d03821a2a801d49714bc4d141864d115fca9381373db25faeff66c55f2a6,,C:\Users\cdbaz\OneDrive\Documentos\Projetos\usp\tcc\health-microservice-corpus\experiments\logs\errors\run-20260901T031236.570959Z\d2c6d03821a2a801d49714bc4d141864d115fca9381373db25faeff66c55f2a6.txt
run-20260901T031236.570959Z,2026-09-01T20:28:36.939897+00:00,falcon_7b,structured,encounter,buildEncounterSummary,FN_buildEncounterSummary_END,src/encounter/encounter.service.ts,365,439,04a941d1,repair,4,repair,repair_failed,1 repair attempt(s) did not produce a valid fix,a19dd2f169fea0f558514ac3dac1b23af029a1260819d762429f620cb291dccb,,
run-20260901T031236.570959Z,2026-09-01T20:30:11.190777+00:00,falcon_7b,structured,order,createOrder,FN_createOrder_END,src/order/order.service.ts,34,70,556cd6ea,jest,1,jest,runtime_error,"should throw ConflictException for existing pending order: Error: expect(received).rejects.toThrow(expected)

Expected constructor: ConflictException
Received constructor: TypeError

Received message: ""Cannot read properties of undefined (reading 'status')""

    [0m [90m 37 |[39m     )[33m;[39m
     [90m 38 |[39m
    [31m[1m>[22m[39m[90m 39 |[39m     [36mif[39m (encounter[33m.[39mstatus [33m===[39m [33mEncounterStatus[39m[33m.[39m[33mDISCHARGED[39m) {
     [90m    |[39",e9965091a10c0efaa5d25074655d40ac6547b0986600d07fbfa723bde7203636,,C:\Users\cdbaz\OneDrive\Documentos\Projetos\usp\tcc\health-microservice-corpus\experiments\logs\errors\run-20260901T031236.570959Z\e9965091a10c0efaa5d25074655d40ac6547b0986600d07fbfa723bde7203636.txt
run-20260901T031236.570959Z,2026-09-01T20:30:11.192332+00:00,falcon_7b,structured,order,createOrder,FN_createOrder_END,src/order/order.service.ts,34,70,556cd6ea,jest,1,jest,runtime_error,should create and save order: TypeError: Cannot read properties of undefined (reading 'status'),e9965091a10c0efaa5d25074655d40ac6547b0986600d07fbfa723bde7203636,,C:\Users\cdbaz\OneDrive\Documentos\Projetos\usp\tcc\health-microservice-corpus\experiments\logs\errors\run-20260901T031236.570959Z\e9965091a10c0efaa5d25074655d40ac6547b0986600d07fbfa723bde7203636.txt
run-20260901T031236.570959Z,2026-09-01T20:31:08.979582+00:00,falcon_7b,structured,order,createOrder,FN_createOrder_END,src/order/order.service.ts,34,70,556cd6ea,jest,2,jest,runtime_error,should throw BadRequestException for discharged encounter: TypeError: Cannot read properties of undefined (reading 'mockResolvedValue'),07c51382e28e886b28e940d307bc4386b70e101b84f3dc5377768a021ccfc68f,,C:\Users\cdbaz\OneDrive\Documentos\Projetos\usp\tcc\health-microservice-corpus\experiments\logs\errors\run-20260901T031236.570959Z\07c51382e28e886b28e940d307bc4386b70e101b84f3dc5377768a021ccfc68f.txt
run-20260901T031236.570959Z,2026-09-01T20:31:08.979582+00:00,falcon_7b,structured,order,createOrder,FN_createOrder_END,src/order/order.service.ts,34,70,556cd6ea,jest,2,jest,runtime_error,should create and save order: TypeError: Cannot read properties of undefined (reading 'mockResolvedValue'),07c51382e28e886b28e940d307bc4386b70e101b84f3dc5377768a021ccfc68f,,C:\Users\cdbaz\OneDrive\Documentos\Projetos\usp\tcc\health-microservice-corpus\experiments\logs\errors\run-20260901T031236.570959Z\07c51382e28e886b28e940d307bc4386b70e101b84f3dc5377768a021ccfc68f.txt
run-20260901T031236.570959Z,2026-09-01T20:32:00.063238+00:00,falcon_7b,structured,order,createOrder,FN_createOrder_END,src/order/order.service.ts,34,70,556cd6ea,jest,3,jest,runtime_error,"should throw BadRequestException for discharged encounter: Error: expect(received).rejects.toThrow(expected)

Expected constructor: BadRequestException
Received constructor: TypeError

Received message: ""this.encounterService.getEncounterById is not a function""

    [0m [90m 33 |[39m
     [90m 34 |[39m   [36masync[39m createOrder(dto[33m:[39m [33mCreateOrderDto[39m)[33m:[39m [33mPromise[39m[33m<[39m[33mOrder[39m[33m>[39m {
    [31m[1m>[22m[39m[90m 35 |[39m     [36mcon",4cbdce36c0ad681afa340db716dfbbbe922564f5ceebd5e6691b154942d36b05,,C:\Users\cdbaz\OneDrive\Documentos\Projetos\usp\tcc\health-microservice-corpus\experiments\logs\errors\run-20260901T031236.570959Z\4cbdce36c0ad681afa340db716dfbbbe922564f5ceebd5e6691b154942d36b05.txt
run-20260901T031236.570959Z,2026-09-01T20:32:00.069584+00:00,falcon_7b,structured,order,createOrder,FN_createOrder_END,src/order/order.service.ts,34,70,556cd6ea,jest,3,jest,runtime_error,should throw BadRequestException for discharged encounter: TypeError: Cannot read properties of undefined (reading 'mockResolvedValue'),4cbdce36c0ad681afa340db716dfbbbe922564f5ceebd5e6691b154942d36b05,,C:\Users\cdbaz\OneDrive\Documentos\Projetos\usp\tcc\health-microservice-corpus\experiments\logs\errors\run-20260901T031236.570959Z\4cbdce36c0ad681afa340db716dfbbbe922564f5ceebd5e6691b154942d36b05.txt
run-20260901T031236.570959Z,2026-09-01T20:32:00.069584+00:00,falcon_7b,structured,order,createOrder,FN_createOrder_END,src/order/order.service.ts,34,70,556cd6ea,jest,3,jest,runtime_error,should create and save order: TypeError: Cannot read properties of undefined (reading 'mockResolvedValueOnce'),4cbdce36c0ad681afa340db716dfbbbe922564f5ceebd5e6691b154942d36b05,,C:\Users\cdbaz\OneDrive\Documentos\Projetos\usp\tcc\health-microservice-corpus\experiments\logs\errors\run-20260901T031236.570959Z\4cbdce36c0ad681afa340db716dfbbbe922564f5ceebd5e6691b154942d36b05.txt
run-20260901T031236.570959Z,2026-09-01T20:32:44.909947+00:00,falcon_7b,structured,order,createOrder,FN_createOrder_END,src/order/order.service.ts,34,70,556cd6ea,jest,4,jest,runtime_error,should throw BadRequestException for discharged encounter: TypeError: Cannot read properties of undefined (reading 'mockResolvedValue'),ed5acd00d4104c736b9bd72b976a26fa8a10ab03b110b313a8cd23da430a4281,,C:\Users\cdbaz\OneDrive\Documentos\Projetos\usp\tcc\health-microservice-corpus\experiments\logs\errors\run-20260901T031236.570959Z\ed5acd00d4104c736b9bd72b976a26fa8a10ab03b110b313a8cd23da430a4281.txt
run-20260901T031236.570959Z,2026-09-01T20:32:48.700886+00:00,falcon_7b,structured,order,createOrder,FN_createOrder_END,src/order/order.service.ts,34,70,556cd6ea,repair,4,repair,repair_failed,1 repair attempt(s) did not produce a valid fix,a19dd2f169fea0f558514ac3dac1b23af029a1260819d762429f620cb291dccb,,
run-20260901T031236.570959Z,2026-09-01T20:36:59.012118+00:00,falcon_7b,structured,order,validateOrderResult,FN_validateOrderResult_END,src/order/order.service.ts,80,158,556cd6ea,jest,1,jest,runtime_error,should return order when incomingStatus is CORRECTED and order is completed: TypeError: Cannot read properties of undefined (reading 'status'),37b068e80db3e0558f2c0cc031a5ec3d66f131014e0ff3b525d25bded61daa10,,C:\Users\cdbaz\OneDrive\Documentos\Projetos\usp\tcc\health-microservice-corpus\experiments\logs\errors\run-20260901T031236.570959Z\37b068e80db3e0558f2c0cc031a5ec3d66f131014e0ff3b525d25bded61daa10.txt
run-20260901T031236.570959Z,2026-09-01T20:36:59.012118+00:00,falcon_7b,structured,order,validateOrderResult,FN_validateOrderResult_END,src/order/order.service.ts,80,158,556cd6ea,jest,1,jest,runtime_error,"should throw BadRequestException when order is completed and incomingStatus is FINAL: Error: expect(received).rejects.toThrow(expected)

Expected constructor: BadRequestException
Received constructor: TypeError

Received message: ""Cannot read properties of undefined (reading 'status')""

    [0m [90m 94 |[39m     )[33m;[39m
     [90m 95 |[39m
    [31m[1m>[22m[39m[90m 96 |[39m     [36mif[39m (encounter[33m.[39mstatus [33m===[39m [33mEncounterStatus[39m[33m.[39m[33mDISCHARGE",37b068e80db3e0558f2c0cc031a5ec3d66f131014e0ff3b525d25bded61daa10,,C:\Users\cdbaz\OneDrive\Documentos\Projetos\usp\tcc\health-microservice-corpus\experiments\logs\errors\run-20260901T031236.570959Z\37b068e80db3e0558f2c0cc031a5ec3d66f131014e0ff3b525d25bded61daa10.txt
run-20260901T031236.570959Z,2026-09-01T20:36:59.022213+00:00,falcon_7b,structured,order,validateOrderResult,FN_validateOrderResult_END,src/order/order.service.ts,80,158,556cd6ea,jest,1,jest,runtime_error,"should throw BadRequestException when order has a final or corrected result: Error: expect(received).rejects.toThrow(expected)

Expected constructor: BadRequestException
Received constructor: TypeError

Received message: ""Cannot read properties of undefined (reading 'status')""

    [0m [90m 94 |[39m     )[33m;[39m
     [90m 95 |[39m
    [31m[1m>[22m[39m[90m 96 |[39m     [36mif[39m (encounter[33m.[39mstatus [33m===[39m [33mEncounterStatus[39m[33m.[39m[33mDISCHARGED[39m) {",37b068e80db3e0558f2c0cc031a5ec3d66f131014e0ff3b525d25bded61daa10,,C:\Users\cdbaz\OneDrive\Documentos\Projetos\usp\tcc\health-microservice-corpus\experiments\logs\errors\run-20260901T031236.570959Z\37b068e80db3e0558f2c0cc031a5ec3d66f131014e0ff3b525d25bded61daa10.txt
run-20260901T031236.570959Z,2026-09-01T20:36:59.022213+00:00,falcon_7b,structured,order,validateOrderResult,FN_validateOrderResult_END,src/order/order.service.ts,80,158,556cd6ea,jest,1,jest,runtime_error,should save order when order is pending and incomingStatus is FINAL: TypeError: Cannot read properties of undefined (reading 'status'),37b068e80db3e0558f2c0cc031a5ec3d66f131014e0ff3b525d25bded61daa10,,C:\Users\cdbaz\OneDrive\Documentos\Projetos\usp\tcc\health-microservice-corpus\experiments\logs\errors\run-20260901T031236.570959Z\37b068e80db3e0558f2c0cc031a5ec3d66f131014e0ff3b525d25bded61daa10.txt
run-20260901T031236.570959Z,2026-09-01T20:36:59.022213+00:00,falcon_7b,structured,order,validateOrderResult,FN_validateOrderResult_END,src/order/order.service.ts,80,158,556cd6ea,jest,1,jest,runtime_error,should save order when order is in progress and incomingStatus is FINAL: TypeError: Cannot read properties of undefined (reading 'status'),37b068e80db3e0558f2c0cc031a5ec3d66f131014e0ff3b525d25bded61daa10,,C:\Users\cdbaz\OneDrive\Documentos\Projetos\usp\tcc\health-microservice-corpus\experiments\logs\errors\run-20260901T031236.570959Z\37b068e80db3e0558f2c0cc031a5ec3d66f131014e0ff3b525d25bded61daa10.txt
run-20260901T031236.570959Z,2026-09-01T20:38:57.248433+00:00,falcon_7b,structured,order,validateOrderResult,FN_validateOrderResult_END,src/order/order.service.ts,80,158,556cd6ea,jest,2,jest,runtime_error,should save order when order is pending and incomingStatus is FINAL: TypeError: Cannot read properties of undefined (reading 'status'),812ab9eca29f24133295de507b150b0135da9514a726d193a6bc950cc3533284,,C:\Users\cdbaz\OneDrive\Documentos\Projetos\usp\tcc\health-microservice-corpus\experiments\logs\errors\run-20260901T031236.570959Z\812ab9eca29f24133295de507b150b0135da9514a726d193a6bc950cc3533284.txt
run-20260901T031236.570959Z,2026-09-01T20:38:57.248433+00:00,falcon_7b,structured,order,validateOrderResult,FN_validateOrderResult_END,src/order/order.service.ts,80,158,556cd6ea,jest,2,jest,runtime_error,should save order when order is in progress and incomingStatus is FINAL: TypeError: Cannot read properties of undefined (reading 'status'),812ab9eca29f24133295de507b150b0135da9514a726d193a6bc950cc3533284,,C:\Users\cdbaz\OneDrive\Documentos\Projetos\usp\tcc\health-microservice-corpus\experiments\logs\errors\run-20260901T031236.570959Z\812ab9eca29f24133295de507b150b0135da9514a726d193a6bc950cc3533284.txt
run-20260901T031236.570959Z,2026-09-01T20:39:46.124529+00:00,falcon_7b,structured,order,validateOrderResult,FN_validateOrderResult_END,src/order/order.service.ts,80,158,556cd6ea,jest,3,jest,runtime_error,should save order when order is pending and incomingStatus is FINAL: TypeError: Cannot read properties of undefined (reading 'status'),b662f6327e99d7eb4e003f51009acbe754672c2a4b7a9a8b1f9117a30a4c437d,,C:\Users\cdbaz\OneDrive\Documentos\Projetos\usp\tcc\health-microservice-corpus\experiments\logs\errors\run-20260901T031236.570959Z\b662f6327e99d7eb4e003f51009acbe754672c2a4b7a9a8b1f9117a30a4c437d.txt
run-20260901T031236.570959Z,2026-09-01T20:39:46.124529+00:00,falcon_7b,structured,order,validateOrderResult,FN_validateOrderResult_END,src/order/order.service.ts,80,158,556cd6ea,jest,3,jest,runtime_error,"should save order when order is in progress and incomingStatus is FINAL: Error: Expected no error, but got: TypeError: Cannot read properties of undefined (reading 'status')",b662f6327e99d7eb4e003f51009acbe754672c2a4b7a9a8b1f9117a30a4c437d,,C:\Users\cdbaz\OneDrive\Documentos\Projetos\usp\tcc\health-microservice-corpus\experiments\logs\errors\run-20260901T031236.570959Z\b662f6327e99d7eb4e003f51009acbe754672c2a4b7a9a8b1f9117a30a4c437d.txt
run-20260901T031236.570959Z,2026-09-01T20:39:53.826080+00:00,falcon_7b,structured,order,validateOrderResult,FN_validateOrderResult_END,src/order/order.service.ts,80,158,556cd6ea,repair,3,repair,repair_failed,2 repair attempt(s) did not produce a valid fix,2b4174000bb2ce09b371befe017029260089b679a199f81a21ab39398057e434,,
run-20260901T031236.570959Z,2026-09-01T20:41:49.509504+00:00,falcon_7b,structured,order,updateOrder,FN_updateOrder_END,src/order/order.service.ts,170,203,556cd6ea,jest,1,jest,runtime_error,"should throw BadRequestException for cancelled or completed orders: Error: expect(received).rejects.toThrow(expected)

Expected constructor: BadRequestException
Received constructor: TypeError

Received message: ""this.orderRepository.findById is not a function""

    [0m [90m 25 |[39m
     [90m 26 |[39m   [36masync[39m getOrderById(id[33m:[39m string)[33m:[39m [33mPromise[39m[33m<[39m[33mOrder[39m[33m>[39m {
    [31m[1m>[22m[39m[90m 27 |[39m     [36mconst[39m order [33",8b982f99b9adc524e1c4e2a9731131c86ed65f6d18fe823eb8889f68182eead5,,C:\Users\cdbaz\OneDrive\Documentos\Projetos\usp\tcc\health-microservice-corpus\experiments\logs\errors\run-20260901T031236.570959Z\8b982f99b9adc524e1c4e2a9731131c86ed65f6d18fe823eb8889f68182eead5.txt
run-20260901T031236.570959Z,2026-09-01T20:41:49.511517+00:00,falcon_7b,structured,order,updateOrder,FN_updateOrder_END,src/order/order.service.ts,170,203,556cd6ea,jest,1,jest,runtime_error,"should throw BadRequestException for in-progress order with requestedBy: Error: expect(received).rejects.toThrow(expected)

Expected constructor: BadRequestException
Received constructor: TypeError

Received message: ""this.orderRepository.findById is not a function""

    [0m [90m 25 |[39m
     [90m 26 |[39m   [36masync[39m getOrderById(id[33m:[39m string)[33m:[39m [33mPromise[39m[33m<[39m[33mOrder[39m[33m>[39m {
    [31m[1m>[22m[39m[90m 27 |[39m     [36mconst[39m order",8b982f99b9adc524e1c4e2a9731131c86ed65f6d18fe823eb8889f68182eead5,,C:\Users\cdbaz\OneDrive\Documentos\Projetos\usp\tcc\health-microservice-corpus\experiments\logs\errors\run-20260901T031236.570959Z\8b982f99b9adc524e1c4e2a9731131c86ed65f6d18fe823eb8889f68182eead5.txt
run-20260901T031236.570959Z,2026-09-01T20:41:49.512535+00:00,falcon_7b,structured,order,updateOrder,FN_updateOrder_END,src/order/order.service.ts,170,203,556cd6ea,jest,1,jest,runtime_error,should update requestedBy for non-in-progress order: TypeError: this.orderRepository.findById is not a function,8b982f99b9adc524e1c4e2a9731131c86ed65f6d18fe823eb8889f68182eead5,,C:\Users\cdbaz\OneDrive\Documentos\Projetos\usp\tcc\health-microservice-corpus\experiments\logs\errors\run-20260901T031236.570959Z\8b982f99b9adc524e1c4e2a9731131c86ed65f6d18fe823eb8889f68182eead5.txt
run-20260901T031236.570959Z,2026-09-01T20:41:49.512535+00:00,falcon_7b,structured,order,updateOrder,FN_updateOrder_END,src/order/order.service.ts,170,203,556cd6ea,jest,1,jest,runtime_error,should update notes for non-in-progress order: TypeError: this.orderRepository.findById is not a function,8b982f99b9adc524e1c4e2a9731131c86ed65f6d18fe823eb8889f68182eead5,,C:\Users\cdbaz\OneDrive\Documentos\Projetos\usp\tcc\health-microservice-corpus\experiments\logs\errors\run-20260901T031236.570959Z\8b982f99b9adc524e1c4e2a9731131c86ed65f6d18fe823eb8889f68182eead5.txt
run-20260901T031236.570959Z,2026-09-01T20:43:25.476748+00:00,falcon_7b,structured,order,updateOrder,FN_updateOrder_END,src/order/order.service.ts,170,203,556cd6ea,jest,2,jest,runtime_error,"should throw BadRequestException for cancelled or completed orders: Error: expect(received).rejects.toThrow(expected)

Expected constructor: BadRequestException
Received constructor: TypeError

Received message: ""this.orderRepository.findById is not a function""

    [0m [90m 25 |[39m
     [90m 26 |[39m   [36masync[39m getOrderById(id[33m:[39m string)[33m:[39m [33mPromise[39m[33m<[39m[33mOrder[39m[33m>[39m {
    [31m[1m>[22m[39m[90m 27 |[39m     [36mconst[39m order [33",6b1c9fe1fab2736ec01471d35d92fae2a3acc52e9aefbea4a31d6cf647efcdd5,,C:\Users\cdbaz\OneDrive\Documentos\Projetos\usp\tcc\health-microservice-corpus\experiments\logs\errors\run-20260901T031236.570959Z\6b1c9fe1fab2736ec01471d35d92fae2a3acc52e9aefbea4a31d6cf647efcdd5.txt
run-20260901T031236.570959Z,2026-09-01T20:43:25.476748+00:00,falcon_7b,structured,order,updateOrder,FN_updateOrder_END,src/order/order.service.ts,170,203,556cd6ea,jest,2,jest,runtime_error,"should throw BadRequestException for in-progress order with requestedBy: Error: expect(received).rejects.toThrow(expected)

Expected constructor: BadRequestException
Received constructor: TypeError

Received message: ""this.orderRepository.findById is not a function""

    [0m [90m 25 |[39m
     [90m 26 |[39m   [36masync[39m getOrderById(id[33m:[39m string)[33m:[39m [33mPromise[39m[33m<[39m[33mOrder[39m[33m>[39m {
    [31m[1m>[22m[39m[90m 27 |[39m     [36mconst[39m order",6b1c9fe1fab2736ec01471d35d92fae2a3acc52e9aefbea4a31d6cf647efcdd5,,C:\Users\cdbaz\OneDrive\Documentos\Projetos\usp\tcc\health-microservice-corpus\experiments\logs\errors\run-20260901T031236.570959Z\6b1c9fe1fab2736ec01471d35d92fae2a3acc52e9aefbea4a31d6cf647efcdd5.txt
run-20260901T031236.570959Z,2026-09-01T20:43:25.476748+00:00,falcon_7b,structured,order,updateOrder,FN_updateOrder_END,src/order/order.service.ts,170,203,556cd6ea,jest,2,jest,runtime_error,should update requestedBy for non-in-progress order: TypeError: this.orderRepository.findById is not a function,6b1c9fe1fab2736ec01471d35d92fae2a3acc52e9aefbea4a31d6cf647efcdd5,,C:\Users\cdbaz\OneDrive\Documentos\Projetos\usp\tcc\health-microservice-corpus\experiments\logs\errors\run-20260901T031236.570959Z\6b1c9fe1fab2736ec01471d35d92fae2a3acc52e9aefbea4a31d6cf647efcdd5.txt
run-20260901T031236.570959Z,2026-09-01T20:43:25.490701+00:00,falcon_7b,structured,order,updateOrder,FN_updateOrder_END,src/order/order.service.ts,170,203,556cd6ea,jest,2,jest,runtime_error,should update notes for non-in-progress order: TypeError: this.orderRepository.findById is not a function,6b1c9fe1fab2736ec01471d35d92fae2a3acc52e9aefbea4a31d6cf647efcdd5,,C:\Users\cdbaz\OneDrive\Documentos\Projetos\usp\tcc\health-microservice-corpus\experiments\logs\errors\run-20260901T031236.570959Z\6b1c9fe1fab2736ec01471d35d92fae2a3acc52e9aefbea4a31d6cf647efcdd5.txt
run-20260901T031236.570959Z,2026-09-01T20:45:12.804402+00:00,falcon_7b,structured,order,updateOrder,FN_updateOrder_END,src/order/order.service.ts,170,203,556cd6ea,jest,3,jest,unknown,should update notes for non-in-progress order: Error: Cannot find module 'order' from 'src/order/order.service.spec.ts',b649b81a809da9042fe29f98917e27dabe243762214cff03b6d0ed3f57228a32,,C:\Users\cdbaz\OneDrive\Documentos\Projetos\usp\tcc\health-microservice-corpus\experiments\logs\errors\run-20260901T031236.570959Z\b649b81a809da9042fe29f98917e27dabe243762214cff03b6d0ed3f57228a32.txt
run-20260901T031236.570959Z,2026-09-01T20:45:53.525042+00:00,falcon_7b,structured,order,updateOrder,FN_updateOrder_END,src/order/order.service.ts,170,203,556cd6ea,jest,4,jest,unknown,should update notes for non-in-progress order: Error: Cannot find module 'order' from 'src/order/order.service.spec.ts',5b53ea2a61df8b2b2dfb0d72a94e1edd4cdfef134d9a089eedc935f5ddea4d1e,,C:\Users\cdbaz\OneDrive\Documentos\Projetos\usp\tcc\health-microservice-corpus\experiments\logs\errors\run-20260901T031236.570959Z\5b53ea2a61df8b2b2dfb0d72a94e1edd4cdfef134d9a089eedc935f5ddea4d1e.txt
run-20260901T031236.570959Z,2026-09-01T20:45:57.462484+00:00,falcon_7b,structured,order,updateOrder,FN_updateOrder_END,src/order/order.service.ts,170,203,556cd6ea,repair,4,repair,repair_failed,1 repair attempt(s) did not produce a valid fix,a19dd2f169fea0f558514ac3dac1b23af029a1260819d762429f620cb291dccb,,
run-20260901T031236.570959Z,2026-09-01T20:46:45.436387+00:00,falcon_7b,structured,patient,listPatients,FN_listPatients_END,src/patient/patient.service.ts,23,25,0ddb42a2,jest,1,jest,assertion_failure,"should return an empty array when findAll returns undefined: Error: expect(received).resolves.toEqual(expected) // deep equality

Expected: []
Received: undefined",6d76bcadba1745597c99bd38033a028e67193b9050c441f3d752e5b68950d8ca,,C:\Users\cdbaz\OneDrive\Documentos\Projetos\usp\tcc\health-microservice-corpus\experiments\logs\errors\run-20260901T031236.570959Z\6d76bcadba1745597c99bd38033a028e67193b9050c441f3d752e5b68950d8ca.txt
run-20260901T031236.570959Z,2026-09-01T20:47:40.296267+00:00,falcon_7b,structured,patient,createPatient,FN_createPatient_END,src/patient/patient.service.ts,27,51,0ddb42a2,jest,1,jest,runtime_error,"should throw ConflictException when cpf already exists: Error: expect(received).rejects.toThrow(expected)

Expected constructor: ConflictException
Received constructor: TypeError

Received message: ""Cannot read properties of undefined (reading 'replace')""

    [0m [90m 26 |[39m
     [90m 27 |[39m   [36masync[39m createPatient(dto[33m:[39m [33mCreatePatientDto[39m)[33m:[39m [33mPromise[39m[33m<[39m[33mPatient[39m[33m>[39m {
    [31m[1m>[22m[39m[90m 28 |[39m     [36mcon",7db0323827a2bdcaddff2172143120f17ab310445b884f083287bb257f1229cb,,C:\Users\cdbaz\OneDrive\Documentos\Projetos\usp\tcc\health-microservice-corpus\experiments\logs\errors\run-20260901T031236.570959Z\7db0323827a2bdcaddff2172143120f17ab310445b884f083287bb257f1229cb.txt
run-20260901T031236.570959Z,2026-09-01T20:47:40.312180+00:00,falcon_7b,structured,patient,createPatient,FN_createPatient_END,src/patient/patient.service.ts,27,51,0ddb42a2,jest,1,jest,runtime_error,"should throw ConflictException when email already exists: Error: expect(received).rejects.toThrow(expected)

Expected constructor: ConflictException
Received constructor: TypeError

Received message: ""Cannot read properties of undefined (reading 'replace')""

    [0m [90m 26 |[39m
     [90m 27 |[39m   [36masync[39m createPatient(dto[33m:[39m [33mCreatePatientDto[39m)[33m:[39m [33mPromise[39m[33m<[39m[33mPatient[39m[33m>[39m {
    [31m[1m>[22m[39m[90m 28 |[39m     [36mc",7db0323827a2bdcaddff2172143120f17ab310445b884f083287bb257f1229cb,,C:\Users\cdbaz\OneDrive\Documentos\Projetos\usp\tcc\health-microservice-corpus\experiments\logs\errors\run-20260901T031236.570959Z\7db0323827a2bdcaddff2172143120f17ab310445b884f083287bb257f1229cb.txt
run-20260901T031236.570959Z,2026-09-01T20:47:40.312180+00:00,falcon_7b,structured,patient,createPatient,FN_createPatient_END,src/patient/patient.service.ts,27,51,0ddb42a2,jest,1,jest,runtime_error,should save patient when cpf and email are unique: TypeError: Cannot read properties of undefined (reading 'replace'),7db0323827a2bdcaddff2172143120f17ab310445b884f083287bb257f1229cb,,C:\Users\cdbaz\OneDrive\Documentos\Projetos\usp\tcc\health-microservice-corpus\experiments\logs\errors\run-20260901T031236.570959Z\7db0323827a2bdcaddff2172143120f17ab310445b884f083287bb257f1229cb.txt
run-20260901T031236.570959Z,2026-09-01T20:48:35.688385+00:00,falcon_7b,structured,patient,createPatient,FN_createPatient_END,src/patient/patient.service.ts,27,51,0ddb42a2,jest,2,jest,runtime_error,"should throw ConflictException when cpf already exists: Error: expect(received).rejects.toThrow(expected)

Expected constructor: ConflictException
Received constructor: TypeError

Received message: ""Cannot read properties of undefined (reading 'replace')""

    [0m [90m 26 |[39m
     [90m 27 |[39m   [36masync[39m createPatient(dto[33m:[39m [33mCreatePatientDto[39m)[33m:[39m [33mPromise[39m[33m<[39m[33mPatient[39m[33m>[39m {
    [31m[1m>[22m[39m[90m 28 |[39m     [36mcon",55d20b41a910ce062eadb9b7868ea23d10ac97dddf90caab62d7bd0fbd0729cb,,C:\Users\cdbaz\OneDrive\Documentos\Projetos\usp\tcc\health-microservice-corpus\experiments\logs\errors\run-20260901T031236.570959Z\55d20b41a910ce062eadb9b7868ea23d10ac97dddf90caab62d7bd0fbd0729cb.txt
run-20260901T031236.570959Z,2026-09-01T20:48:35.689446+00:00,falcon_7b,structured,patient,createPatient,FN_createPatient_END,src/patient/patient.service.ts,27,51,0ddb42a2,jest,2,jest,runtime_error,should save patient when cpf and email are unique: TypeError: Cannot read properties of undefined (reading 'replace'),55d20b41a910ce062eadb9b7868ea23d10ac97dddf90caab62d7bd0fbd0729cb,,C:\Users\cdbaz\OneDrive\Documentos\Projetos\usp\tcc\health-microservice-corpus\experiments\logs\errors\run-20260901T031236.570959Z\55d20b41a910ce062eadb9b7868ea23d10ac97dddf90caab62d7bd0fbd0729cb.txt
run-20260901T031236.570959Z,2026-09-01T20:49:16.422505+00:00,falcon_7b,structured,patient,createPatient,FN_createPatient_END,src/patient/patient.service.ts,27,51,0ddb42a2,jest,3,jest,runtime_error,"should throw ConflictException when cpf already exists: Error: expect(received).rejects.toThrow(expected)

Expected constructor: ConflictException
Received constructor: TypeError

Received message: ""Cannot read properties of undefined (reading 'replace')""

    [0m [90m 26 |[39m
     [90m 27 |[39m   [36masync[39m createPatient(dto[33m:[39m [33mCreatePatientDto[39m)[33m:[39m [33mPromise[39m[33m<[39m[33mPatient[39m[33m>[39m {
    [31m[1m>[22m[39m[90m 28 |[39m     [36mcon",d13b1ef996408b1ee1b1bb8577097d41008607a9303075f71f6f4ce8f575d266,,C:\Users\cdbaz\OneDrive\Documentos\Projetos\usp\tcc\health-microservice-corpus\experiments\logs\errors\run-20260901T031236.570959Z\d13b1ef996408b1ee1b1bb8577097d41008607a9303075f71f6f4ce8f575d266.txt
run-20260901T031236.570959Z,2026-09-01T20:49:20.213917+00:00,falcon_7b,structured,patient,createPatient,FN_createPatient_END,src/patient/patient.service.ts,27,51,0ddb42a2,repair,3,repair,repair_failed,1 repair attempt(s) did not produce a valid fix,a19dd2f169fea0f558514ac3dac1b23af029a1260819d762429f620cb291dccb,,
run-20260901T031236.570959Z,2026-09-01T20:49:23.322064+00:00,falcon_7b,structured,patient,createPatient,FN_createPatient_END,src/patient/patient.service.ts,27,51,0ddb42a2,jest,4,jest,runtime_error,"should throw ConflictException when cpf already exists: Error: expect(received).rejects.toThrow(expected)

Expected constructor: ConflictException
Received constructor: TypeError

Received message: ""Cannot read properties of undefined (reading 'replace')""

    [0m [90m 26 |[39m
     [90m 27 |[39m   [36masync[39m createPatient(dto[33m:[39m [33mCreatePatientDto[39m)[33m:[39m [33mPromise[39m[33m<[39m[33mPatient[39m[33m>[39m {
    [31m[1m>[22m[39m[90m 28 |[39m     [36mcon",d3d1742001105993c39cb4f009e29419482528f9bfa19965fed543591d45b7cb,,C:\Users\cdbaz\OneDrive\Documentos\Projetos\usp\tcc\health-microservice-corpus\experiments\logs\errors\run-20260901T031236.570959Z\d3d1742001105993c39cb4f009e29419482528f9bfa19965fed543591d45b7cb.txt
run-20260901T031236.570959Z,2026-09-01T20:49:27.116489+00:00,falcon_7b,structured,patient,createPatient,FN_createPatient_END,src/patient/patient.service.ts,27,51,0ddb42a2,repair,4,repair,repair_failed,1 repair attempt(s) did not produce a valid fix,a19dd2f169fea0f558514ac3dac1b23af029a1260819d762429f620cb291dccb,,
run-20260901T031236.570959Z,2026-09-01T20:50:15.601053+00:00,falcon_7b,structured,patient,updatePatient,FN_updatePatient_END,src/patient/patient.service.ts,53,75,0ddb42a2,jest,1,jest,unknown,"should throw ConflictException when updating same email: Error: expect(received).toBeInstanceOf(expected)

Expected constructor: ConflictException
Received constructor: NotFoundException",cf3f148a8677c1606efc9d9c08b6f8c84f40d87fca29f068b4e585c1d7d50b42,,C:\Users\cdbaz\OneDrive\Documentos\Projetos\usp\tcc\health-microservice-corpus\experiments\logs\errors\run-20260901T031236.570959Z\cf3f148a8677c1606efc9d9c08b6f8c84f40d87fca29f068b4e585c1d7d50b42.txt
run-20260901T031236.570959Z,2026-09-01T20:50:15.601053+00:00,falcon_7b,structured,patient,updatePatient,FN_updatePatient_END,src/patient/patient.service.ts,53,75,0ddb42a2,jest,1,jest,unknown,should update patient details without conflict: NotFoundException: Patient with id 123 not found,cf3f148a8677c1606efc9d9c08b6f8c84f40d87fca29f068b4e585c1d7d50b42,,C:\Users\cdbaz\OneDrive\Documentos\Projetos\usp\tcc\health-microservice-corpus\experiments\logs\errors\run-20260901T031236.570959Z\cf3f148a8677c1606efc9d9c08b6f8c84f40d87fca29f068b4e585c1d7d50b42.txt
run-20260901T031236.570959Z,2026-09-01T20:51:05.208855+00:00,falcon_7b,structured,patient,updatePatient,FN_updatePatient_END,src/patient/patient.service.ts,53,75,0ddb42a2,jest,2,jest,unknown,"should throw ConflictException when updating same email: Error: expect(received).toBeInstanceOf(expected)

Expected constructor: ConflictException
Received constructor: NotFoundException",9189008d9a77441c1e0424a7baeafe200fc84581777063dffe3f322d472f5ff8,,C:\Users\cdbaz\OneDrive\Documentos\Projetos\usp\tcc\health-microservice-corpus\experiments\logs\errors\run-20260901T031236.570959Z\9189008d9a77441c1e0424a7baeafe200fc84581777063dffe3f322d472f5ff8.txt
run-20260901T031236.570959Z,2026-09-01T20:51:05.208855+00:00,falcon_7b,structured,patient,updatePatient,FN_updatePatient_END,src/patient/patient.service.ts,53,75,0ddb42a2,jest,2,jest,unknown,should update patient details without conflict: NotFoundException: Patient with id 123 not found,9189008d9a77441c1e0424a7baeafe200fc84581777063dffe3f322d472f5ff8,,C:\Users\cdbaz\OneDrive\Documentos\Projetos\usp\tcc\health-microservice-corpus\experiments\logs\errors\run-20260901T031236.570959Z\9189008d9a77441c1e0424a7baeafe200fc84581777063dffe3f322d472f5ff8.txt
run-20260901T031236.570959Z,2026-09-01T20:51:56.113005+00:00,falcon_7b,structured,patient,updatePatient,FN_updatePatient_END,src/patient/patient.service.ts,53,75,0ddb42a2,jest,3,jest,unknown,"should throw ConflictException when updating same email: Error: expect(received).toBeInstanceOf(expected)

Expected constructor: ConflictException
Received constructor: NotFoundException",903cbb05a5d9f850fdfb9abc9e9297898529e71a419a242ad4ed7e67d16eecf6,,C:\Users\cdbaz\OneDrive\Documentos\Projetos\usp\tcc\health-microservice-corpus\experiments\logs\errors\run-20260901T031236.570959Z\903cbb05a5d9f850fdfb9abc9e9297898529e71a419a242ad4ed7e67d16eecf6.txt
run-20260901T031236.570959Z,2026-09-01T20:51:59.962871+00:00,falcon_7b,structured,patient,updatePatient,FN_updatePatient_END,src/patient/patient.service.ts,53,75,0ddb42a2,repair,3,repair,repair_failed,1 repair attempt(s) did not produce a valid fix,a19dd2f169fea0f558514ac3dac1b23af029a1260819d762429f620cb291dccb,,
run-20260901T031236.570959Z,2026-09-01T20:53:32.266937+00:00,falcon_7b,structured,result,createResult,FN_createResult_END,src/result/result.service.ts,26,39,357b6b51,jest,1,jest,assertion_failure,"should create a result with valid inputs: Error: expect(jest.fn()).toHaveBeenCalledWith(...expected)

- Expected
+ Received

- Object {
-   ""notes"": ""Initial test"",
-   ""orderId"": ""123"",
-   ""referenceMax"": 20,
-   ""referenceMin"": 10,
-   ""resultDate"": 2023-01-01T00:00:00.000Z,
-   ""sourceSystem"": ""system1"",
-   ""status"": ""PRELIMINARY"",
-   ""unit"": ""mg/dL"",
-   ""value"": 100,
- }
+ Promise {},

Number of calls: 1",ca6ad47b2091985e704acc53b5d61285de54ab6b8696931d3cfd4cdacac2beb0,,C:\Users\cdbaz\OneDrive\Documentos\Projetos\usp\tcc\health-microservice-corpus\experiments\logs\errors\run-20260901T031236.570959Z\ca6ad47b2091985e704acc53b5d61285de54ab6b8696931d3cfd4cdacac2beb0.txt
run-20260901T031236.570959Z,2026-09-01T20:53:32.266937+00:00,falcon_7b,structured,result,createResult,FN_createResult_END,src/result/result.service.ts,26,39,357b6b51,jest,1,jest,assertion_failure,"should throw BadRequestException if orderService.validateOrderResult throws: Error: expect(received).rejects.toThrow(expected)

Expected constructor: BadRequestException
Received constructor: Error

Received message: ""Order validation failed""

    [0m [90m  98 |[39m   it([32m'should throw BadRequestException if orderService.validateOrderResult throws'[39m[33m,[39m [36masync[39m () [33m=>[39m {
     [90m  99 |[39m     [90m// arrange[39m
    [31m[1m>[22m[39m[90m 100 |[39m     ",ca6ad47b2091985e704acc53b5d61285de54ab6b8696931d3cfd4cdacac2beb0,,C:\Users\cdbaz\OneDrive\Documentos\Projetos\usp\tcc\health-microservice-corpus\experiments\logs\errors\run-20260901T031236.570959Z\ca6ad47b2091985e704acc53b5d61285de54ab6b8696931d3cfd4cdacac2beb0.txt
run-20260901T031236.570959Z,2026-09-01T20:53:32.266937+00:00,falcon_7b,structured,result,createResult,FN_createResult_END,src/result/result.service.ts,26,39,357b6b51,jest,1,jest,unknown,"should throw NotFoundException if resultRepository.create returns undefined: Error: expect(received).rejects.toThrow()

Received promise resolved instead of rejected
Resolved to value: undefined",ca6ad47b2091985e704acc53b5d61285de54ab6b8696931d3cfd4cdacac2beb0,,C:\Users\cdbaz\OneDrive\Documentos\Projetos\usp\tcc\health-microservice-corpus\experiments\logs\errors\run-20260901T031236.570959Z\ca6ad47b2091985e704acc53b5d61285de54ab6b8696931d3cfd4cdacac2beb0.txt
run-20260901T031236.570959Z,2026-09-01T20:54:43.506613+00:00,falcon_7b,structured,result,createResult,FN_createResult_END,src/result/result.service.ts,26,39,357b6b51,jest,2,jest,assertion_failure,"should create a result with valid inputs: Error: expect(jest.fn()).toHaveBeenCalledWith(...expected)

- Expected
+ Received

- Object {
-   ""notes"": ""Initial test"",
-   ""orderId"": ""123"",
-   ""referenceMax"": 20,
-   ""referenceMin"": 10,
-   ""resultDate"": 2023-01-01T00:00:00.000Z,
-   ""sourceSystem"": ""system1"",
-   ""status"": ""PRELIMINARY"",
-   ""unit"": ""mg/dL"",
-   ""value"": 100,
- }
+ Promise {},

Number of calls: 1",11778c558e67b188894592e26cced4b7e022f745ab78537d3667b34f2578963e,,C:\Users\cdbaz\OneDrive\Documentos\Projetos\usp\tcc\health-microservice-corpus\experiments\logs\errors\run-20260901T031236.570959Z\11778c558e67b188894592e26cced4b7e022f745ab78537d3667b34f2578963e.txt
run-20260901T031236.570959Z,2026-09-01T20:54:43.506613+00:00,falcon_7b,structured,result,createResult,FN_createResult_END,src/result/result.service.ts,26,39,357b6b51,jest,2,jest,unknown,"should throw NotFoundException if resultRepository.create returns undefined: Error: expect(received).rejects.toThrow()

Received promise resolved instead of rejected
Resolved to value: undefined",11778c558e67b188894592e26cced4b7e022f745ab78537d3667b34f2578963e,,C:\Users\cdbaz\OneDrive\Documentos\Projetos\usp\tcc\health-microservice-corpus\experiments\logs\errors\run-20260901T031236.570959Z\11778c558e67b188894592e26cced4b7e022f745ab78537d3667b34f2578963e.txt
run-20260901T031236.570959Z,2026-09-01T20:55:38.055076+00:00,falcon_7b,structured,result,createResult,FN_createResult_END,src/result/result.service.ts,26,39,357b6b51,jest,3,jest,runtime_error,"should throw NotFoundException if resultRepository.create returns undefined: Error: expect(received).rejects.toThrow(expected)

Expected constructor: NotFoundException
Received constructor: TypeError

Received message: ""Cannot read properties of undefined (reading 'validateOrderResult')""

    [0m [90m 25 |[39m
     [90m 26 |[39m   [36masync[39m createResult(dto[33m:[39m [33mCreateResultDto[39m)[33m:[39m [33mPromise[39m[33m<[39m[33mResult[39m[33m>[39m {
    [31m[1m>[22m[3",575be5a7015804fb3e54189e5f5002523fccc367f5fce7a228c66a6cf6b04387,,C:\Users\cdbaz\OneDrive\Documentos\Projetos\usp\tcc\health-microservice-corpus\experiments\logs\errors\run-20260901T031236.570959Z\575be5a7015804fb3e54189e5f5002523fccc367f5fce7a228c66a6cf6b04387.txt
run-20260901T031236.570959Z,2026-09-01T20:58:18.921932+00:00,falcon_7b,structured,result,buildResultReport,FN_buildResultReport_END,src/result/result.service.ts,53,124,357b6b51,jest,1,jest,runtime_error,should handle preliminary result: TypeError: Cannot read properties of undefined (reading 'examType'),2707ea3e319fafc140dcf1063e9e752c043d3cb721ebad365e9f47fc163a880a,,C:\Users\cdbaz\OneDrive\Documentos\Projetos\usp\tcc\health-microservice-corpus\experiments\logs\errors\run-20260901T031236.570959Z\2707ea3e319fafc140dcf1063e9e752c043d3cb721ebad365e9f47fc163a880a.txt
run-20260901T031236.570959Z,2026-09-01T20:58:18.921932+00:00,falcon_7b,structured,result,buildResultReport,FN_buildResultReport_END,src/result/result.service.ts,53,124,357b6b51,jest,1,jest,runtime_error,should handle final result: TypeError: Cannot read properties of undefined (reading 'examType'),2707ea3e319fafc140dcf1063e9e752c043d3cb721ebad365e9f47fc163a880a,,C:\Users\cdbaz\OneDrive\Documentos\Projetos\usp\tcc\health-microservice-corpus\experiments\logs\errors\run-20260901T031236.570959Z\2707ea3e319fafc140dcf1063e9e752c043d3cb721ebad365e9f47fc163a880a.txt
run-20260901T031236.570959Z,2026-09-01T20:58:18.921932+00:00,falcon_7b,structured,result,buildResultReport,FN_buildResultReport_END,src/result/result.service.ts,53,124,357b6b51,jest,1,jest,runtime_error,should handle corrected result: TypeError: Cannot read properties of undefined (reading 'examType'),2707ea3e319fafc140dcf1063e9e752c043d3cb721ebad365e9f47fc163a880a,,C:\Users\cdbaz\OneDrive\Documentos\Projetos\usp\tcc\health-microservice-corpus\experiments\logs\errors\run-20260901T031236.570959Z\2707ea3e319fafc140dcf1063e9e752c043d3cb721ebad365e9f47fc163a880a.txt
run-20260901T031236.570959Z,2026-09-01T20:58:18.921932+00:00,falcon_7b,structured,result,buildResultReport,FN_buildResultReport_END,src/result/result.service.ts,53,124,357b6b51,jest,1,jest,runtime_error,should handle normal result: TypeError: Cannot read properties of undefined (reading 'examType'),2707ea3e319fafc140dcf1063e9e752c043d3cb721ebad365e9f47fc163a880a,,C:\Users\cdbaz\OneDrive\Documentos\Projetos\usp\tcc\health-microservice-corpus\experiments\logs\errors\run-20260901T031236.570959Z\2707ea3e319fafc140dcf1063e9e752c043d3cb721ebad365e9f47fc163a880a.txt
run-20260901T031236.570959Z,2026-09-01T20:58:18.921932+00:00,falcon_7b,structured,result,buildResultReport,FN_buildResultReport_END,src/result/result.service.ts,53,124,357b6b51,jest,1,jest,runtime_error,should handle low result: TypeError: Cannot read properties of undefined (reading 'examType'),2707ea3e319fafc140dcf1063e9e752c043d3cb721ebad365e9f47fc163a880a,,C:\Users\cdbaz\OneDrive\Documentos\Projetos\usp\tcc\health-microservice-corpus\experiments\logs\errors\run-20260901T031236.570959Z\2707ea3e319fafc140dcf1063e9e752c043d3cb721ebad365e9f47fc163a880a.txt
run-20260901T031236.570959Z,2026-09-01T20:58:18.921932+00:00,falcon_7b,structured,result,buildResultReport,FN_buildResultReport_END,src/result/result.service.ts,53,124,357b6b51,jest,1,jest,runtime_error,should handle high result: TypeError: Cannot read properties of undefined (reading 'examType'),2707ea3e319fafc140dcf1063e9e752c043d3cb721ebad365e9f47fc163a880a,,C:\Users\cdbaz\OneDrive\Documentos\Projetos\usp\tcc\health-microservice-corpus\experiments\logs\errors\run-20260901T031236.570959Z\2707ea3e319fafc140dcf1063e9e752c043d3cb721ebad365e9f47fc163a880a.txt
run-20260901T031236.570959Z,2026-09-01T21:00:15.022337+00:00,falcon_7b,structured,result,buildResultReport,FN_buildResultReport_END,src/result/result.service.ts,53,124,357b6b51,jest,2,jest,runtime_error,should handle corrected result: TypeError: Cannot read properties of undefined (reading 'examType'),84f90bb161c0d33133f0f2f0fc54f22f2f7e58af80b634a298f590602360e722,,C:\Users\cdbaz\OneDrive\Documentos\Projetos\usp\tcc\health-microservice-corpus\experiments\logs\errors\run-20260901T031236.570959Z\84f90bb161c0d33133f0f2f0fc54f22f2f7e58af80b634a298f590602360e722.txt
run-20260901T031236.570959Z,2026-09-01T21:00:15.022337+00:00,falcon_7b,structured,result,buildResultReport,FN_buildResultReport_END,src/result/result.service.ts,53,124,357b6b51,jest,2,jest,runtime_error,should handle normal result: ReferenceError: ResultReportService is not defined,84f90bb161c0d33133f0f2f0fc54f22f2f7e58af80b634a298f590602360e722,,C:\Users\cdbaz\OneDrive\Documentos\Projetos\usp\tcc\health-microservice-corpus\experiments\logs\errors\run-20260901T031236.570959Z\84f90bb161c0d33133f0f2f0fc54f22f2f7e58af80b634a298f590602360e722.txt
run-20260901T031236.570959Z,2026-09-01T21:00:15.022337+00:00,falcon_7b,structured,result,buildResultReport,FN_buildResultReport_END,src/result/result.service.ts,53,124,357b6b51,jest,2,jest,runtime_error,should handle low result: TypeError: Cannot read properties of undefined (reading 'examType'),84f90bb161c0d33133f0f2f0fc54f22f2f7e58af80b634a298f590602360e722,,C:\Users\cdbaz\OneDrive\Documentos\Projetos\usp\tcc\health-microservice-corpus\experiments\logs\errors\run-20260901T031236.570959Z\84f90bb161c0d33133f0f2f0fc54f22f2f7e58af80b634a298f590602360e722.txt
run-20260901T031236.570959Z,2026-09-01T21:01:19.539057+00:00,falcon_7b,structured,result,buildResultReport,FN_buildResultReport_END,src/result/result.service.ts,53,124,357b6b51,jest,3,jest,runtime_error,should handle corrected result: TypeError: Cannot read properties of undefined (reading 'examType'),0f11fee3966ed7ac26f65a4fe3777f4bc102308ac224a6528224fb76f181c370,,C:\Users\cdbaz\OneDrive\Documentos\Projetos\usp\tcc\health-microservice-corpus\experiments\logs\errors\run-20260901T031236.570959Z\0f11fee3966ed7ac26f65a4fe3777f4bc102308ac224a6528224fb76f181c370.txt
run-20260901T031236.570959Z,2026-09-01T21:01:19.540057+00:00,falcon_7b,structured,result,buildResultReport,FN_buildResultReport_END,src/result/result.service.ts,53,124,357b6b51,jest,3,jest,runtime_error,should handle low result: TypeError: Cannot read properties of undefined (reading 'examType'),0f11fee3966ed7ac26f65a4fe3777f4bc102308ac224a6528224fb76f181c370,,C:\Users\cdbaz\OneDrive\Documentos\Projetos\usp\tcc\health-microservice-corpus\experiments\logs\errors\run-20260901T031236.570959Z\0f11fee3966ed7ac26f65a4fe3777f4bc102308ac224a6528224fb76f181c370.txt
run-20260901T031236.570959Z,2026-09-01T21:01:27.396565+00:00,falcon_7b,structured,result,buildResultReport,FN_buildResultReport_END,src/result/result.service.ts,53,124,357b6b51,repair,3,repair,repair_failed,2 repair attempt(s) did not produce a valid fix,2b4174000bb2ce09b371befe017029260089b679a199f81a21ab39398057e434,,
