run_id,model,strategy,module,function,fn_id,source_file,test_output_file,ccm,range,line_start,line_end,source_hash,duration_ns,tokens,generation_success,jest_success,runtime_repairs,repair_tokens,repair_success_count,repair_fail_count,requires_typescript_repair,analysis_eligible,execution_status,artifact_disposition,total_tests,passed_tests,failed_tests,pending_tests,fn_statements_total,fn_statements_covered,fn_statements_pct,fn_branches_total,fn_branches_covered,fn_branches_pct,fn_functions_total,fn_functions_covered,fn_functions_pct,error
run-20260901T031236.570959Z,qwen_coder_3b,zero_shot,encounter,createEncounter,FN_createEncounter_END,src/encounter/encounter.service.ts,src/encounter/encounter.service.spec.ts,5,medium,30,63,04a941d1,16816719600,2030,True,True,1.0,4208.0,4.0,0.0,False,True,jest_success,accepted,4.0,0.0,0.0,4.0,11.0,0.0,0.0,8.0,0.0,0.0,1.0,0.0,0.0,
run-20260901T031236.570959Z,qwen_coder_3b,zero_shot,encounter,validateEncounterFields,FN_validateEncounterFields_END,src/encounter/encounter.service.ts,src/encounter/encounter.service.spec.ts,11,high,65,91,04a941d1,8980045400,1573,True,True,0.0,0.0,0.0,0.0,False,True,jest_success,accepted,5.0,5.0,0.0,0.0,10.0,10.0,100.0,20.0,19.0,95.0,1.0,1.0,100.0,
run-20260901T031236.570959Z,qwen_coder_3b,zero_shot,encounter,listEncountersByPatient,FN_listEncountersByPatient_END,src/encounter/encounter.service.ts,src/encounter/encounter.service.spec.ts,1,low,93,99,04a941d1,11451284400,1604,True,True,2.0,4013.0,2.0,0.0,False,True,jest_success,accepted,1.0,0.0,0.0,1.0,2.0,0.0,0.0,0.0,0.0,0.0,1.0,0.0,0.0,
run-20260901T031236.570959Z,qwen_coder_3b,zero_shot,encounter,getEncounterById,FN_getEncounterById_END,src/encounter/encounter.service.ts,src/encounter/encounter.service.spec.ts,2,low,101,107,04a941d1,9162084100,1462,True,True,1.0,620.0,1.0,0.0,False,True,jest_success,accepted,2.0,1.0,0.0,1.0,4.0,3.0,75.0,2.0,1.0,50.0,1.0,1.0,100.0,
run-20260901T031236.570959Z,qwen_coder_3b,zero_shot,encounter,transitionEncounterStatus,FN_transitionEncounterStatus_END,src/encounter/encounter.service.ts,src/encounter/encounter.service.spec.ts,18,high,109,197,04a941d1,28798855000,2893,True,True,2.0,15328.0,11.0,0.0,False,True,jest_success,accepted,10.0,0.0,0.0,10.0,37.0,0.0,0.0,34.0,0.0,0.0,2.0,0.0,0.0,
run-20260901T031236.570959Z,qwen_coder_3b,zero_shot,encounter,processAdtMessage,FN_processAdtMessage_END,src/encounter/encounter.service.ts,src/encounter/encounter.service.spec.ts,21,high,199,317,04a941d1,105724025800,6197,True,True,2.0,25531.0,11.0,0.0,False,True,jest_success,accepted,10.0,0.0,0.0,10.0,37.0,0.0,0.0,33.0,0.0,0.0,1.0,0.0,0.0,
run-20260901T031236.570959Z,qwen_coder_3b,zero_shot,encounter,updateEncounter,FN_updateEncounter_END,src/encounter/encounter.service.ts,src/encounter/encounter.service.spec.ts,9,medium,319,363,04a941d1,19825039500,2117,True,False,4.0,0.0,0.0,0.0,False,False,jest_failed,restored,0.0,0.0,0.0,0.0,0.0,0.0,0.0,0.0,0.0,0.0,0.0,0.0,0.0,
run-20260901T031236.570959Z,qwen_coder_3b,zero_shot,encounter,buildEncounterSummary,FN_buildEncounterSummary_END,src/encounter/encounter.service.ts,src/encounter/encounter.service.spec.ts,20,high,365,439,04a941d1,32501362000,2814,True,True,2.0,6861.0,4.0,0.0,False,True,jest_success,accepted,3.0,0.0,0.0,3.0,34.0,0.0,0.0,32.0,0.0,0.0,1.0,0.0,0.0,
run-20260901T031236.570959Z,qwen_coder_3b,zero_shot,order,getOrderById,FN_getOrderById_END,src/order/order.service.ts,src/order/order.service.spec.ts,2,low,26,32,556cd6ea,7009031200,1339,True,False,4.0,0.0,0.0,0.0,False,False,jest_failed,restored,0.0,0.0,0.0,0.0,0.0,0.0,0.0,0.0,0.0,0.0,0.0,0.0,0.0,
run-20260901T031236.570959Z,qwen_coder_3b,zero_shot,order,createOrder,FN_createOrder_END,src/order/order.service.ts,src/order/order.service.spec.ts,5,medium,34,70,556cd6ea,22257799500,2195,True,False,4.0,0.0,0.0,0.0,False,False,jest_failed,restored,0.0,0.0,0.0,0.0,0.0,0.0,0.0,0.0,0.0,0.0,0.0,0.0,0.0,
run-20260901T031236.570959Z,qwen_coder_3b,zero_shot,order,searchOrders,FN_searchOrders_END,src/order/order.service.ts,src/order/order.service.spec.ts,1,low,72,74,556cd6ea,6790385400,1351,True,True,1.0,594.0,1.0,0.0,False,True,jest_success,accepted,3.0,2.0,0.0,1.0,1.0,1.0,100.0,0.0,0.0,0.0,1.0,1.0,100.0,
run-20260901T031236.570959Z,qwen_coder_3b,zero_shot,order,searchOrdersAdvanced,FN_searchOrdersAdvanced_END,src/order/order.service.ts,src/order/order.service.spec.ts,1,low,76,78,556cd6ea,14851746300,1737,True,True,2.0,3505.0,4.0,0.0,False,True,jest_success,accepted,3.0,1.0,0.0,2.0,1.0,1.0,100.0,0.0,0.0,0.0,1.0,1.0,100.0,
run-20260901T031236.570959Z,qwen_coder_3b,zero_shot,order,validateOrderResult,FN_validateOrderResult_END,src/order/order.service.ts,src/order/order.service.spec.ts,15,high,80,158,556cd6ea,215500007000,9799,False,,,,,,,False,generation_invalid,,,,,,,,,,,,,,,invalid_block
run-20260901T031236.570959Z,qwen_coder_3b,zero_shot,order,cancelOrder,FN_cancelOrder_END,src/order/order.service.ts,src/order/order.service.spec.ts,2,low,160,168,556cd6ea,5205772700,1277,True,True,0.0,0.0,0.0,0.0,False,True,jest_success,accepted,2.0,2.0,0.0,0.0,5.0,5.0,100.0,2.0,2.0,100.0,1.0,1.0,100.0,
run-20260901T031236.570959Z,qwen_coder_3b,zero_shot,order,updateOrder,FN_updateOrder_END,src/order/order.service.ts,src/order/order.service.spec.ts,7,medium,170,203,556cd6ea,14005157200,1770,True,True,0.0,0.0,0.0,0.0,False,True,jest_success,accepted,5.0,5.0,0.0,0.0,12.0,12.0,100.0,12.0,12.0,100.0,1.0,1.0,100.0,
run-20260901T031236.570959Z,qwen_coder_3b,zero_shot,patient,getPatientById,FN_getPatientById_END,src/patient/patient.service.ts,src/patient/patient.service.spec.ts,2,low,15,21,0ddb42a2,6267773100,965,True,True,0.0,0.0,0.0,0.0,False,True,jest_success,accepted,2.0,2.0,0.0,0.0,4.0,4.0,100.0,2.0,2.0,100.0,1.0,1.0,100.0,
run-20260901T031236.570959Z,qwen_coder_3b,zero_shot,patient,listPatients,FN_listPatients_END,src/patient/patient.service.ts,src/patient/patient.service.spec.ts,1,low,23,25,0ddb42a2,7764203000,996,True,True,0.0,0.0,0.0,0.0,False,True,jest_success,accepted,2.0,2.0,0.0,0.0,1.0,1.0,100.0,0.0,0.0,0.0,1.0,1.0,100.0,
run-20260901T031236.570959Z,qwen_coder_3b,zero_shot,patient,createPatient,FN_createPatient_END,src/patient/patient.service.ts,src/patient/patient.service.spec.ts,4,low,27,51,0ddb42a2,16251293100,1552,True,True,2.0,2737.0,2.0,0.0,False,True,jest_success,accepted,3.0,2.0,0.0,1.0,11.0,9.0,81.82,6.0,4.0,66.67,1.0,1.0,100.0,
run-20260901T031236.570959Z,qwen_coder_3b,zero_shot,patient,updatePatient,FN_updatePatient_END,src/patient/patient.service.ts,src/patient/patient.service.spec.ts,10,medium,53,75,0ddb42a2,14532880600,1492,True,True,1.0,1186.0,1.0,0.0,False,True,jest_success,accepted,3.0,2.0,0.0,1.0,7.0,6.0,85.71,18.0,16.0,88.89,1.0,1.0,100.0,
run-20260901T031236.570959Z,qwen_coder_3b,zero_shot,patient,findByCpfOrFail,FN_findByCpfOrFail_END,src/patient/patient.service.ts,src/patient/patient.service.spec.ts,2,low,77,83,0ddb42a2,10914107200,1165,True,True,1.0,576.0,1.0,0.0,False,True,jest_success,accepted,2.0,1.0,0.0,1.0,4.0,3.0,75.0,2.0,1.0,50.0,1.0,1.0,100.0,
run-20260901T031236.570959Z,qwen_coder_3b,zero_shot,result,createResult,FN_createResult_END,src/result/result.service.ts,src/result/result.service.spec.ts,5,medium,26,39,357b6b51,13428247700,1559,True,True,3.0,2262.0,3.0,1.0,False,True,jest_success,accepted,3.0,1.0,0.0,2.0,3.0,3.0,100.0,8.0,8.0,100.0,1.0,1.0,100.0,
run-20260901T031236.570959Z,qwen_coder_3b,zero_shot,result,searchResults,FN_searchResults_END,src/result/result.service.ts,src/result/result.service.spec.ts,1,low,41,43,357b6b51,6111229700,1205,True,True,1.0,1400.0,2.0,0.0,False,True,jest_success,accepted,2.0,0.0,0.0,2.0,1.0,0.0,0.0,0.0,0.0,0.0,1.0,0.0,0.0,
run-20260901T031236.570959Z,qwen_coder_3b,zero_shot,result,getResultById,FN_getResultById_END,src/result/result.service.ts,src/result/result.service.spec.ts,2,low,45,51,357b6b51,6642614900,1174,True,False,4.0,0.0,0.0,0.0,False,False,jest_failed,restored,0.0,0.0,0.0,0.0,0.0,0.0,0.0,0.0,0.0,0.0,0.0,0.0,0.0,
run-20260901T031236.570959Z,qwen_coder_3b,zero_shot,result,buildResultReport,FN_buildResultReport_END,src/result/result.service.ts,src/result/result.service.spec.ts,17,high,53,124,357b6b51,14993960300,2070,True,False,4.0,0.0,0.0,0.0,False,False,jest_failed,restored,0.0,0.0,0.0,0.0,0.0,0.0,0.0,0.0,0.0,0.0,0.0,0.0,0.0,
run-20260901T031236.570959Z,qwen_coder_3b,zero_shot,result,updateResult,FN_updateResult_END,src/result/result.service.ts,src/result/result.service.spec.ts,26,high,126,206,357b6b51,24044297200,2435,True,True,2.0,11831.0,9.0,0.0,False,True,jest_success,accepted,8.0,0.0,0.0,8.0,22.0,0.0,0.0,49.0,0.0,0.0,1.0,0.0,0.0,
run-20260901T031236.570959Z,qwen_coder_3b,few_shot,encounter,createEncounter,FN_createEncounter_END,src/encounter/encounter.service.ts,src/encounter/encounter.service.spec.ts,5,medium,30,63,04a941d1,17057962300,2726,True,True,1.0,2996.0,2.0,0.0,False,True,jest_success,accepted,4.0,3.0,0.0,1.0,11.0,3.0,27.27,8.0,2.0,25.0,1.0,1.0,100.0,
run-20260901T031236.570959Z,qwen_coder_3b,few_shot,encounter,validateEncounterFields,FN_validateEncounterFields_END,src/encounter/encounter.service.ts,src/encounter/encounter.service.spec.ts,11,high,65,91,04a941d1,15661074000,2566,True,True,1.0,5916.0,6.0,0.0,False,True,jest_success,accepted,6.0,0.0,0.0,6.0,10.0,0.0,0.0,20.0,0.0,0.0,1.0,0.0,0.0,
run-20260901T031236.570959Z,qwen_coder_3b,few_shot,encounter,listEncountersByPatient,FN_listEncountersByPatient_END,src/encounter/encounter.service.ts,src/encounter/encounter.service.spec.ts,1,low,93,99,04a941d1,7384914800,2177,True,True,2.0,3054.0,3.0,0.0,False,True,jest_success,accepted,2.0,0.0,0.0,2.0,2.0,0.0,0.0,0.0,0.0,0.0,1.0,0.0,0.0,
run-20260901T031236.570959Z,qwen_coder_3b,few_shot,encounter,getEncounterById,FN_getEncounterById_END,src/encounter/encounter.service.ts,src/encounter/encounter.service.spec.ts,2,low,101,107,04a941d1,3690919300,1974,True,True,0.0,0.0,0.0,0.0,False,True,jest_success,accepted,2.0,2.0,0.0,0.0,4.0,4.0,100.0,2.0,2.0,100.0,1.0,1.0,100.0,
run-20260901T031236.570959Z,qwen_coder_3b,few_shot,encounter,transitionEncounterStatus,FN_transitionEncounterStatus_END,src/encounter/encounter.service.ts,src/encounter/encounter.service.spec.ts,18,high,109,197,04a941d1,215746139400,10691,False,,,,,,,False,generation_invalid,,,,,,,,,,,,,,,invalid_block
run-20260901T031236.570959Z,qwen_coder_3b,few_shot,encounter,processAdtMessage,FN_processAdtMessage_END,src/encounter/encounter.service.ts,src/encounter/encounter.service.spec.ts,21,high,199,317,04a941d1,81935725500,5881,True,True,3.0,28219.0,12.0,1.0,False,True,jest_success,accepted,10.0,4.0,0.0,6.0,37.0,17.0,45.95,33.0,13.0,39.39,1.0,1.0,100.0,
run-20260901T031236.570959Z,qwen_coder_3b,few_shot,encounter,updateEncounter,FN_updateEncounter_END,src/encounter/encounter.service.ts,src/encounter/encounter.service.spec.ts,9,medium,319,363,04a941d1,215989581500,10296,False,,,,,,,False,generation_invalid,,,,,,,,,,,,,,,invalid_block
run-20260901T031236.570959Z,qwen_coder_3b,few_shot,encounter,buildEncounterSummary,FN_buildEncounterSummary_END,src/encounter/encounter.service.ts,src/encounter/encounter.service.spec.ts,20,high,365,439,04a941d1,23481396800,3162,True,True,1.0,4253.0,3.0,0.0,False,True,jest_success,accepted,6.0,3.0,0.0,3.0,34.0,31.0,91.18,32.0,24.0,75.0,1.0,1.0,100.0,
run-20260901T031236.570959Z,qwen_coder_3b,few_shot,order,getOrderById,FN_getOrderById_END,src/order/order.service.ts,src/order/order.service.spec.ts,2,low,26,32,556cd6ea,3534601000,1951,True,True,0.0,0.0,0.0,0.0,False,True,jest_success,accepted,2.0,2.0,0.0,0.0,4.0,4.0,100.0,2.0,2.0,100.0,1.0,1.0,100.0,
run-20260901T031236.570959Z,qwen_coder_3b,few_shot,order,createOrder,FN_createOrder_END,src/order/order.service.ts,src/order/order.service.spec.ts,5,medium,34,70,556cd6ea,15969082400,2677,True,True,0.0,0.0,0.0,0.0,False,True,jest_success,accepted,4.0,4.0,0.0,0.0,10.0,10.0,100.0,8.0,7.0,87.5,1.0,1.0,100.0,
run-20260901T031236.570959Z,qwen_coder_3b,few_shot,order,searchOrders,FN_searchOrders_END,src/order/order.service.ts,src/order/order.service.spec.ts,1,low,72,74,556cd6ea,8300465500,2150,True,True,0.0,0.0,0.0,0.0,False,True,jest_success,accepted,2.0,2.0,0.0,0.0,1.0,1.0,100.0,0.0,0.0,0.0,1.0,1.0,100.0,
run-20260901T031236.570959Z,qwen_coder_3b,few_shot,order,searchOrdersAdvanced,FN_searchOrdersAdvanced_END,src/order/order.service.ts,src/order/order.service.spec.ts,1,low,76,78,556cd6ea,13408196000,2415,True,True,1.0,1122.0,1.0,0.0,False,True,jest_success,accepted,2.0,1.0,0.0,1.0,1.0,1.0,100.0,0.0,0.0,0.0,1.0,1.0,100.0,
run-20260901T031236.570959Z,qwen_coder_3b,few_shot,order,validateOrderResult,FN_validateOrderResult_END,src/order/order.service.ts,src/order/order.service.spec.ts,15,high,80,158,556cd6ea,38160309700,3823,True,True,2.0,24402.0,15.0,1.0,False,True,jest_success,accepted,13.0,3.0,0.0,10.0,29.0,6.0,20.69,28.0,3.0,10.71,3.0,1.0,33.33,
run-20260901T031236.570959Z,qwen_coder_3b,few_shot,order,cancelOrder,FN_cancelOrder_END,src/order/order.service.ts,src/order/order.service.spec.ts,2,low,160,168,556cd6ea,4629823400,2015,True,True,0.0,0.0,0.0,0.0,False,True,jest_success,accepted,2.0,2.0,0.0,0.0,5.0,5.0,100.0,2.0,2.0,100.0,1.0,1.0,100.0,
run-20260901T031236.570959Z,qwen_coder_3b,few_shot,order,updateOrder,FN_updateOrder_END,src/order/order.service.ts,src/order/order.service.spec.ts,7,medium,170,203,556cd6ea,15386218800,2588,True,True,0.0,0.0,0.0,0.0,False,True,jest_success,accepted,5.0,5.0,0.0,0.0,12.0,12.0,100.0,12.0,11.0,91.67,1.0,1.0,100.0,
run-20260901T031236.570959Z,qwen_coder_3b,few_shot,patient,getPatientById,FN_getPatientById_END,src/patient/patient.service.ts,src/patient/patient.service.spec.ts,2,low,15,21,0ddb42a2,6301105000,1720,True,True,0.0,0.0,0.0,0.0,False,True,jest_success,accepted,2.0,2.0,0.0,0.0,4.0,4.0,100.0,2.0,2.0,100.0,1.0,1.0,100.0,
run-20260901T031236.570959Z,qwen_coder_3b,few_shot,patient,listPatients,FN_listPatients_END,src/patient/patient.service.ts,src/patient/patient.service.spec.ts,1,low,23,25,0ddb42a2,3883027200,1587,True,True,0.0,0.0,0.0,0.0,False,True,jest_success,accepted,1.0,1.0,0.0,0.0,1.0,1.0,100.0,0.0,0.0,0.0,1.0,1.0,100.0,
run-20260901T031236.570959Z,qwen_coder_3b,few_shot,patient,createPatient,FN_createPatient_END,src/patient/patient.service.ts,src/patient/patient.service.spec.ts,4,low,27,51,0ddb42a2,13102590200,2179,True,True,1.0,1454.0,1.0,0.0,False,True,jest_success,accepted,3.0,2.0,0.0,1.0,11.0,10.0,90.91,6.0,4.0,66.67,1.0,1.0,100.0,
run-20260901T031236.570959Z,qwen_coder_3b,few_shot,patient,updatePatient,FN_updatePatient_END,src/patient/patient.service.ts,src/patient/patient.service.spec.ts,10,medium,53,75,0ddb42a2,6632952600,1918,True,True,1.0,1302.0,1.0,0.0,False,True,jest_success,accepted,2.0,1.0,0.0,1.0,7.0,4.0,57.14,18.0,9.0,50.0,1.0,1.0,100.0,
run-20260901T031236.570959Z,qwen_coder_3b,few_shot,patient,findByCpfOrFail,FN_findByCpfOrFail_END,src/patient/patient.service.ts,src/patient/patient.service.spec.ts,2,low,77,83,0ddb42a2,5017522700,1677,True,True,0.0,0.0,0.0,0.0,False,True,jest_success,accepted,2.0,2.0,0.0,0.0,4.0,4.0,100.0,2.0,2.0,100.0,1.0,1.0,100.0,
run-20260901T031236.570959Z,qwen_coder_3b,few_shot,result,createResult,FN_createResult_END,src/result/result.service.ts,src/result/result.service.spec.ts,5,medium,26,39,357b6b51,10768125300,2205,True,True,1.0,3096.0,3.0,0.0,False,True,jest_success,accepted,3.0,0.0,0.0,3.0,3.0,0.0,0.0,8.0,0.0,0.0,1.0,0.0,0.0,
run-20260901T031236.570959Z,qwen_coder_3b,few_shot,result,searchResults,FN_searchResults_END,src/result/result.service.ts,src/result/result.service.spec.ts,1,low,41,43,357b6b51,6322960600,1966,True,True,0.0,0.0,0.0,0.0,False,True,jest_success,accepted,2.0,2.0,0.0,0.0,1.0,1.0,100.0,0.0,0.0,0.0,1.0,1.0,100.0,
run-20260901T031236.570959Z,qwen_coder_3b,few_shot,result,getResultById,FN_getResultById_END,src/result/result.service.ts,src/result/result.service.spec.ts,2,low,45,51,357b6b51,5374210900,1871,True,True,0.0,0.0,0.0,0.0,False,True,jest_success,accepted,2.0,2.0,0.0,0.0,4.0,4.0,100.0,2.0,2.0,100.0,1.0,1.0,100.0,
run-20260901T031236.570959Z,qwen_coder_3b,few_shot,result,buildResultReport,FN_buildResultReport_END,src/result/result.service.ts,src/result/result.service.spec.ts,17,high,53,124,357b6b51,15774201300,2846,True,True,2.0,5615.0,3.0,0.0,False,True,jest_success,accepted,3.0,1.0,0.0,2.0,27.0,4.0,14.81,32.0,1.0,3.12,2.0,1.0,50.0,
run-20260901T031236.570959Z,qwen_coder_3b,few_shot,result,updateResult,FN_updateResult_END,src/result/result.service.ts,src/result/result.service.spec.ts,26,high,126,206,357b6b51,21757184600,3082,True,True,1.0,1379.0,1.0,0.0,False,True,jest_success,accepted,8.0,7.0,0.0,1.0,22.0,21.0,95.45,49.0,43.0,87.76,1.0,1.0,100.0,
run-20260901T031236.570959Z,qwen_coder_3b,structured,encounter,createEncounter,FN_createEncounter_END,src/encounter/encounter.service.ts,src/encounter/encounter.service.spec.ts,5,medium,30,63,04a941d1,8562353200,2466,True,True,1.0,1532.0,1.0,0.0,False,True,jest_success,accepted,3.0,2.0,0.0,1.0,11.0,3.0,27.27,8.0,2.0,25.0,1.0,1.0,100.0,
run-20260901T031236.570959Z,qwen_coder_3b,structured,encounter,validateEncounterFields,FN_validateEncounterFields_END,src/encounter/encounter.service.ts,src/encounter/encounter.service.spec.ts,11,high,65,91,04a941d1,22594033100,2889,True,True,2.0,7687.0,7.0,0.0,False,True,jest_success,accepted,5.0,0.0,0.0,5.0,10.0,0.0,0.0,20.0,0.0,0.0,1.0,0.0,0.0,
run-20260901T031236.570959Z,qwen_coder_3b,structured,encounter,listEncountersByPatient,FN_listEncountersByPatient_END,src/encounter/encounter.service.ts,src/encounter/encounter.service.spec.ts,1,low,93,99,04a941d1,11618261100,2284,True,True,1.0,843.0,1.0,0.0,False,True,jest_success,accepted,3.0,2.0,0.0,1.0,2.0,2.0,100.0,0.0,0.0,0.0,1.0,1.0,100.0,
run-20260901T031236.570959Z,qwen_coder_3b,structured,encounter,getEncounterById,FN_getEncounterById_END,src/encounter/encounter.service.ts,src/encounter/encounter.service.spec.ts,2,low,101,107,04a941d1,2918190800,1859,True,True,0.0,0.0,0.0,0.0,False,True,jest_success,accepted,1.0,1.0,0.0,0.0,4.0,3.0,75.0,2.0,1.0,50.0,1.0,1.0,100.0,
run-20260901T031236.570959Z,qwen_coder_3b,structured,encounter,transitionEncounterStatus,FN_transitionEncounterStatus_END,src/encounter/encounter.service.ts,src/encounter/encounter.service.spec.ts,18,high,109,197,04a941d1,88835869400,6199,True,True,0.0,0.0,0.0,0.0,False,True,jest_success,accepted,10.0,10.0,0.0,0.0,37.0,25.0,67.57,34.0,22.0,64.71,2.0,2.0,100.0,
run-20260901T031236.570959Z,qwen_coder_3b,structured,encounter,processAdtMessage,FN_processAdtMessage_END,src/encounter/encounter.service.ts,src/encounter/encounter.service.spec.ts,21,high,199,317,04a941d1,120634659600,7887,True,True,2.0,18383.0,6.0,0.0,False,True,jest_success,accepted,11.0,6.0,0.0,5.0,37.0,20.0,54.05,33.0,23.0,69.7,1.0,1.0,100.0,
run-20260901T031236.570959Z,qwen_coder_3b,structured,encounter,updateEncounter,FN_updateEncounter_END,src/encounter/encounter.service.ts,src/encounter/encounter.service.spec.ts,9,medium,319,363,04a941d1,13288021100,2695,True,True,1.0,2401.0,2.0,0.0,False,True,jest_success,accepted,6.0,5.0,0.0,1.0,18.0,14.0,77.78,16.0,12.0,75.0,1.0,1.0,100.0,
run-20260901T031236.570959Z,qwen_coder_3b,structured,encounter,buildEncounterSummary,FN_buildEncounterSummary_END,src/encounter/encounter.service.ts,src/encounter/encounter.service.spec.ts,20,high,365,439,04a941d1,63943376500,5006,True,False,4.0,0.0,0.0,0.0,False,False,jest_failed,restored,-1.0,0.0,0.0,0.0,34.0,0.0,0.0,32.0,0.0,0.0,1.0,0.0,0.0,
run-20260901T031236.570959Z,qwen_coder_3b,structured,order,getOrderById,FN_getOrderById_END,src/order/order.service.ts,src/order/order.service.spec.ts,2,low,26,32,556cd6ea,2869197000,1833,True,True,0.0,0.0,0.0,0.0,False,True,jest_success,accepted,1.0,1.0,0.0,0.0,4.0,3.0,75.0,2.0,1.0,50.0,1.0,1.0,100.0,
run-20260901T031236.570959Z,qwen_coder_3b,structured,order,createOrder,FN_createOrder_END,src/order/order.service.ts,src/order/order.service.spec.ts,5,medium,34,70,556cd6ea,20601704300,2909,True,True,1.0,1612.0,1.0,0.0,False,True,jest_success,accepted,4.0,3.0,0.0,1.0,10.0,8.0,80.0,8.0,5.0,62.5,1.0,1.0,100.0,
run-20260901T031236.570959Z,qwen_coder_3b,structured,order,searchOrders,FN_searchOrders_END,src/order/order.service.ts,src/order/order.service.spec.ts,1,low,72,74,556cd6ea,8007204400,2034,True,True,1.0,726.0,1.0,0.0,False,True,jest_success,accepted,4.0,3.0,0.0,1.0,1.0,1.0,100.0,0.0,0.0,0.0,1.0,1.0,100.0,
run-20260901T031236.570959Z,qwen_coder_3b,structured,order,searchOrdersAdvanced,FN_searchOrdersAdvanced_END,src/order/order.service.ts,src/order/order.service.spec.ts,1,low,76,78,556cd6ea,15596763600,2414,True,True,2.0,3064.0,3.0,0.0,False,True,jest_success,accepted,3.0,1.0,0.0,2.0,1.0,1.0,100.0,0.0,0.0,0.0,1.0,1.0,100.0,
run-20260901T031236.570959Z,qwen_coder_3b,structured,order,validateOrderResult,FN_validateOrderResult_END,src/order/order.service.ts,src/order/order.service.spec.ts,15,high,80,158,556cd6ea,27071880900,3651,True,True,1.0,12144.0,8.0,0.0,False,True,jest_success,accepted,10.0,2.0,0.0,8.0,29.0,6.0,20.69,28.0,3.0,10.71,3.0,1.0,33.33,
run-20260901T031236.570959Z,qwen_coder_3b,structured,order,cancelOrder,FN_cancelOrder_END,src/order/order.service.ts,src/order/order.service.spec.ts,2,low,160,168,556cd6ea,5851345200,1996,True,True,0.0,0.0,0.0,0.0,False,True,jest_success,accepted,2.0,2.0,0.0,0.0,5.0,5.0,100.0,2.0,2.0,100.0,1.0,1.0,100.0,
run-20260901T031236.570959Z,qwen_coder_3b,structured,order,updateOrder,FN_updateOrder_END,src/order/order.service.ts,src/order/order.service.spec.ts,7,medium,170,203,556cd6ea,10227498200,2401,True,True,1.0,1928.0,2.0,0.0,False,True,jest_success,accepted,4.0,2.0,0.0,2.0,12.0,5.0,41.67,12.0,7.0,58.33,1.0,1.0,100.0,
run-20260901T031236.570959Z,qwen_coder_3b,structured,patient,getPatientById,FN_getPatientById_END,src/patient/patient.service.ts,src/patient/patient.service.spec.ts,2,low,15,21,0ddb42a2,3120341400,1494,True,True,0.0,0.0,0.0,0.0,False,True,jest_success,accepted,1.0,1.0,0.0,0.0,4.0,3.0,75.0,2.0,1.0,50.0,1.0,1.0,100.0,
run-20260901T031236.570959Z,qwen_coder_3b,structured,patient,listPatients,FN_listPatients_END,src/patient/patient.service.ts,src/patient/patient.service.spec.ts,1,low,23,25,0ddb42a2,5716902100,1547,True,True,1.0,625.0,1.0,0.0,False,True,jest_success,accepted,2.0,1.0,0.0,1.0,1.0,1.0,100.0,0.0,0.0,0.0,1.0,1.0,100.0,
run-20260901T031236.570959Z,qwen_coder_3b,structured,patient,createPatient,FN_createPatient_END,src/patient/patient.service.ts,src/patient/patient.service.spec.ts,4,low,27,51,0ddb42a2,14334804200,2251,True,True,1.0,1280.0,1.0,0.0,False,True,jest_success,accepted,3.0,3.0,0.0,0.0,11.0,11.0,100.0,6.0,5.0,83.33,1.0,1.0,100.0,
run-20260901T031236.570959Z,qwen_coder_3b,structured,patient,updatePatient,FN_updatePatient_END,src/patient/patient.service.ts,src/patient/patient.service.spec.ts,10,medium,53,75,0ddb42a2,13456259500,2191,True,True,2.0,2011.0,2.0,0.0,False,True,jest_success,accepted,2.0,1.0,0.0,1.0,7.0,6.0,85.71,18.0,16.0,88.89,1.0,1.0,100.0,
run-20260901T031236.570959Z,qwen_coder_3b,structured,patient,findByCpfOrFail,FN_findByCpfOrFail_END,src/patient/patient.service.ts,src/patient/patient.service.spec.ts,2,low,77,83,0ddb42a2,2979024700,1505,True,True,0.0,0.0,0.0,0.0,False,True,jest_success,accepted,1.0,1.0,0.0,0.0,4.0,3.0,75.0,2.0,1.0,50.0,1.0,1.0,100.0,
run-20260901T031236.570959Z,qwen_coder_3b,structured,result,createResult,FN_createResult_END,src/result/result.service.ts,src/result/result.service.spec.ts,5,medium,26,39,357b6b51,14146098900,2289,True,False,4.0,0.0,0.0,0.0,False,False,jest_failed,restored,0.0,0.0,0.0,0.0,0.0,0.0,0.0,0.0,0.0,0.0,0.0,0.0,0.0,
run-20260901T031236.570959Z,qwen_coder_3b,structured,result,searchResults,FN_searchResults_END,src/result/result.service.ts,src/result/result.service.spec.ts,1,low,41,43,357b6b51,6245577100,1856,True,True,2.0,2318.0,3.0,0.0,False,True,jest_success,accepted,3.0,1.0,0.0,2.0,1.0,1.0,100.0,0.0,0.0,0.0,1.0,1.0,100.0,
run-20260901T031236.570959Z,qwen_coder_3b,structured,result,getResultById,FN_getResultById_END,src/result/result.service.ts,src/result/result.service.spec.ts,2,low,45,51,357b6b51,2851814700,1672,True,True,0.0,0.0,0.0,0.0,False,True,jest_success,accepted,1.0,1.0,0.0,0.0,4.0,3.0,75.0,2.0,1.0,50.0,1.0,1.0,100.0,
run-20260901T031236.570959Z,qwen_coder_3b,structured,result,buildResultReport,FN_buildResultReport_END,src/result/result.service.ts,src/result/result.service.spec.ts,17,high,53,124,357b6b51,28181009100,3594,True,True,0.0,0.0,0.0,0.0,False,True,jest_success,accepted,7.0,7.0,0.0,0.0,27.0,26.0,96.3,32.0,27.0,84.38,2.0,2.0,100.0,
run-20260901T031236.570959Z,qwen_coder_3b,structured,result,updateResult,FN_updateResult_END,src/result/result.service.ts,src/result/result.service.spec.ts,26,high,126,206,357b6b51,30989912300,3588,True,True,1.0,1416.0,1.0,0.0,False,True,jest_success,accepted,9.0,8.0,0.0,1.0,22.0,21.0,95.45,49.0,46.0,93.88,1.0,1.0,100.0,
run-20260901T031236.570959Z,qwen_coder_7b,zero_shot,encounter,createEncounter,FN_createEncounter_END,src/encounter/encounter.service.ts,src/encounter/encounter.service.spec.ts,5,medium,30,63,04a941d1,68118243700,2000,True,True,3.0,7944.0,7.0,0.0,False,True,jest_success,accepted,5.0,3.0,0.0,2.0,11.0,9.0,81.82,8.0,5.0,62.5,1.0,1.0,100.0,
run-20260901T031236.570959Z,qwen_coder_7b,zero_shot,encounter,validateEncounterFields,FN_validateEncounterFields_END,src/encounter/encounter.service.ts,src/encounter/encounter.service.spec.ts,11,high,65,91,04a941d1,49586406100,1799,True,True,0.0,0.0,0.0,0.0,False,True,jest_success,accepted,5.0,5.0,0.0,0.0,10.0,9.0,90.0,20.0,19.0,95.0,1.0,1.0,100.0,
run-20260901T031236.570959Z,qwen_coder_7b,zero_shot,encounter,listEncountersByPatient,FN_listEncountersByPatient_END,src/encounter/encounter.service.ts,src/encounter/encounter.service.spec.ts,1,low,93,99,04a941d1,8351128300,1246,True,True,0.0,0.0,0.0,0.0,False,True,jest_success,accepted,1.0,1.0,0.0,0.0,2.0,2.0,100.0,0.0,0.0,0.0,1.0,1.0,100.0,
run-20260901T031236.570959Z,qwen_coder_7b,zero_shot,encounter,getEncounterById,FN_getEncounterById_END,src/encounter/encounter.service.ts,src/encounter/encounter.service.spec.ts,2,low,101,107,04a941d1,20279009600,1344,True,True,0.0,0.0,0.0,0.0,False,True,jest_success,accepted,2.0,2.0,0.0,0.0,4.0,4.0,100.0,2.0,2.0,100.0,1.0,1.0,100.0,
run-20260901T031236.570959Z,qwen_coder_7b,zero_shot,encounter,transitionEncounterStatus,FN_transitionEncounterStatus_END,src/encounter/encounter.service.ts,src/encounter/encounter.service.spec.ts,18,high,109,197,04a941d1,178755227300,3445,True,True,1.0,1471.0,1.0,0.0,False,True,jest_success,accepted,11.0,10.0,0.0,1.0,37.0,32.0,86.49,34.0,25.0,73.53,2.0,2.0,100.0,
run-20260901T031236.570959Z,qwen_coder_7b,zero_shot,encounter,processAdtMessage,FN_processAdtMessage_END,src/encounter/encounter.service.ts,src/encounter/encounter.service.spec.ts,21,high,199,317,04a941d1,183533394300,3700,True,True,1.0,6896.0,3.0,0.0,False,True,jest_success,accepted,5.0,2.0,0.0,3.0,37.0,10.0,27.03,33.0,9.0,27.27,1.0,1.0,100.0,
run-20260901T031236.570959Z,qwen_coder_7b,zero_shot,encounter,updateEncounter,FN_updateEncounter_END,src/encounter/encounter.service.ts,src/encounter/encounter.service.spec.ts,9,medium,319,363,04a941d1,53870824700,1967,True,True,1.0,2117.0,2.0,0.0,False,True,jest_success,accepted,5.0,3.0,0.0,2.0,18.0,12.0,66.67,16.0,8.0,50.0,1.0,1.0,100.0,
run-20260901T031236.570959Z,qwen_coder_7b,zero_shot,encounter,buildEncounterSummary,FN_buildEncounterSummary_END,src/encounter/encounter.service.ts,src/encounter/encounter.service.spec.ts,20,high,365,439,04a941d1,156930535600,3072,True,True,3.0,11751.0,7.0,1.0,False,True,jest_success,accepted,6.0,3.0,0.0,3.0,34.0,28.0,82.35,32.0,21.0,65.62,1.0,1.0,100.0,
run-20260901T031236.570959Z,qwen_coder_7b,zero_shot,order,getOrderById,FN_getOrderById_END,src/order/order.service.ts,src/order/order.service.spec.ts,2,low,26,32,556cd6ea,19891595300,1323,True,True,0.0,0.0,0.0,0.0,False,True,jest_success,accepted,2.0,2.0,0.0,0.0,4.0,4.0,100.0,2.0,2.0,100.0,1.0,1.0,100.0,
run-20260901T031236.570959Z,qwen_coder_7b,zero_shot,order,createOrder,FN_createOrder_END,src/order/order.service.ts,src/order/order.service.spec.ts,5,medium,34,70,556cd6ea,101155533100,2452,True,True,1.0,2318.0,1.0,0.0,False,True,jest_success,accepted,4.0,4.0,0.0,0.0,10.0,10.0,100.0,8.0,8.0,100.0,1.0,1.0,100.0,
run-20260901T031236.570959Z,qwen_coder_7b,zero_shot,order,searchOrders,FN_searchOrders_END,src/order/order.service.ts,src/order/order.service.spec.ts,1,low,72,74,556cd6ea,49288461000,1615,True,False,4.0,0.0,0.0,0.0,False,False,jest_failed,restored,0.0,0.0,0.0,0.0,0.0,0.0,0.0,0.0,0.0,0.0,0.0,0.0,0.0,
run-20260901T031236.570959Z,qwen_coder_7b,zero_shot,order,searchOrdersAdvanced,FN_searchOrdersAdvanced_END,src/order/order.service.ts,src/order/order.service.spec.ts,1,low,76,78,556cd6ea,19503727100,1392,True,True,0.0,0.0,0.0,0.0,False,True,jest_success,accepted,1.0,1.0,0.0,0.0,1.0,1.0,100.0,0.0,0.0,0.0,1.0,1.0,100.0,
run-20260901T031236.570959Z,qwen_coder_7b,zero_shot,order,validateOrderResult,FN_validateOrderResult_END,src/order/order.service.ts,src/order/order.service.spec.ts,15,high,80,158,556cd6ea,112827635600,2800,True,True,1.0,11272.0,8.0,0.0,False,True,jest_success,accepted,10.0,2.0,0.0,8.0,29.0,6.0,20.69,28.0,3.0,10.71,3.0,1.0,33.33,
run-20260901T031236.570959Z,qwen_coder_7b,zero_shot,order,cancelOrder,FN_cancelOrder_END,src/order/order.service.ts,src/order/order.service.spec.ts,2,low,160,168,556cd6ea,29559753600,1449,True,True,0.0,0.0,0.0,0.0,False,True,jest_success,accepted,2.0,2.0,0.0,0.0,5.0,5.0,100.0,2.0,2.0,100.0,1.0,1.0,100.0,
run-20260901T031236.570959Z,qwen_coder_7b,zero_shot,order,updateOrder,FN_updateOrder_END,src/order/order.service.ts,src/order/order.service.spec.ts,7,medium,170,203,556cd6ea,51556995000,1845,True,True,0.0,0.0,0.0,0.0,False,True,jest_success,accepted,5.0,5.0,0.0,0.0,12.0,12.0,100.0,12.0,11.0,91.67,1.0,1.0,100.0,
run-20260901T031236.570959Z,qwen_coder_7b,zero_shot,patient,getPatientById,FN_getPatientById_END,src/patient/patient.service.ts,src/patient/patient.service.spec.ts,2,low,15,21,0ddb42a2,11658083500,883,True,True,0.0,0.0,0.0,0.0,False,True,jest_success,accepted,2.0,2.0,0.0,0.0,4.0,4.0,100.0,2.0,2.0,100.0,1.0,1.0,100.0,
run-20260901T031236.570959Z,qwen_coder_7b,zero_shot,patient,listPatients,FN_listPatients_END,src/patient/patient.service.ts,src/patient/patient.service.spec.ts,1,low,23,25,0ddb42a2,27129965900,1037,True,True,1.0,472.0,1.0,0.0,False,True,jest_success,accepted,2.0,1.0,0.0,1.0,1.0,1.0,100.0,0.0,0.0,0.0,1.0,1.0,100.0,
run-20260901T031236.570959Z,qwen_coder_7b,zero_shot,patient,createPatient,FN_createPatient_END,src/patient/patient.service.ts,src/patient/patient.service.spec.ts,4,low,27,51,0ddb42a2,72354208400,1795,True,True,0.0,0.0,0.0,0.0,False,True,jest_success,accepted,3.0,3.0,0.0,0.0,11.0,11.0,100.0,6.0,5.0,83.33,1.0,1.0,100.0,
run-20260901T031236.570959Z,qwen_coder_7b,zero_shot,patient,updatePatient,FN_updatePatient_END,src/patient/patient.service.ts,src/patient/patient.service.spec.ts,10,medium,53,75,0ddb42a2,165653383100,2667,True,True,1.0,7555.0,7.0,0.0,False,True,jest_success,accepted,7.0,0.0,0.0,7.0,7.0,0.0,0.0,18.0,0.0,0.0,1.0,0.0,0.0,
run-20260901T031236.570959Z,qwen_coder_7b,zero_shot,patient,findByCpfOrFail,FN_findByCpfOrFail_END,src/patient/patient.service.ts,src/patient/patient.service.spec.ts,2,low,77,83,0ddb42a2,19691645500,986,True,True,0.0,0.0,0.0,0.0,False,True,jest_success,accepted,2.0,2.0,0.0,0.0,4.0,4.0,100.0,2.0,2.0,100.0,1.0,1.0,100.0,
run-20260901T031236.570959Z,qwen_coder_7b,zero_shot,result,createResult,FN_createResult_END,src/result/result.service.ts,src/result/result.service.spec.ts,5,medium,26,39,357b6b51,38290899300,1506,True,True,1.0,1263.0,1.0,0.0,False,True,jest_success,accepted,2.0,2.0,0.0,0.0,3.0,3.0,100.0,8.0,6.0,75.0,1.0,1.0,100.0,
run-20260901T031236.570959Z,qwen_coder_7b,zero_shot,result,searchResults,FN_searchResults_END,src/result/result.service.ts,src/result/result.service.spec.ts,1,low,41,43,357b6b51,21332489900,1238,True,True,0.0,0.0,0.0,0.0,False,True,jest_success,accepted,1.0,1.0,0.0,0.0,1.0,1.0,100.0,0.0,0.0,0.0,1.0,1.0,100.0,
run-20260901T031236.570959Z,qwen_coder_7b,zero_shot,result,getResultById,FN_getResultById_END,src/result/result.service.ts,src/result/result.service.spec.ts,2,low,45,51,357b6b51,20756068800,1184,True,True,0.0,0.0,0.0,0.0,False,True,jest_success,accepted,2.0,2.0,0.0,0.0,4.0,4.0,100.0,2.0,2.0,100.0,1.0,1.0,100.0,
run-20260901T031236.570959Z,qwen_coder_7b,zero_shot,result,buildResultReport,FN_buildResultReport_END,src/result/result.service.ts,src/result/result.service.spec.ts,17,high,53,124,357b6b51,43205929200,1964,True,True,1.0,2067.0,1.0,0.0,False,True,jest_success,accepted,2.0,1.0,0.0,1.0,27.0,4.0,14.81,32.0,1.0,3.12,2.0,1.0,50.0,
run-20260901T031236.570959Z,qwen_coder_7b,zero_shot,result,updateResult,FN_updateResult_END,src/result/result.service.ts,src/result/result.service.spec.ts,26,high,126,206,357b6b51,137731732900,2942,True,True,2.0,2698.0,2.0,0.0,False,True,jest_success,accepted,8.0,7.0,0.0,1.0,22.0,19.0,86.36,49.0,41.0,83.67,1.0,1.0,100.0,
run-20260901T031236.570959Z,qwen_coder_7b,few_shot,encounter,createEncounter,FN_createEncounter_END,src/encounter/encounter.service.ts,src/encounter/encounter.service.spec.ts,5,medium,30,63,04a941d1,57923031400,2673,True,True,1.0,3059.0,2.0,0.0,False,True,jest_success,accepted,4.0,3.0,0.0,1.0,11.0,9.0,81.82,8.0,5.0,62.5,1.0,1.0,100.0,
run-20260901T031236.570959Z,qwen_coder_7b,few_shot,encounter,validateEncounterFields,FN_validateEncounterFields_END,src/encounter/encounter.service.ts,src/encounter/encounter.service.spec.ts,11,high,65,91,04a941d1,53914151900,2541,True,True,0.0,0.0,0.0,0.0,False,True,jest_success,accepted,9.0,9.0,0.0,0.0,10.0,10.0,100.0,20.0,20.0,100.0,1.0,1.0,100.0,
run-20260901T031236.570959Z,qwen_coder_7b,few_shot,encounter,listEncountersByPatient,FN_listEncountersByPatient_END,src/encounter/encounter.service.ts,src/encounter/encounter.service.spec.ts,1,low,93,99,04a941d1,18392774800,2100,True,True,1.0,856.0,1.0,0.0,False,True,jest_success,accepted,2.0,1.0,0.0,1.0,2.0,2.0,100.0,0.0,0.0,0.0,1.0,1.0,100.0,
run-20260901T031236.570959Z,qwen_coder_7b,few_shot,encounter,getEncounterById,FN_getEncounterById_END,src/encounter/encounter.service.ts,src/encounter/encounter.service.spec.ts,2,low,101,107,04a941d1,19093214100,2067,True,True,0.0,0.0,0.0,0.0,False,True,jest_success,accepted,2.0,2.0,0.0,0.0,4.0,4.0,100.0,2.0,2.0,100.0,1.0,1.0,100.0,
run-20260901T031236.570959Z,qwen_coder_7b,few_shot,encounter,transitionEncounterStatus,FN_transitionEncounterStatus_END,src/encounter/encounter.service.ts,src/encounter/encounter.service.spec.ts,18,high,109,197,04a941d1,184055606200,4203,True,True,1.0,1766.0,1.0,0.0,False,True,jest_success,accepted,9.0,9.0,0.0,0.0,37.0,25.0,67.57,34.0,19.0,55.88,2.0,1.0,50.0,
run-20260901T031236.570959Z,qwen_coder_7b,few_shot,encounter,processAdtMessage,FN_processAdtMessage_END,src/encounter/encounter.service.ts,src/encounter/encounter.service.spec.ts,21,high,199,317,04a941d1,202175381300,4491,True,True,1.0,7155.0,3.0,0.0,False,True,jest_success,accepted,6.0,3.0,0.0,3.0,37.0,11.0,29.73,33.0,10.0,30.3,1.0,1.0,100.0,
run-20260901T031236.570959Z,qwen_coder_7b,few_shot,encounter,updateEncounter,FN_updateEncounter_END,src/encounter/encounter.service.ts,src/encounter/encounter.service.spec.ts,9,medium,319,363,04a941d1,64802474000,2781,True,True,2.0,3467.0,3.0,0.0,False,True,jest_success,accepted,6.0,4.0,0.0,2.0,18.0,15.0,83.33,16.0,12.0,75.0,1.0,1.0,100.0,
run-20260901T031236.570959Z,qwen_coder_7b,few_shot,encounter,buildEncounterSummary,FN_buildEncounterSummary_END,src/encounter/encounter.service.ts,src/encounter/encounter.service.spec.ts,20,high,365,439,04a941d1,46365239600,2772,True,True,2.0,5012.0,3.0,0.0,False,True,jest_success,accepted,3.0,2.0,0.0,1.0,34.0,25.0,73.53,32.0,16.0,50.0,1.0,1.0,100.0,
run-20260901T031236.570959Z,qwen_coder_7b,few_shot,order,getOrderById,FN_getOrderById_END,src/order/order.service.ts,src/order/order.service.spec.ts,2,low,26,32,556cd6ea,15014805600,2005,True,True,0.0,0.0,0.0,0.0,False,True,jest_success,accepted,2.0,2.0,0.0,0.0,4.0,4.0,100.0,2.0,2.0,100.0,1.0,1.0,100.0,
run-20260901T031236.570959Z,qwen_coder_7b,few_shot,order,createOrder,FN_createOrder_END,src/order/order.service.ts,src/order/order.service.spec.ts,5,medium,34,70,556cd6ea,90828748900,3006,True,True,1.0,1750.0,1.0,0.0,False,True,jest_success,accepted,4.0,3.0,0.0,1.0,10.0,8.0,80.0,8.0,5.0,62.5,1.0,1.0,100.0,
run-20260901T031236.570959Z,qwen_coder_7b,few_shot,order,searchOrders,FN_searchOrders_END,src/order/order.service.ts,src/order/order.service.spec.ts,1,low,72,74,556cd6ea,25814104900,2131,True,True,0.0,0.0,0.0,0.0,False,True,jest_success,accepted,1.0,1.0,0.0,0.0,1.0,1.0,100.0,0.0,0.0,0.0,1.0,1.0,100.0,
run-20260901T031236.570959Z,qwen_coder_7b,few_shot,order,searchOrdersAdvanced,FN_searchOrdersAdvanced_END,src/order/order.service.ts,src/order/order.service.spec.ts,1,low,76,78,556cd6ea,40346191700,2353,True,True,0.0,0.0,0.0,0.0,False,True,jest_success,accepted,2.0,2.0,0.0,0.0,1.0,1.0,100.0,0.0,0.0,0.0,1.0,1.0,100.0,
run-20260901T031236.570959Z,qwen_coder_7b,few_shot,order,validateOrderResult,FN_validateOrderResult_END,src/order/order.service.ts,src/order/order.service.spec.ts,15,high,80,158,556cd6ea,111843193900,3447,True,True,3.0,17280.0,11.0,2.0,False,True,jest_success,accepted,10.0,4.0,0.0,6.0,29.0,15.0,51.72,28.0,14.0,50.0,3.0,1.0,33.33,
run-20260901T031236.570959Z,qwen_coder_7b,few_shot,order,cancelOrder,FN_cancelOrder_END,src/order/order.service.ts,src/order/order.service.spec.ts,2,low,160,168,556cd6ea,16474549100,2037,True,True,0.0,0.0,0.0,0.0,False,True,jest_success,accepted,2.0,2.0,0.0,0.0,5.0,5.0,100.0,2.0,2.0,100.0,1.0,1.0,100.0,
run-20260901T031236.570959Z,qwen_coder_7b,few_shot,order,updateOrder,FN_updateOrder_END,src/order/order.service.ts,src/order/order.service.spec.ts,7,medium,170,203,556cd6ea,61127525800,2647,True,True,0.0,0.0,0.0,0.0,False,True,jest_success,accepted,6.0,6.0,0.0,0.0,12.0,12.0,100.0,12.0,12.0,100.0,1.0,1.0,100.0,
run-20260901T031236.570959Z,qwen_coder_7b,few_shot,patient,getPatientById,FN_getPatientById_END,src/patient/patient.service.ts,src/patient/patient.service.spec.ts,2,low,15,21,0ddb42a2,16790232500,1670,True,True,0.0,0.0,0.0,0.0,False,True,jest_success,accepted,2.0,2.0,0.0,0.0,4.0,4.0,100.0,2.0,2.0,100.0,1.0,1.0,100.0,
run-20260901T031236.570959Z,qwen_coder_7b,few_shot,patient,listPatients,FN_listPatients_END,src/patient/patient.service.ts,src/patient/patient.service.spec.ts,1,low,23,25,0ddb42a2,19246120800,1680,True,True,0.0,0.0,0.0,0.0,False,True,jest_success,accepted,1.0,1.0,0.0,0.0,1.0,1.0,100.0,0.0,0.0,0.0,1.0,1.0,100.0,
run-20260901T031236.570959Z,qwen_coder_7b,few_shot,patient,createPatient,FN_createPatient_END,src/patient/patient.service.ts,src/patient/patient.service.spec.ts,4,low,27,51,0ddb42a2,55239368600,2310,True,True,1.0,1426.0,1.0,0.0,False,True,jest_success,accepted,3.0,3.0,0.0,0.0,11.0,11.0,100.0,6.0,5.0,83.33,1.0,1.0,100.0,
run-20260901T031236.570959Z,qwen_coder_7b,few_shot,patient,updatePatient,FN_updatePatient_END,src/patient/patient.service.ts,src/patient/patient.service.spec.ts,10,medium,53,75,0ddb42a2,41770569600,2159,True,True,1.0,1018.0,1.0,0.0,False,True,jest_success,accepted,4.0,3.0,0.0,1.0,7.0,6.0,85.71,18.0,13.0,72.22,1.0,1.0,100.0,
run-20260901T031236.570959Z,qwen_coder_7b,few_shot,patient,findByCpfOrFail,FN_findByCpfOrFail_END,src/patient/patient.service.ts,src/patient/patient.service.spec.ts,2,low,77,83,0ddb42a2,17376402100,1696,True,True,0.0,0.0,0.0,0.0,False,True,jest_success,accepted,2.0,2.0,0.0,0.0,4.0,4.0,100.0,2.0,2.0,100.0,1.0,1.0,100.0,
run-20260901T031236.570959Z,qwen_coder_7b,few_shot,result,createResult,FN_createResult_END,src/result/result.service.ts,src/result/result.service.spec.ts,5,medium,26,39,357b6b51,38119008600,2215,True,True,1.0,1312.0,1.0,0.0,False,True,jest_success,accepted,2.0,1.0,0.0,1.0,3.0,1.0,33.33,8.0,0.0,0.0,1.0,1.0,100.0,
run-20260901T031236.570959Z,qwen_coder_7b,few_shot,result,searchResults,FN_searchResults_END,src/result/result.service.ts,src/result/result.service.spec.ts,1,low,41,43,357b6b51,28569049400,2043,True,True,0.0,0.0,0.0,0.0,False,True,jest_success,accepted,1.0,1.0,0.0,0.0,1.0,1.0,100.0,0.0,0.0,0.0,1.0,1.0,100.0,
run-20260901T031236.570959Z,qwen_coder_7b,few_shot,result,getResultById,FN_getResultById_END,src/result/result.service.ts,src/result/result.service.spec.ts,2,low,45,51,357b6b51,15572136000,1855,True,True,0.0,0.0,0.0,0.0,False,True,jest_success,accepted,2.0,2.0,0.0,0.0,4.0,4.0,100.0,2.0,2.0,100.0,1.0,1.0,100.0,
run-20260901T031236.570959Z,qwen_coder_7b,few_shot,result,buildResultReport,FN_buildResultReport_END,src/result/result.service.ts,src/result/result.service.spec.ts,17,high,53,124,357b6b51,47367768100,2733,True,True,2.0,4576.0,2.0,0.0,False,True,jest_success,accepted,2.0,2.0,0.0,0.0,27.0,23.0,85.19,32.0,20.0,62.5,2.0,2.0,100.0,
run-20260901T031236.570959Z,qwen_coder_7b,few_shot,result,updateResult,FN_updateResult_END,src/result/result.service.ts,src/result/result.service.spec.ts,26,high,126,206,357b6b51,74879531400,2980,True,True,0.0,0.0,0.0,0.0,False,True,jest_success,accepted,7.0,7.0,0.0,0.0,22.0,21.0,95.45,49.0,43.0,87.76,1.0,1.0,100.0,
run-20260901T031236.570959Z,qwen_coder_7b,structured,encounter,createEncounter,FN_createEncounter_END,src/encounter/encounter.service.ts,src/encounter/encounter.service.spec.ts,5,medium,30,63,04a941d1,66943508300,2851,True,True,1.0,3019.0,2.0,0.0,False,True,jest_success,accepted,4.0,3.0,0.0,1.0,11.0,9.0,81.82,8.0,5.0,62.5,1.0,1.0,100.0,
run-20260901T031236.570959Z,qwen_coder_7b,structured,encounter,validateEncounterFields,FN_validateEncounterFields_END,src/encounter/encounter.service.ts,src/encounter/encounter.service.spec.ts,11,high,65,91,04a941d1,66718606100,2707,True,True,0.0,0.0,0.0,0.0,False,True,jest_success,accepted,5.0,5.0,0.0,0.0,10.0,10.0,100.0,20.0,19.0,95.0,1.0,1.0,100.0,
run-20260901T031236.570959Z,qwen_coder_7b,structured,encounter,listEncountersByPatient,FN_listEncountersByPatient_END,src/encounter/encounter.service.ts,src/encounter/encounter.service.spec.ts,1,low,93,99,04a941d1,28247729300,2163,True,True,1.0,970.0,1.0,0.0,False,True,jest_success,accepted,2.0,2.0,0.0,0.0,2.0,2.0,100.0,0.0,0.0,0.0,1.0,1.0,100.0,
run-20260901T031236.570959Z,qwen_coder_7b,structured,encounter,getEncounterById,FN_getEncounterById_END,src/encounter/encounter.service.ts,src/encounter/encounter.service.spec.ts,2,low,101,107,04a941d1,26077268500,2077,True,True,0.0,0.0,0.0,0.0,False,True,jest_success,accepted,2.0,2.0,0.0,0.0,4.0,4.0,100.0,2.0,2.0,100.0,1.0,1.0,100.0,
run-20260901T031236.570959Z,qwen_coder_7b,structured,encounter,transitionEncounterStatus,FN_transitionEncounterStatus_END,src/encounter/encounter.service.ts,src/encounter/encounter.service.spec.ts,18,high,109,197,04a941d1,273699859200,5176,True,True,0.0,0.0,0.0,0.0,False,True,jest_success,accepted,12.0,12.0,0.0,0.0,37.0,34.0,91.89,34.0,28.0,82.35,2.0,2.0,100.0,
run-20260901T031236.570959Z,qwen_coder_7b,structured,encounter,processAdtMessage,FN_processAdtMessage_END,src/encounter/encounter.service.ts,src/encounter/encounter.service.spec.ts,21,high,199,317,04a941d1,98356093900,4218,True,True,1.0,2309.0,1.0,0.0,False,True,jest_success,accepted,5.0,4.0,0.0,1.0,37.0,12.0,32.43,33.0,15.0,45.45,1.0,1.0,100.0,
run-20260901T031236.570959Z,qwen_coder_7b,structured,encounter,updateEncounter,FN_updateEncounter_END,src/encounter/encounter.service.ts,src/encounter/encounter.service.spec.ts,9,medium,319,363,04a941d1,116669161800,3353,True,True,2.0,5193.0,4.0,0.0,False,True,jest_success,accepted,6.0,4.0,0.0,2.0,18.0,16.0,88.89,16.0,12.0,75.0,1.0,1.0,100.0,
run-20260901T031236.570959Z,qwen_coder_7b,structured,encounter,buildEncounterSummary,FN_buildEncounterSummary_END,src/encounter/encounter.service.ts,src/encounter/encounter.service.spec.ts,20,high,365,439,04a941d1,184227431000,4295,True,False,4.0,6992.0,4.0,4.0,False,False,jest_failed,restored,5.0,0.0,1.0,4.0,34.0,25.0,73.53,32.0,15.0,46.88,1.0,1.0,100.0,
run-20260901T031236.570959Z,qwen_coder_7b,structured,order,getOrderById,FN_getOrderById_END,src/order/order.service.ts,src/order/order.service.spec.ts,2,low,26,32,556cd6ea,26065370300,2036,True,True,0.0,0.0,0.0,0.0,False,True,jest_success,accepted,2.0,2.0,0.0,0.0,4.0,4.0,100.0,2.0,2.0,100.0,1.0,1.0,100.0,
run-20260901T031236.570959Z,qwen_coder_7b,structured,order,createOrder,FN_createOrder_END,src/order/order.service.ts,src/order/order.service.spec.ts,5,medium,34,70,556cd6ea,78891012500,2935,True,True,0.0,0.0,0.0,0.0,False,True,jest_success,accepted,4.0,4.0,0.0,0.0,10.0,10.0,100.0,8.0,8.0,100.0,1.0,1.0,100.0,
run-20260901T031236.570959Z,qwen_coder_7b,structured,order,searchOrders,FN_searchOrders_END,src/order/order.service.ts,src/order/order.service.spec.ts,1,low,72,74,556cd6ea,24626517700,2024,True,True,0.0,0.0,0.0,0.0,False,True,jest_success,accepted,2.0,2.0,0.0,0.0,1.0,1.0,100.0,0.0,0.0,0.0,1.0,1.0,100.0,
run-20260901T031236.570959Z,qwen_coder_7b,structured,order,searchOrdersAdvanced,FN_searchOrdersAdvanced_END,src/order/order.service.ts,src/order/order.service.spec.ts,1,low,76,78,556cd6ea,20141021100,2036,True,True,0.0,0.0,0.0,0.0,False,True,jest_success,accepted,1.0,1.0,0.0,0.0,1.0,1.0,100.0,0.0,0.0,0.0,1.0,1.0,100.0,
run-20260901T031236.570959Z,qwen_coder_7b,structured,order,validateOrderResult,FN_validateOrderResult_END,src/order/order.service.ts,src/order/order.service.spec.ts,15,high,80,158,556cd6ea,158885289700,4037,True,True,3.0,18360.0,12.0,1.0,False,True,jest_success,accepted,12.0,5.0,0.0,7.0,29.0,6.0,20.69,28.0,3.0,10.71,3.0,1.0,33.33,
run-20260901T031236.570959Z,qwen_coder_7b,structured,order,cancelOrder,FN_cancelOrder_END,src/order/order.service.ts,src/order/order.service.spec.ts,2,low,160,168,556cd6ea,24327235200,2060,True,True,0.0,0.0,0.0,0.0,False,True,jest_success,accepted,2.0,2.0,0.0,0.0,5.0,5.0,100.0,2.0,2.0,100.0,1.0,1.0,100.0,
run-20260901T031236.570959Z,qwen_coder_7b,structured,order,updateOrder,FN_updateOrder_END,src/order/order.service.ts,src/order/order.service.spec.ts,7,medium,170,203,556cd6ea,88262763900,2949,True,True,0.0,0.0,0.0,0.0,False,True,jest_success,accepted,5.0,5.0,0.0,0.0,12.0,12.0,100.0,12.0,12.0,100.0,1.0,1.0,100.0,
run-20260901T031236.570959Z,qwen_coder_7b,structured,patient,getPatientById,FN_getPatientById_END,src/patient/patient.service.ts,src/patient/patient.service.spec.ts,2,low,15,21,0ddb42a2,26737681000,1708,True,True,0.0,0.0,0.0,0.0,False,True,jest_success,accepted,2.0,2.0,0.0,0.0,4.0,4.0,100.0,2.0,2.0,100.0,1.0,1.0,100.0,
run-20260901T031236.570959Z,qwen_coder_7b,structured,patient,listPatients,FN_listPatients_END,src/patient/patient.service.ts,src/patient/patient.service.spec.ts,1,low,23,25,0ddb42a2,28563571200,1674,True,True,1.0,669.0,1.0,0.0,False,True,jest_success,accepted,2.0,1.0,0.0,1.0,1.0,1.0,100.0,0.0,0.0,0.0,1.0,1.0,100.0,
run-20260901T031236.570959Z,qwen_coder_7b,structured,patient,createPatient,FN_createPatient_END,src/patient/patient.service.ts,src/patient/patient.service.spec.ts,4,low,27,51,0ddb42a2,53213698800,2301,True,True,0.0,0.0,0.0,0.0,False,True,jest_success,accepted,3.0,3.0,0.0,0.0,11.0,11.0,100.0,6.0,5.0,83.33,1.0,1.0,100.0,
run-20260901T031236.570959Z,qwen_coder_7b,structured,patient,updatePatient,FN_updatePatient_END,src/patient/patient.service.ts,src/patient/patient.service.spec.ts,10,medium,53,75,0ddb42a2,45463873700,2181,True,True,1.0,2432.0,2.0,0.0,False,True,jest_success,accepted,2.0,0.0,0.0,2.0,7.0,0.0,0.0,18.0,0.0,0.0,1.0,0.0,0.0,
run-20260901T031236.570959Z,qwen_coder_7b,structured,patient,findByCpfOrFail,FN_findByCpfOrFail_END,src/patient/patient.service.ts,src/patient/patient.service.spec.ts,2,low,77,83,0ddb42a2,25578495400,1713,True,True,0.0,0.0,0.0,0.0,False,True,jest_success,accepted,2.0,2.0,0.0,0.0,4.0,4.0,100.0,2.0,2.0,100.0,1.0,1.0,100.0,
run-20260901T031236.570959Z,qwen_coder_7b,structured,result,createResult,FN_createResult_END,src/result/result.service.ts,src/result/result.service.spec.ts,5,medium,26,39,357b6b51,90702765600,2725,True,True,1.0,1377.0,1.0,0.0,False,True,jest_success,accepted,4.0,3.0,0.0,1.0,3.0,3.0,100.0,8.0,8.0,100.0,1.0,1.0,100.0,
run-20260901T031236.570959Z,qwen_coder_7b,structured,result,searchResults,FN_searchResults_END,src/result/result.service.ts,src/result/result.service.spec.ts,1,low,41,43,357b6b51,14155965100,1793,True,True,0.0,0.0,0.0,0.0,False,True,jest_success,accepted,1.0,1.0,0.0,0.0,1.0,1.0,100.0,0.0,0.0,0.0,1.0,1.0,100.0,
run-20260901T031236.570959Z,qwen_coder_7b,structured,result,getResultById,FN_getResultById_END,src/result/result.service.ts,src/result/result.service.spec.ts,2,low,45,51,357b6b51,25886401300,1883,True,True,0.0,0.0,0.0,0.0,False,True,jest_success,accepted,2.0,2.0,0.0,0.0,4.0,4.0,100.0,2.0,2.0,100.0,1.0,1.0,100.0,
run-20260901T031236.570959Z,qwen_coder_7b,structured,result,buildResultReport,FN_buildResultReport_END,src/result/result.service.ts,src/result/result.service.spec.ts,17,high,53,124,357b6b51,121575346400,3653,True,True,2.0,9899.0,5.0,0.0,False,True,jest_success,accepted,4.0,1.0,0.0,3.0,27.0,4.0,14.81,32.0,1.0,3.12,2.0,1.0,50.0,
run-20260901T031236.570959Z,qwen_coder_7b,structured,result,updateResult,FN_updateResult_END,src/result/result.service.ts,src/result/result.service.spec.ts,26,high,126,206,357b6b51,131322710400,3671,True,True,1.0,1450.0,1.0,0.0,False,True,jest_success,accepted,8.0,8.0,0.0,0.0,22.0,19.0,86.36,49.0,41.0,83.67,1.0,1.0,100.0,
run-20260901T031236.570959Z,gemma_4,zero_shot,encounter,createEncounter,FN_createEncounter_END,src/encounter/encounter.service.ts,src/encounter/encounter.service.spec.ts,5,medium,30,63,04a941d1,62136530800,3540,True,True,1.0,5540.0,0.0,2.0,False,True,jest_success,accepted,4.0,2.0,0.0,2.0,11.0,9.0,81.82,8.0,5.0,62.5,1.0,1.0,100.0,
run-20260901T031236.570959Z,gemma_4,zero_shot,encounter,validateEncounterFields,FN_validateEncounterFields_END,src/encounter/encounter.service.ts,src/encounter/encounter.service.spec.ts,11,high,65,91,04a941d1,29324621700,2697,True,True,0.0,0.0,0.0,0.0,False,True,jest_success,accepted,5.0,5.0,0.0,0.0,10.0,10.0,100.0,20.0,19.0,95.0,1.0,1.0,100.0,
run-20260901T031236.570959Z,gemma_4,zero_shot,encounter,listEncountersByPatient,FN_listEncountersByPatient_END,src/encounter/encounter.service.ts,src/encounter/encounter.service.spec.ts,1,low,93,99,04a941d1,18303006200,2140,True,True,0.0,0.0,0.0,0.0,False,True,jest_success,accepted,1.0,1.0,0.0,0.0,2.0,2.0,100.0,0.0,0.0,0.0,1.0,1.0,100.0,
run-20260901T031236.570959Z,gemma_4,zero_shot,encounter,getEncounterById,FN_getEncounterById_END,src/encounter/encounter.service.ts,src/encounter/encounter.service.spec.ts,2,low,101,107,04a941d1,15805748700,1924,True,True,0.0,0.0,0.0,0.0,False,True,jest_success,accepted,2.0,2.0,0.0,0.0,4.0,4.0,100.0,2.0,2.0,100.0,1.0,1.0,100.0,
run-20260901T031236.570959Z,gemma_4,zero_shot,encounter,transitionEncounterStatus,FN_transitionEncounterStatus_END,src/encounter/encounter.service.ts,src/encounter/encounter.service.spec.ts,18,high,109,197,04a941d1,77997454100,5047,True,True,3.0,68845.0,7.0,9.0,False,True,jest_success,accepted,11.0,1.0,0.0,10.0,37.0,0.0,0.0,34.0,0.0,0.0,2.0,0.0,0.0,
run-20260901T031236.570959Z,gemma_4,zero_shot,encounter,processAdtMessage,FN_processAdtMessage_END,src/encounter/encounter.service.ts,src/encounter/encounter.service.spec.ts,21,high,199,317,04a941d1,83585725800,5569,True,True,1.0,11555.0,0.0,3.0,False,True,jest_success,accepted,7.0,4.0,0.0,3.0,37.0,18.0,48.65,33.0,14.0,42.42,1.0,1.0,100.0,
run-20260901T031236.570959Z,gemma_4,zero_shot,encounter,updateEncounter,FN_updateEncounter_END,src/encounter/encounter.service.ts,src/encounter/encounter.service.spec.ts,9,medium,319,363,04a941d1,58532668100,3995,True,True,2.0,25445.0,6.0,4.0,False,True,jest_success,accepted,7.0,0.0,0.0,7.0,18.0,0.0,0.0,16.0,0.0,0.0,1.0,0.0,0.0,
run-20260901T031236.570959Z,gemma_4,zero_shot,encounter,buildEncounterSummary,FN_buildEncounterSummary_END,src/encounter/encounter.service.ts,src/encounter/encounter.service.spec.ts,20,high,365,439,04a941d1,78400813000,4967,False,,,,,,,False,generation_invalid,,,,,,,,,,,,,,,invalid_block
run-20260901T031236.570959Z,gemma_4,zero_shot,order,getOrderById,FN_getOrderById_END,src/order/order.service.ts,src/order/order.service.spec.ts,2,low,26,32,556cd6ea,15315034100,1917,True,True,1.0,9995.0,0.0,2.0,False,True,jest_success,accepted,2.0,0.0,0.0,2.0,4.0,0.0,0.0,2.0,0.0,0.0,1.0,0.0,0.0,
run-20260901T031236.570959Z,gemma_4,zero_shot,order,createOrder,FN_createOrder_END,src/order/order.service.ts,src/order/order.service.spec.ts,5,medium,34,70,556cd6ea,41855547900,3237,True,True,1.0,7844.0,2.0,1.0,False,True,jest_success,accepted,4.0,3.0,0.0,1.0,10.0,8.0,80.0,8.0,5.0,62.5,1.0,1.0,100.0,
run-20260901T031236.570959Z,gemma_4,zero_shot,order,searchOrders,FN_searchOrders_END,src/order/order.service.ts,src/order/order.service.spec.ts,1,low,72,74,556cd6ea,13713130100,1889,True,True,0.0,0.0,0.0,0.0,False,True,jest_success,accepted,1.0,1.0,0.0,0.0,1.0,1.0,100.0,0.0,0.0,0.0,1.0,1.0,100.0,
run-20260901T031236.570959Z,gemma_4,zero_shot,order,searchOrdersAdvanced,FN_searchOrdersAdvanced_END,src/order/order.service.ts,src/order/order.service.spec.ts,1,low,76,78,556cd6ea,12762950100,1912,True,True,0.0,0.0,0.0,0.0,False,True,jest_success,accepted,1.0,1.0,0.0,0.0,1.0,1.0,100.0,0.0,0.0,0.0,1.0,1.0,100.0,
run-20260901T031236.570959Z,gemma_4,zero_shot,order,validateOrderResult,FN_validateOrderResult_END,src/order/order.service.ts,src/order/order.service.spec.ts,15,high,80,158,556cd6ea,67939979300,4650,True,True,1.0,23695.0,4.0,3.0,False,True,jest_success,accepted,9.0,4.0,0.0,5.0,29.0,16.0,55.17,28.0,13.0,46.43,3.0,3.0,100.0,
run-20260901T031236.570959Z,gemma_4,zero_shot,order,cancelOrder,FN_cancelOrder_END,src/order/order.service.ts,src/order/order.service.spec.ts,2,low,160,168,556cd6ea,27962954700,2431,True,True,0.0,0.0,0.0,0.0,False,True,jest_success,accepted,2.0,2.0,0.0,0.0,5.0,5.0,100.0,2.0,2.0,100.0,1.0,1.0,100.0,
run-20260901T031236.570959Z,gemma_4,zero_shot,order,updateOrder,FN_updateOrder_END,src/order/order.service.ts,src/order/order.service.spec.ts,7,medium,170,203,556cd6ea,53488810100,3655,True,True,2.0,23141.0,3.0,5.0,False,True,jest_success,accepted,6.0,0.0,0.0,6.0,12.0,0.0,0.0,12.0,0.0,0.0,1.0,0.0,0.0,
run-20260901T031236.570959Z,gemma_4,zero_shot,patient,getPatientById,FN_getPatientById_END,src/patient/patient.service.ts,src/patient/patient.service.spec.ts,2,low,15,21,0ddb42a2,18669380300,1740,True,True,0.0,0.0,0.0,0.0,False,True,jest_success,accepted,2.0,2.0,0.0,0.0,4.0,4.0,100.0,2.0,2.0,100.0,1.0,1.0,100.0,
run-20260901T031236.570959Z,gemma_4,zero_shot,patient,listPatients,FN_listPatients_END,src/patient/patient.service.ts,src/patient/patient.service.spec.ts,1,low,23,25,0ddb42a2,12644816200,1396,True,True,0.0,0.0,0.0,0.0,False,True,jest_success,accepted,1.0,1.0,0.0,0.0,1.0,1.0,100.0,0.0,0.0,0.0,1.0,1.0,100.0,
run-20260901T031236.570959Z,gemma_4,zero_shot,patient,createPatient,FN_createPatient_END,src/patient/patient.service.ts,src/patient/patient.service.spec.ts,4,low,27,51,0ddb42a2,44552890500,3055,True,True,1.0,3512.0,0.0,1.0,False,True,jest_success,accepted,4.0,3.0,0.0,1.0,11.0,11.0,100.0,6.0,5.0,83.33,1.0,1.0,100.0,
run-20260901T031236.570959Z,gemma_4,zero_shot,patient,updatePatient,FN_updatePatient_END,src/patient/patient.service.ts,src/patient/patient.service.spec.ts,10,medium,53,75,0ddb42a2,64007470400,3684,True,True,1.0,15291.0,3.0,2.0,False,True,jest_success,accepted,5.0,0.0,0.0,5.0,7.0,0.0,0.0,18.0,0.0,0.0,1.0,0.0,0.0,
run-20260901T031236.570959Z,gemma_4,zero_shot,patient,findByCpfOrFail,FN_findByCpfOrFail_END,src/patient/patient.service.ts,src/patient/patient.service.spec.ts,2,low,77,83,0ddb42a2,20146828800,1720,True,True,0.0,0.0,0.0,0.0,False,True,jest_success,accepted,2.0,2.0,0.0,0.0,4.0,4.0,100.0,2.0,2.0,100.0,1.0,1.0,100.0,
run-20260901T031236.570959Z,gemma_4,zero_shot,result,createResult,FN_createResult_END,src/result/result.service.ts,src/result/result.service.spec.ts,5,medium,26,39,357b6b51,20640044100,2179,True,True,1.0,3448.0,1.0,0.0,False,True,jest_success,accepted,1.0,0.0,0.0,1.0,3.0,0.0,0.0,8.0,0.0,0.0,1.0,0.0,0.0,
run-20260901T031236.570959Z,gemma_4,zero_shot,result,searchResults,FN_searchResults_END,src/result/result.service.ts,src/result/result.service.spec.ts,1,low,41,43,357b6b51,17643549000,1893,True,True,1.0,2824.0,0.0,1.0,False,True,jest_success,accepted,1.0,0.0,0.0,1.0,1.0,0.0,0.0,0.0,0.0,0.0,1.0,0.0,0.0,
run-20260901T031236.570959Z,gemma_4,zero_shot,result,getResultById,FN_getResultById_END,src/result/result.service.ts,src/result/result.service.spec.ts,2,low,45,51,357b6b51,15544287500,1782,True,True,0.0,0.0,0.0,0.0,False,True,jest_success,accepted,2.0,2.0,0.0,0.0,4.0,4.0,100.0,2.0,2.0,100.0,1.0,1.0,100.0,
run-20260901T031236.570959Z,gemma_4,zero_shot,result,buildResultReport,FN_buildResultReport_END,src/result/result.service.ts,src/result/result.service.spec.ts,17,high,53,124,357b6b51,26530822300,2922,True,True,0.0,0.0,0.0,0.0,False,True,jest_success,accepted,2.0,2.0,0.0,0.0,27.0,21.0,77.78,32.0,18.0,56.25,2.0,2.0,100.0,
run-20260901T031236.570959Z,gemma_4,zero_shot,result,updateResult,FN_updateResult_END,src/result/result.service.ts,src/result/result.service.spec.ts,26,high,126,206,357b6b51,75632346500,4816,True,True,3.0,48230.0,3.0,12.0,False,True,jest_success,accepted,12.0,0.0,0.0,12.0,22.0,0.0,0.0,49.0,0.0,0.0,1.0,0.0,0.0,
run-20260901T031236.570959Z,gemma_4,few_shot,encounter,createEncounter,FN_createEncounter_END,src/encounter/encounter.service.ts,src/encounter/encounter.service.spec.ts,5,medium,30,63,04a941d1,43415259100,4347,True,True,1.0,2866.0,1.0,0.0,False,True,jest_success,accepted,4.0,4.0,0.0,0.0,11.0,10.0,90.91,8.0,6.0,75.0,1.0,1.0,100.0,
run-20260901T031236.570959Z,gemma_4,few_shot,encounter,validateEncounterFields,FN_validateEncounterFields_END,src/encounter/encounter.service.ts,src/encounter/encounter.service.spec.ts,11,high,65,91,04a941d1,38259159500,3967,True,True,2.0,23231.0,10.0,0.0,False,True,jest_success,accepted,5.0,0.0,0.0,5.0,10.0,0.0,0.0,20.0,0.0,0.0,1.0,0.0,0.0,
run-20260901T031236.570959Z,gemma_4,few_shot,encounter,listEncountersByPatient,FN_listEncountersByPatient_END,src/encounter/encounter.service.ts,src/encounter/encounter.service.spec.ts,1,low,93,99,04a941d1,18258072900,2999,True,True,0.0,0.0,0.0,0.0,False,True,jest_success,accepted,1.0,1.0,0.0,0.0,2.0,2.0,100.0,0.0,0.0,0.0,1.0,1.0,100.0,
run-20260901T031236.570959Z,gemma_4,few_shot,encounter,getEncounterById,FN_getEncounterById_END,src/encounter/encounter.service.ts,src/encounter/encounter.service.spec.ts,2,low,101,107,04a941d1,14558902300,2847,True,True,0.0,0.0,0.0,0.0,False,True,jest_success,accepted,2.0,2.0,0.0,0.0,4.0,4.0,100.0,2.0,2.0,100.0,1.0,1.0,100.0,
run-20260901T031236.570959Z,gemma_4,few_shot,encounter,transitionEncounterStatus,FN_transitionEncounterStatus_END,src/encounter/encounter.service.ts,src/encounter/encounter.service.spec.ts,18,high,109,197,04a941d1,78063756600,5922,True,True,0.0,0.0,0.0,0.0,False,True,jest_success,accepted,11.0,11.0,0.0,0.0,37.0,35.0,94.59,34.0,31.0,91.18,2.0,2.0,100.0,
run-20260901T031236.570959Z,gemma_4,few_shot,encounter,processAdtMessage,FN_processAdtMessage_END,src/encounter/encounter.service.ts,src/encounter/encounter.service.spec.ts,21,high,199,317,04a941d1,80055964800,6203,True,True,4.0,31947.0,7.0,1.0,False,True,jest_success,accepted,11.0,8.0,0.0,3.0,37.0,24.0,64.86,33.0,25.0,75.76,1.0,1.0,100.0,
run-20260901T031236.570959Z,gemma_4,few_shot,encounter,updateEncounter,FN_updateEncounter_END,src/encounter/encounter.service.ts,src/encounter/encounter.service.spec.ts,9,medium,319,363,04a941d1,52242807600,4598,True,True,0.0,0.0,0.0,0.0,False,True,jest_success,accepted,7.0,7.0,0.0,0.0,18.0,18.0,100.0,16.0,16.0,100.0,1.0,1.0,100.0,
run-20260901T031236.570959Z,gemma_4,few_shot,encounter,buildEncounterSummary,FN_buildEncounterSummary_END,src/encounter/encounter.service.ts,src/encounter/encounter.service.spec.ts,20,high,365,439,04a941d1,74553449800,5637,False,,,,,,,False,generation_invalid,,,,,,,,,,,,,,,invalid_block
run-20260901T031236.570959Z,gemma_4,few_shot,order,getOrderById,FN_getOrderById_END,src/order/order.service.ts,src/order/order.service.spec.ts,2,low,26,32,556cd6ea,19741505700,2986,True,True,0.0,0.0,0.0,0.0,False,True,jest_success,accepted,2.0,2.0,0.0,0.0,4.0,4.0,100.0,2.0,2.0,100.0,1.0,1.0,100.0,
run-20260901T031236.570959Z,gemma_4,few_shot,order,createOrder,FN_createOrder_END,src/order/order.service.ts,src/order/order.service.spec.ts,5,medium,34,70,556cd6ea,49733769200,4454,True,True,0.0,0.0,0.0,0.0,False,True,jest_success,accepted,4.0,4.0,0.0,0.0,10.0,10.0,100.0,8.0,7.0,87.5,1.0,1.0,100.0,
run-20260901T031236.570959Z,gemma_4,few_shot,order,searchOrders,FN_searchOrders_END,src/order/order.service.ts,src/order/order.service.spec.ts,1,low,72,74,556cd6ea,20105789800,3067,True,True,0.0,0.0,0.0,0.0,False,True,jest_success,accepted,1.0,1.0,0.0,0.0,1.0,1.0,100.0,0.0,0.0,0.0,1.0,1.0,100.0,
run-20260901T031236.570959Z,gemma_4,few_shot,order,searchOrdersAdvanced,FN_searchOrdersAdvanced_END,src/order/order.service.ts,src/order/order.service.spec.ts,1,low,76,78,556cd6ea,18104054500,3053,True,True,0.0,0.0,0.0,0.0,False,True,jest_success,accepted,1.0,1.0,0.0,0.0,1.0,1.0,100.0,0.0,0.0,0.0,1.0,1.0,100.0,
run-20260901T031236.570959Z,gemma_4,few_shot,order,validateOrderResult,FN_validateOrderResult_END,src/order/order.service.ts,src/order/order.service.spec.ts,15,high,80,158,556cd6ea,52567405200,5011,True,True,2.0,7382.0,2.0,0.0,False,True,jest_success,accepted,8.0,8.0,0.0,0.0,29.0,22.0,75.86,28.0,20.0,71.43,3.0,3.0,100.0,
run-20260901T031236.570959Z,gemma_4,few_shot,order,cancelOrder,FN_cancelOrder_END,src/order/order.service.ts,src/order/order.service.spec.ts,2,low,160,168,556cd6ea,24456165900,3275,True,True,0.0,0.0,0.0,0.0,False,True,jest_success,accepted,2.0,2.0,0.0,0.0,5.0,5.0,100.0,2.0,2.0,100.0,1.0,1.0,100.0,
run-20260901T031236.570959Z,gemma_4,few_shot,order,updateOrder,FN_updateOrder_END,src/order/order.service.ts,src/order/order.service.spec.ts,7,medium,170,203,556cd6ea,44493696600,4293,True,True,0.0,0.0,0.0,0.0,False,True,jest_success,accepted,6.0,6.0,0.0,0.0,12.0,12.0,100.0,12.0,12.0,100.0,1.0,1.0,100.0,
run-20260901T031236.570959Z,gemma_4,few_shot,patient,getPatientById,FN_getPatientById_END,src/patient/patient.service.ts,src/patient/patient.service.spec.ts,2,low,15,21,0ddb42a2,17875416200,2539,True,True,0.0,0.0,0.0,0.0,False,True,jest_success,accepted,2.0,2.0,0.0,0.0,4.0,4.0,100.0,2.0,2.0,100.0,1.0,1.0,100.0,
run-20260901T031236.570959Z,gemma_4,few_shot,patient,listPatients,FN_listPatients_END,src/patient/patient.service.ts,src/patient/patient.service.spec.ts,1,low,23,25,0ddb42a2,12201938800,2321,True,True,0.0,0.0,0.0,0.0,False,True,jest_success,accepted,1.0,1.0,0.0,0.0,1.0,1.0,100.0,0.0,0.0,0.0,1.0,1.0,100.0,
run-20260901T031236.570959Z,gemma_4,few_shot,patient,createPatient,FN_createPatient_END,src/patient/patient.service.ts,src/patient/patient.service.spec.ts,4,low,27,51,0ddb42a2,38747041000,3704,True,True,1.0,9692.0,3.0,0.0,False,True,jest_success,accepted,3.0,1.0,0.0,2.0,11.0,9.0,81.82,6.0,3.0,50.0,1.0,1.0,100.0,
run-20260901T031236.570959Z,gemma_4,few_shot,patient,updatePatient,FN_updatePatient_END,src/patient/patient.service.ts,src/patient/patient.service.spec.ts,10,medium,53,75,0ddb42a2,58767840100,4364,True,True,0.0,0.0,0.0,0.0,False,True,jest_success,accepted,5.0,5.0,0.0,0.0,7.0,7.0,100.0,18.0,17.0,94.44,1.0,1.0,100.0,
run-20260901T031236.570959Z,gemma_4,few_shot,patient,findByCpfOrFail,FN_findByCpfOrFail_END,src/patient/patient.service.ts,src/patient/patient.service.spec.ts,2,low,77,83,0ddb42a2,22564249700,2725,True,True,0.0,0.0,0.0,0.0,False,True,jest_success,accepted,2.0,2.0,0.0,0.0,4.0,4.0,100.0,2.0,2.0,100.0,1.0,1.0,100.0,
run-20260901T031236.570959Z,gemma_4,few_shot,result,createResult,FN_createResult_END,src/result/result.service.ts,src/result/result.service.spec.ts,5,medium,26,39,357b6b51,32300043700,3442,True,True,0.0,0.0,0.0,0.0,False,True,jest_success,accepted,2.0,2.0,0.0,0.0,3.0,3.0,100.0,8.0,7.0,87.5,1.0,1.0,100.0,
run-20260901T031236.570959Z,gemma_4,few_shot,result,searchResults,FN_searchResults_END,src/result/result.service.ts,src/result/result.service.spec.ts,1,low,41,43,357b6b51,17493554000,2885,True,True,0.0,0.0,0.0,0.0,False,True,jest_success,accepted,1.0,1.0,0.0,0.0,1.0,1.0,100.0,0.0,0.0,0.0,1.0,1.0,100.0,
run-20260901T031236.570959Z,gemma_4,few_shot,result,getResultById,FN_getResultById_END,src/result/result.service.ts,src/result/result.service.spec.ts,2,low,45,51,357b6b51,17230546300,2782,True,True,0.0,0.0,0.0,0.0,False,True,jest_success,accepted,2.0,2.0,0.0,0.0,4.0,4.0,100.0,2.0,2.0,100.0,1.0,1.0,100.0,
run-20260901T031236.570959Z,gemma_4,few_shot,result,buildResultReport,FN_buildResultReport_END,src/result/result.service.ts,src/result/result.service.spec.ts,17,high,53,124,357b6b51,68814106900,5359,False,,,,,,,False,generation_invalid,,,,,,,,,,,,,,,invalid_block
run-20260901T031236.570959Z,gemma_4,few_shot,result,updateResult,FN_updateResult_END,src/result/result.service.ts,src/result/result.service.spec.ts,26,high,126,206,357b6b51,60769769100,5040,True,True,1.0,4024.0,1.0,0.0,False,True,jest_success,accepted,8.0,8.0,0.0,0.0,22.0,22.0,100.0,49.0,45.0,91.84,1.0,1.0,100.0,
run-20260901T031236.570959Z,gemma_4,structured,encounter,createEncounter,FN_createEncounter_END,src/encounter/encounter.service.ts,src/encounter/encounter.service.spec.ts,5,medium,30,63,04a941d1,37123062100,3988,True,True,1.0,6407.0,2.0,0.0,False,True,jest_success,accepted,4.0,4.0,0.0,0.0,11.0,11.0,100.0,8.0,7.0,87.5,1.0,1.0,100.0,
run-20260901T031236.570959Z,gemma_4,structured,encounter,validateEncounterFields,FN_validateEncounterFields_END,src/encounter/encounter.service.ts,src/encounter/encounter.service.spec.ts,11,high,65,91,04a941d1,35406752000,3743,True,True,2.0,29170.0,10.0,0.0,False,True,jest_success,accepted,5.0,0.0,0.0,5.0,10.0,0.0,0.0,20.0,0.0,0.0,1.0,0.0,0.0,
run-20260901T031236.570959Z,gemma_4,structured,encounter,listEncountersByPatient,FN_listEncountersByPatient_END,src/encounter/encounter.service.ts,src/encounter/encounter.service.spec.ts,1,low,93,99,04a941d1,27437240600,3205,True,True,0.0,0.0,0.0,0.0,False,True,jest_success,accepted,4.0,4.0,0.0,0.0,2.0,2.0,100.0,0.0,0.0,0.0,1.0,1.0,100.0,
run-20260901T031236.570959Z,gemma_4,structured,encounter,getEncounterById,FN_getEncounterById_END,src/encounter/encounter.service.ts,src/encounter/encounter.service.spec.ts,2,low,101,107,04a941d1,19874896500,2823,True,True,0.0,0.0,0.0,0.0,False,True,jest_success,accepted,2.0,2.0,0.0,0.0,4.0,4.0,100.0,2.0,2.0,100.0,1.0,1.0,100.0,
run-20260901T031236.570959Z,gemma_4,structured,encounter,transitionEncounterStatus,FN_transitionEncounterStatus_END,src/encounter/encounter.service.ts,src/encounter/encounter.service.spec.ts,18,high,109,197,04a941d1,98151010800,6789,True,True,2.0,11944.0,1.0,1.0,False,True,jest_success,accepted,12.0,11.0,0.0,1.0,37.0,36.0,97.3,34.0,32.0,94.12,2.0,2.0,100.0,
run-20260901T031236.570959Z,gemma_4,structured,encounter,processAdtMessage,FN_processAdtMessage_END,src/encounter/encounter.service.ts,src/encounter/encounter.service.spec.ts,21,high,199,317,04a941d1,117548396600,8116,True,True,4.0,43185.0,9.0,1.0,False,True,jest_success,accepted,11.0,8.0,0.0,3.0,37.0,24.0,64.86,33.0,25.0,75.76,1.0,1.0,100.0,
run-20260901T031236.570959Z,gemma_4,structured,encounter,updateEncounter,FN_updateEncounter_END,src/encounter/encounter.service.ts,src/encounter/encounter.service.spec.ts,9,medium,319,363,04a941d1,62172206200,5000,True,True,2.0,10829.0,3.0,0.0,False,True,jest_success,accepted,7.0,6.0,0.0,1.0,18.0,17.0,94.44,16.0,15.0,93.75,1.0,1.0,100.0,
run-20260901T031236.570959Z,gemma_4,structured,encounter,buildEncounterSummary,FN_buildEncounterSummary_END,src/encounter/encounter.service.ts,src/encounter/encounter.service.spec.ts,20,high,365,439,04a941d1,104270425000,6923,True,False,4.0,13591.0,3.0,16.0,False,False,jest_failed,restored,11.0,6.0,4.0,1.0,34.0,33.0,97.06,32.0,26.0,81.25,1.0,1.0,100.0,
run-20260901T031236.570959Z,gemma_4,structured,order,getOrderById,FN_getOrderById_END,src/order/order.service.ts,src/order/order.service.spec.ts,2,low,26,32,556cd6ea,17775838000,2846,True,True,0.0,0.0,0.0,0.0,False,True,jest_success,accepted,2.0,2.0,0.0,0.0,4.0,4.0,100.0,2.0,2.0,100.0,1.0,1.0,100.0,
run-20260901T031236.570959Z,gemma_4,structured,order,createOrder,FN_createOrder_END,src/order/order.service.ts,src/order/order.service.spec.ts,5,medium,34,70,556cd6ea,38803238900,4243,True,True,0.0,0.0,0.0,0.0,False,True,jest_success,accepted,4.0,4.0,0.0,0.0,10.0,10.0,100.0,8.0,7.0,87.5,1.0,1.0,100.0,
run-20260901T031236.570959Z,gemma_4,structured,order,searchOrders,FN_searchOrders_END,src/order/order.service.ts,src/order/order.service.spec.ts,1,low,72,74,556cd6ea,18925407200,2821,True,True,0.0,0.0,0.0,0.0,False,True,jest_success,accepted,2.0,2.0,0.0,0.0,1.0,1.0,100.0,0.0,0.0,0.0,1.0,1.0,100.0,
run-20260901T031236.570959Z,gemma_4,structured,order,searchOrdersAdvanced,FN_searchOrdersAdvanced_END,src/order/order.service.ts,src/order/order.service.spec.ts,1,low,76,78,556cd6ea,18632501100,2882,True,True,0.0,0.0,0.0,0.0,False,True,jest_success,accepted,2.0,2.0,0.0,0.0,1.0,1.0,100.0,0.0,0.0,0.0,1.0,1.0,100.0,
run-20260901T031236.570959Z,gemma_4,structured,order,validateOrderResult,FN_validateOrderResult_END,src/order/order.service.ts,src/order/order.service.spec.ts,15,high,80,158,556cd6ea,70824398300,5810,True,True,2.0,13998.0,3.0,0.0,False,True,jest_success,accepted,10.0,9.0,0.0,1.0,29.0,24.0,82.76,28.0,22.0,78.57,3.0,3.0,100.0,
run-20260901T031236.570959Z,gemma_4,structured,order,cancelOrder,FN_cancelOrder_END,src/order/order.service.ts,src/order/order.service.spec.ts,2,low,160,168,556cd6ea,25779342800,3103,True,True,0.0,0.0,0.0,0.0,False,True,jest_success,accepted,2.0,2.0,0.0,0.0,5.0,5.0,100.0,2.0,2.0,100.0,1.0,1.0,100.0,
run-20260901T031236.570959Z,gemma_4,structured,order,updateOrder,FN_updateOrder_END,src/order/order.service.ts,src/order/order.service.spec.ts,7,medium,170,203,556cd6ea,34879470200,3742,True,True,1.0,3387.0,1.0,0.0,False,True,jest_success,accepted,5.0,5.0,0.0,0.0,12.0,12.0,100.0,12.0,12.0,100.0,1.0,1.0,100.0,
run-20260901T031236.570959Z,gemma_4,structured,patient,getPatientById,FN_getPatientById_END,src/patient/patient.service.ts,src/patient/patient.service.spec.ts,2,low,15,21,0ddb42a2,22524754300,2526,True,True,0.0,0.0,0.0,0.0,False,True,jest_success,accepted,2.0,2.0,0.0,0.0,4.0,4.0,100.0,2.0,2.0,100.0,1.0,1.0,100.0,
run-20260901T031236.570959Z,gemma_4,structured,patient,listPatients,FN_listPatients_END,src/patient/patient.service.ts,src/patient/patient.service.spec.ts,1,low,23,25,0ddb42a2,21545904700,2462,True,True,0.0,0.0,0.0,0.0,False,True,jest_success,accepted,3.0,3.0,0.0,0.0,1.0,1.0,100.0,0.0,0.0,0.0,1.0,1.0,100.0,
run-20260901T031236.570959Z,gemma_4,structured,patient,createPatient,FN_createPatient_END,src/patient/patient.service.ts,src/patient/patient.service.spec.ts,4,low,27,51,0ddb42a2,36892833600,3568,True,True,2.0,6337.0,2.0,0.0,False,True,jest_success,accepted,3.0,3.0,0.0,0.0,11.0,11.0,100.0,6.0,5.0,83.33,1.0,1.0,100.0,
run-20260901T031236.570959Z,gemma_4,structured,patient,updatePatient,FN_updatePatient_END,src/patient/patient.service.ts,src/patient/patient.service.spec.ts,10,medium,53,75,0ddb42a2,42274015900,3685,True,True,1.0,3177.0,1.0,0.0,False,True,jest_success,accepted,2.0,2.0,0.0,0.0,7.0,7.0,100.0,18.0,14.0,77.78,1.0,1.0,100.0,
run-20260901T031236.570959Z,gemma_4,structured,patient,findByCpfOrFail,FN_findByCpfOrFail_END,src/patient/patient.service.ts,src/patient/patient.service.spec.ts,2,low,77,83,0ddb42a2,22416711800,2591,True,True,0.0,0.0,0.0,0.0,False,True,jest_success,accepted,2.0,2.0,0.0,0.0,4.0,4.0,100.0,2.0,2.0,100.0,1.0,1.0,100.0,
run-20260901T031236.570959Z,gemma_4,structured,result,createResult,FN_createResult_END,src/result/result.service.ts,src/result/result.service.spec.ts,5,medium,26,39,357b6b51,44105753100,3875,True,True,1.0,3351.0,1.0,0.0,False,True,jest_success,accepted,4.0,4.0,0.0,0.0,3.0,3.0,100.0,8.0,6.0,75.0,1.0,1.0,100.0,
run-20260901T031236.570959Z,gemma_4,structured,result,searchResults,FN_searchResults_END,src/result/result.service.ts,src/result/result.service.spec.ts,1,low,41,43,357b6b51,25741802900,2904,True,True,0.0,0.0,0.0,0.0,False,True,jest_success,accepted,3.0,3.0,0.0,0.0,1.0,1.0,100.0,0.0,0.0,0.0,1.0,1.0,100.0,
run-20260901T031236.570959Z,gemma_4,structured,result,getResultById,FN_getResultById_END,src/result/result.service.ts,src/result/result.service.spec.ts,2,low,45,51,357b6b51,20172324300,2723,True,True,0.0,0.0,0.0,0.0,False,True,jest_success,accepted,2.0,2.0,0.0,0.0,4.0,4.0,100.0,2.0,2.0,100.0,1.0,1.0,100.0,
run-20260901T031236.570959Z,gemma_4,structured,result,buildResultReport,FN_buildResultReport_END,src/result/result.service.ts,src/result/result.service.spec.ts,17,high,53,124,357b6b51,89377909600,6229,True,True,2.0,12775.0,3.0,0.0,False,True,jest_success,accepted,10.0,9.0,0.0,1.0,27.0,26.0,96.3,32.0,23.0,71.88,2.0,2.0,100.0,
run-20260901T031236.570959Z,gemma_4,structured,result,updateResult,FN_updateResult_END,src/result/result.service.ts,src/result/result.service.spec.ts,26,high,126,206,357b6b51,64642999000,5280,True,True,1.0,7703.0,2.0,0.0,False,True,jest_success,accepted,9.0,8.0,0.0,1.0,22.0,21.0,95.45,49.0,46.0,93.88,1.0,1.0,100.0,
run-20260901T031236.570959Z,qwen_4b,zero_shot,encounter,createEncounter,FN_createEncounter_END,src/encounter/encounter.service.ts,src/encounter/encounter.service.spec.ts,5,medium,30,63,04a941d1,151342782400,3379,True,True,2.0,6881.0,3.0,0.0,False,True,jest_success,accepted,5.0,4.0,0.0,1.0,11.0,9.0,81.82,8.0,5.0,62.5,1.0,1.0,100.0,
run-20260901T031236.570959Z,qwen_4b,zero_shot,encounter,validateEncounterFields,FN_validateEncounterFields_END,src/encounter/encounter.service.ts,src/encounter/encounter.service.spec.ts,11,high,65,91,04a941d1,97630694600,2757,True,True,3.0,22709.0,8.0,3.0,False,True,jest_success,accepted,9.0,0.0,0.0,9.0,10.0,0.0,0.0,20.0,0.0,0.0,1.0,0.0,0.0,
run-20260901T031236.570959Z,qwen_4b,zero_shot,encounter,listEncountersByPatient,FN_listEncountersByPatient_END,src/encounter/encounter.service.ts,src/encounter/encounter.service.spec.ts,1,low,93,99,04a941d1,80631446500,2453,True,True,0.0,0.0,0.0,0.0,False,True,jest_success,accepted,5.0,5.0,0.0,0.0,2.0,2.0,100.0,0.0,0.0,0.0,1.0,1.0,100.0,
run-20260901T031236.570959Z,qwen_4b,zero_shot,encounter,getEncounterById,FN_getEncounterById_END,src/encounter/encounter.service.ts,src/encounter/encounter.service.spec.ts,2,low,101,107,04a941d1,62948143300,2053,True,True,0.0,0.0,0.0,0.0,False,True,jest_success,accepted,2.0,2.0,0.0,0.0,4.0,4.0,100.0,2.0,2.0,100.0,1.0,1.0,100.0,
run-20260901T031236.570959Z,qwen_4b,zero_shot,encounter,transitionEncounterStatus,FN_transitionEncounterStatus_END,src/encounter/encounter.service.ts,src/encounter/encounter.service.spec.ts,18,high,109,197,04a941d1,292507251000,5580,True,True,3.0,51920.0,14.0,2.0,False,True,jest_success,accepted,10.0,6.0,0.0,4.0,37.0,0.0,0.0,34.0,0.0,0.0,2.0,0.0,0.0,
run-20260901T031236.570959Z,qwen_4b,zero_shot,encounter,processAdtMessage,FN_processAdtMessage_END,src/encounter/encounter.service.ts,src/encounter/encounter.service.spec.ts,21,high,199,317,04a941d1,182447617700,4801,True,True,4.0,32759.0,6.0,3.0,False,True,jest_success,accepted,12.0,8.0,0.0,4.0,37.0,24.0,64.86,33.0,25.0,75.76,1.0,1.0,100.0,
run-20260901T031236.570959Z,qwen_4b,zero_shot,encounter,updateEncounter,FN_updateEncounter_END,src/encounter/encounter.service.ts,src/encounter/encounter.service.spec.ts,9,medium,319,363,04a941d1,100191154500,2950,True,True,3.0,9789.0,6.0,0.0,False,True,jest_success,accepted,7.0,5.0,0.0,2.0,18.0,16.0,88.89,16.0,14.0,87.5,1.0,1.0,100.0,
run-20260901T031236.570959Z,qwen_4b,zero_shot,encounter,buildEncounterSummary,FN_buildEncounterSummary_END,src/encounter/encounter.service.ts,src/encounter/encounter.service.spec.ts,20,high,365,439,04a941d1,253470468400,5143,True,False,4.0,32366.0,11.0,18.0,False,False,jest_failed,restored,9.0,1.0,4.0,4.0,34.0,13.0,38.24,32.0,6.0,18.75,1.0,1.0,100.0,
run-20260901T031236.570959Z,qwen_4b,zero_shot,order,getOrderById,FN_getOrderById_END,src/order/order.service.ts,src/order/order.service.spec.ts,2,low,26,32,556cd6ea,28036969700,1616,True,True,0.0,0.0,0.0,0.0,False,True,jest_success,accepted,2.0,2.0,0.0,0.0,4.0,4.0,100.0,2.0,2.0,100.0,1.0,1.0,100.0,
run-20260901T031236.570959Z,qwen_4b,zero_shot,order,createOrder,FN_createOrder_END,src/order/order.service.ts,src/order/order.service.spec.ts,5,medium,34,70,556cd6ea,86829550500,2712,True,True,0.0,0.0,0.0,0.0,False,True,jest_success,accepted,4.0,4.0,0.0,0.0,10.0,10.0,100.0,8.0,8.0,100.0,1.0,1.0,100.0,
run-20260901T031236.570959Z,qwen_4b,zero_shot,order,searchOrders,FN_searchOrders_END,src/order/order.service.ts,src/order/order.service.spec.ts,1,low,72,74,556cd6ea,108987621000,2801,True,True,0.0,0.0,0.0,0.0,False,True,jest_success,accepted,6.0,6.0,0.0,0.0,1.0,1.0,100.0,0.0,0.0,0.0,1.0,1.0,100.0,
run-20260901T031236.570959Z,qwen_4b,zero_shot,order,searchOrdersAdvanced,FN_searchOrdersAdvanced_END,src/order/order.service.ts,src/order/order.service.spec.ts,1,low,76,78,556cd6ea,63513903000,2216,True,True,0.0,0.0,0.0,0.0,False,True,jest_success,accepted,4.0,4.0,0.0,0.0,1.0,1.0,100.0,0.0,0.0,0.0,1.0,1.0,100.0,
run-20260901T031236.570959Z,qwen_4b,zero_shot,order,validateOrderResult,FN_validateOrderResult_END,src/order/order.service.ts,src/order/order.service.spec.ts,15,high,80,158,556cd6ea,287760535200,5601,True,True,1.0,7158.0,3.0,0.0,False,True,jest_success,accepted,11.0,11.0,0.0,0.0,29.0,25.0,86.21,28.0,24.0,85.71,3.0,3.0,100.0,
run-20260901T031236.570959Z,qwen_4b,zero_shot,order,cancelOrder,FN_cancelOrder_END,src/order/order.service.ts,src/order/order.service.spec.ts,2,low,160,168,556cd6ea,47988515500,1914,True,True,0.0,0.0,0.0,0.0,False,True,jest_success,accepted,2.0,2.0,0.0,0.0,5.0,5.0,100.0,2.0,2.0,100.0,1.0,1.0,100.0,
run-20260901T031236.570959Z,qwen_4b,zero_shot,order,updateOrder,FN_updateOrder_END,src/order/order.service.ts,src/order/order.service.spec.ts,7,medium,170,203,556cd6ea,107834214800,2867,True,True,2.0,3480.0,2.0,0.0,False,True,jest_success,accepted,6.0,5.0,0.0,1.0,12.0,9.0,75.0,12.0,8.0,66.67,1.0,1.0,100.0,
run-20260901T031236.570959Z,qwen_4b,zero_shot,patient,getPatientById,FN_getPatientById_END,src/patient/patient.service.ts,src/patient/patient.service.spec.ts,2,low,15,21,0ddb42a2,37890003500,1403,True,True,0.0,0.0,0.0,0.0,False,True,jest_success,accepted,2.0,2.0,0.0,0.0,4.0,4.0,100.0,2.0,2.0,100.0,1.0,1.0,100.0,
run-20260901T031236.570959Z,qwen_4b,zero_shot,patient,listPatients,FN_listPatients_END,src/patient/patient.service.ts,src/patient/patient.service.spec.ts,1,low,23,25,0ddb42a2,55140131400,1629,True,True,0.0,0.0,0.0,0.0,False,True,jest_success,accepted,3.0,3.0,0.0,0.0,1.0,1.0,100.0,0.0,0.0,0.0,1.0,1.0,100.0,
run-20260901T031236.570959Z,qwen_4b,zero_shot,patient,createPatient,FN_createPatient_END,src/patient/patient.service.ts,src/patient/patient.service.spec.ts,4,low,27,51,0ddb42a2,93147770600,2419,True,True,2.0,22192.0,3.0,2.0,False,True,jest_success,accepted,4.0,0.0,0.0,4.0,11.0,0.0,0.0,6.0,0.0,0.0,1.0,0.0,0.0,
run-20260901T031236.570959Z,qwen_4b,zero_shot,patient,updatePatient,FN_updatePatient_END,src/patient/patient.service.ts,src/patient/patient.service.spec.ts,10,medium,53,75,0ddb42a2,69194384900,2101,True,True,4.0,10978.0,7.0,1.0,False,True,jest_success,accepted,3.0,2.0,0.0,1.0,7.0,4.0,57.14,18.0,8.0,44.44,1.0,1.0,100.0,
run-20260901T031236.570959Z,qwen_4b,zero_shot,patient,findByCpfOrFail,FN_findByCpfOrFail_END,src/patient/patient.service.ts,src/patient/patient.service.spec.ts,2,low,77,83,0ddb42a2,58695078700,1742,True,True,0.0,0.0,0.0,0.0,False,True,jest_success,accepted,2.0,2.0,0.0,0.0,4.0,4.0,100.0,2.0,2.0,100.0,1.0,1.0,100.0,
run-20260901T031236.570959Z,qwen_4b,zero_shot,result,createResult,FN_createResult_END,src/result/result.service.ts,src/result/result.service.spec.ts,5,medium,26,39,357b6b51,90133160200,2511,True,True,0.0,0.0,0.0,0.0,False,True,jest_success,accepted,3.0,3.0,0.0,0.0,3.0,3.0,100.0,8.0,8.0,100.0,1.0,1.0,100.0,
run-20260901T031236.570959Z,qwen_4b,zero_shot,result,searchResults,FN_searchResults_END,src/result/result.service.ts,src/result/result.service.spec.ts,1,low,41,43,357b6b51,77170952900,2214,True,True,0.0,0.0,0.0,0.0,False,True,jest_success,accepted,2.0,2.0,0.0,0.0,1.0,1.0,100.0,0.0,0.0,0.0,1.0,1.0,100.0,
run-20260901T031236.570959Z,qwen_4b,zero_shot,result,getResultById,FN_getResultById_END,src/result/result.service.ts,src/result/result.service.spec.ts,2,low,45,51,357b6b51,65983744200,1895,True,True,0.0,0.0,0.0,0.0,False,True,jest_success,accepted,2.0,2.0,0.0,0.0,4.0,4.0,100.0,2.0,2.0,100.0,1.0,1.0,100.0,
run-20260901T031236.570959Z,qwen_4b,zero_shot,result,buildResultReport,FN_buildResultReport_END,src/result/result.service.ts,src/result/result.service.spec.ts,17,high,53,124,357b6b51,187835991300,4335,True,True,0.0,0.0,0.0,0.0,False,True,jest_success,accepted,9.0,9.0,0.0,0.0,27.0,27.0,100.0,32.0,31.0,96.88,2.0,2.0,100.0,
run-20260901T031236.570959Z,qwen_4b,zero_shot,result,updateResult,FN_updateResult_END,src/result/result.service.ts,src/result/result.service.spec.ts,26,high,126,206,357b6b51,464415190400,7752,True,True,2.0,41240.0,17.0,0.0,False,True,jest_success,accepted,16.0,15.0,0.0,1.0,22.0,0.0,0.0,49.0,0.0,0.0,1.0,0.0,0.0,
run-20260901T031236.570959Z,qwen_4b,few_shot,encounter,createEncounter,FN_createEncounter_END,src/encounter/encounter.service.ts,src/encounter/encounter.service.spec.ts,5,medium,30,63,04a941d1,94235667800,3639,True,True,2.0,4473.0,2.0,0.0,False,True,jest_success,accepted,4.0,4.0,0.0,0.0,11.0,10.0,90.91,8.0,6.0,75.0,1.0,1.0,100.0,
run-20260901T031236.570959Z,qwen_4b,few_shot,encounter,validateEncounterFields,FN_validateEncounterFields_END,src/encounter/encounter.service.ts,src/encounter/encounter.service.spec.ts,11,high,65,91,04a941d1,79492390800,3309,True,True,0.0,0.0,0.0,0.0,False,True,jest_success,accepted,8.0,8.0,0.0,0.0,10.0,9.0,90.0,20.0,19.0,95.0,1.0,1.0,100.0,
run-20260901T031236.570959Z,qwen_4b,few_shot,encounter,listEncountersByPatient,FN_listEncountersByPatient_END,src/encounter/encounter.service.ts,src/encounter/encounter.service.spec.ts,1,low,93,99,04a941d1,48370710000,2779,True,True,0.0,0.0,0.0,0.0,False,True,jest_success,accepted,2.0,2.0,0.0,0.0,2.0,2.0,100.0,0.0,0.0,0.0,1.0,1.0,100.0,
run-20260901T031236.570959Z,qwen_4b,few_shot,encounter,getEncounterById,FN_getEncounterById_END,src/encounter/encounter.service.ts,src/encounter/encounter.service.spec.ts,2,low,101,107,04a941d1,42070870300,2613,True,True,0.0,0.0,0.0,0.0,False,True,jest_success,accepted,2.0,2.0,0.0,0.0,4.0,4.0,100.0,2.0,2.0,100.0,1.0,1.0,100.0,
run-20260901T031236.570959Z,qwen_4b,few_shot,encounter,transitionEncounterStatus,FN_transitionEncounterStatus_END,src/encounter/encounter.service.ts,src/encounter/encounter.service.spec.ts,18,high,109,197,04a941d1,175602862000,5129,True,True,1.0,2443.0,1.0,0.0,False,True,jest_success,accepted,10.0,10.0,0.0,0.0,37.0,33.0,89.19,34.0,28.0,82.35,2.0,2.0,100.0,
run-20260901T031236.570959Z,qwen_4b,few_shot,encounter,processAdtMessage,FN_processAdtMessage_END,src/encounter/encounter.service.ts,src/encounter/encounter.service.spec.ts,21,high,199,317,04a941d1,219982947800,5952,True,True,3.0,32937.0,10.0,1.0,False,True,jest_success,accepted,11.0,7.0,0.0,4.0,37.0,20.0,54.05,33.0,23.0,69.7,1.0,1.0,100.0,
run-20260901T031236.570959Z,qwen_4b,few_shot,encounter,updateEncounter,FN_updateEncounter_END,src/encounter/encounter.service.ts,src/encounter/encounter.service.spec.ts,9,medium,319,363,04a941d1,140312523900,4307,True,True,3.0,38546.0,11.0,2.0,False,True,jest_success,accepted,8.0,0.0,0.0,8.0,18.0,0.0,0.0,16.0,0.0,0.0,1.0,0.0,0.0,
run-20260901T031236.570959Z,qwen_4b,few_shot,encounter,buildEncounterSummary,FN_buildEncounterSummary_END,src/encounter/encounter.service.ts,src/encounter/encounter.service.spec.ts,20,high,365,439,04a941d1,188278457400,4960,True,False,4.0,4230.0,2.0,8.0,False,False,jest_failed,restored,9.0,7.0,2.0,0.0,34.0,30.0,88.24,32.0,25.0,78.12,1.0,1.0,100.0,
run-20260901T031236.570959Z,qwen_4b,few_shot,order,getOrderById,FN_getOrderById_END,src/order/order.service.ts,src/order/order.service.spec.ts,2,low,26,32,556cd6ea,43046980800,2644,True,True,0.0,0.0,0.0,0.0,False,True,jest_success,accepted,2.0,2.0,0.0,0.0,4.0,4.0,100.0,2.0,2.0,100.0,1.0,1.0,100.0,
run-20260901T031236.570959Z,qwen_4b,few_shot,order,createOrder,FN_createOrder_END,src/order/order.service.ts,src/order/order.service.spec.ts,5,medium,34,70,556cd6ea,105279622900,3780,True,True,1.0,2254.0,1.0,0.0,False,True,jest_success,accepted,4.0,4.0,0.0,0.0,10.0,10.0,100.0,8.0,8.0,100.0,1.0,1.0,100.0,
run-20260901T031236.570959Z,qwen_4b,few_shot,order,searchOrders,FN_searchOrders_END,src/order/order.service.ts,src/order/order.service.spec.ts,1,low,72,74,556cd6ea,42688033500,2604,True,True,0.0,0.0,0.0,0.0,False,True,jest_success,accepted,2.0,2.0,0.0,0.0,1.0,1.0,100.0,0.0,0.0,0.0,1.0,1.0,100.0,
run-20260901T031236.570959Z,qwen_4b,few_shot,order,searchOrdersAdvanced,FN_searchOrdersAdvanced_END,src/order/order.service.ts,src/order/order.service.spec.ts,1,low,76,78,556cd6ea,61915555700,2960,True,True,0.0,0.0,0.0,0.0,False,True,jest_success,accepted,2.0,2.0,0.0,0.0,1.0,1.0,100.0,0.0,0.0,0.0,1.0,1.0,100.0,
run-20260901T031236.570959Z,qwen_4b,few_shot,order,validateOrderResult,FN_validateOrderResult_END,src/order/order.service.ts,src/order/order.service.spec.ts,15,high,80,158,556cd6ea,151061952800,4521,True,True,1.0,3158.0,1.0,0.0,False,True,jest_success,accepted,10.0,10.0,0.0,0.0,29.0,26.0,89.66,28.0,26.0,92.86,3.0,3.0,100.0,
run-20260901T031236.570959Z,qwen_4b,few_shot,order,cancelOrder,FN_cancelOrder_END,src/order/order.service.ts,src/order/order.service.spec.ts,2,low,160,168,556cd6ea,73185477600,3098,True,True,1.0,2389.0,1.0,0.0,False,True,jest_success,accepted,2.0,2.0,0.0,0.0,5.0,5.0,100.0,2.0,2.0,100.0,1.0,1.0,100.0,
run-20260901T031236.570959Z,qwen_4b,few_shot,order,updateOrder,FN_updateOrder_END,src/order/order.service.ts,src/order/order.service.spec.ts,7,medium,170,203,556cd6ea,84290216500,3398,True,True,3.0,6465.0,4.0,0.0,False,True,jest_success,accepted,6.0,6.0,0.0,0.0,12.0,12.0,100.0,12.0,11.0,91.67,1.0,1.0,100.0,
run-20260901T031236.570959Z,qwen_4b,few_shot,patient,getPatientById,FN_getPatientById_END,src/patient/patient.service.ts,src/patient/patient.service.spec.ts,2,low,15,21,0ddb42a2,45626213000,2329,True,True,0.0,0.0,0.0,0.0,False,True,jest_success,accepted,2.0,2.0,0.0,0.0,4.0,4.0,100.0,2.0,2.0,100.0,1.0,1.0,100.0,
run-20260901T031236.570959Z,qwen_4b,few_shot,patient,listPatients,FN_listPatients_END,src/patient/patient.service.ts,src/patient/patient.service.spec.ts,1,low,23,25,0ddb42a2,38898465600,2185,True,True,0.0,0.0,0.0,0.0,False,True,jest_success,accepted,1.0,1.0,0.0,0.0,1.0,1.0,100.0,0.0,0.0,0.0,1.0,1.0,100.0,
run-20260901T031236.570959Z,qwen_4b,few_shot,patient,createPatient,FN_createPatient_END,src/patient/patient.service.ts,src/patient/patient.service.spec.ts,4,low,27,51,0ddb42a2,82823880000,2886,True,True,0.0,0.0,0.0,0.0,False,True,jest_success,accepted,3.0,3.0,0.0,0.0,11.0,11.0,100.0,6.0,5.0,83.33,1.0,1.0,100.0,
run-20260901T031236.570959Z,qwen_4b,few_shot,patient,updatePatient,FN_updatePatient_END,src/patient/patient.service.ts,src/patient/patient.service.spec.ts,10,medium,53,75,0ddb42a2,76829990200,2948,True,True,1.0,3755.0,2.0,0.0,False,True,jest_success,accepted,3.0,3.0,0.0,0.0,7.0,7.0,100.0,18.0,18.0,100.0,1.0,1.0,100.0,
run-20260901T031236.570959Z,qwen_4b,few_shot,patient,findByCpfOrFail,FN_findByCpfOrFail_END,src/patient/patient.service.ts,src/patient/patient.service.spec.ts,2,low,77,83,0ddb42a2,63010720000,2566,True,True,0.0,0.0,0.0,0.0,False,True,jest_success,accepted,2.0,2.0,0.0,0.0,4.0,4.0,100.0,2.0,2.0,100.0,1.0,1.0,100.0,
run-20260901T031236.570959Z,qwen_4b,few_shot,result,createResult,FN_createResult_END,src/result/result.service.ts,src/result/result.service.spec.ts,5,medium,26,39,357b6b51,62275386700,2871,True,True,0.0,0.0,0.0,0.0,False,True,jest_success,accepted,2.0,2.0,0.0,0.0,3.0,3.0,100.0,8.0,4.0,50.0,1.0,1.0,100.0,
run-20260901T031236.570959Z,qwen_4b,few_shot,result,searchResults,FN_searchResults_END,src/result/result.service.ts,src/result/result.service.spec.ts,1,low,41,43,357b6b51,94253810600,3180,True,True,0.0,0.0,0.0,0.0,False,True,jest_success,accepted,3.0,3.0,0.0,0.0,1.0,1.0,100.0,0.0,0.0,0.0,1.0,1.0,100.0,
run-20260901T031236.570959Z,qwen_4b,few_shot,result,getResultById,FN_getResultById_END,src/result/result.service.ts,src/result/result.service.spec.ts,2,low,45,51,357b6b51,39053091700,2426,True,True,0.0,0.0,0.0,0.0,False,True,jest_success,accepted,2.0,2.0,0.0,0.0,4.0,4.0,100.0,2.0,2.0,100.0,1.0,1.0,100.0,
run-20260901T031236.570959Z,qwen_4b,few_shot,result,buildResultReport,FN_buildResultReport_END,src/result/result.service.ts,src/result/result.service.spec.ts,17,high,53,124,357b6b51,103741528000,3800,True,True,2.0,13290.0,2.0,1.0,False,True,jest_success,accepted,4.0,3.0,0.0,1.0,27.0,20.0,74.07,32.0,15.0,46.88,2.0,2.0,100.0,
run-20260901T031236.570959Z,qwen_4b,few_shot,result,updateResult,FN_updateResult_END,src/result/result.service.ts,src/result/result.service.spec.ts,26,high,126,206,357b6b51,105891220700,3985,True,True,0.0,0.0,0.0,0.0,False,True,jest_success,accepted,9.0,9.0,0.0,0.0,22.0,22.0,100.0,49.0,47.0,95.92,1.0,1.0,100.0,
run-20260901T031236.570959Z,qwen_4b,structured,encounter,createEncounter,FN_createEncounter_END,src/encounter/encounter.service.ts,src/encounter/encounter.service.spec.ts,5,medium,30,63,04a941d1,59500202000,3133,True,False,4.0,0.0,0.0,0.0,False,False,jest_failed,restored,0.0,0.0,0.0,0.0,0.0,0.0,0.0,0.0,0.0,0.0,0.0,0.0,0.0,
run-20260901T031236.570959Z,qwen_4b,structured,encounter,validateEncounterFields,FN_validateEncounterFields_END,src/encounter/encounter.service.ts,src/encounter/encounter.service.spec.ts,11,high,65,91,04a941d1,63307337600,3088,True,True,1.0,1796.0,1.0,0.0,False,True,jest_success,accepted,5.0,5.0,0.0,0.0,10.0,10.0,100.0,20.0,19.0,95.0,1.0,1.0,100.0,
run-20260901T031236.570959Z,qwen_4b,structured,encounter,listEncountersByPatient,FN_listEncountersByPatient_END,src/encounter/encounter.service.ts,src/encounter/encounter.service.spec.ts,1,low,93,99,04a941d1,74460824200,3006,True,True,0.0,0.0,0.0,0.0,False,True,jest_success,accepted,4.0,4.0,0.0,0.0,2.0,2.0,100.0,0.0,0.0,0.0,1.0,1.0,100.0,
run-20260901T031236.570959Z,qwen_4b,structured,encounter,getEncounterById,FN_getEncounterById_END,src/encounter/encounter.service.ts,src/encounter/encounter.service.spec.ts,2,low,101,107,04a941d1,40326209700,2457,True,True,0.0,0.0,0.0,0.0,False,True,jest_success,accepted,1.0,1.0,0.0,0.0,4.0,3.0,75.0,2.0,1.0,50.0,1.0,1.0,100.0,
run-20260901T031236.570959Z,qwen_4b,structured,encounter,transitionEncounterStatus,FN_transitionEncounterStatus_END,src/encounter/encounter.service.ts,src/encounter/encounter.service.spec.ts,18,high,109,197,04a941d1,209144933100,5770,True,True,0.0,0.0,0.0,0.0,False,True,jest_success,accepted,10.0,10.0,0.0,0.0,37.0,31.0,83.78,34.0,26.0,76.47,2.0,2.0,100.0,
run-20260901T031236.570959Z,qwen_4b,structured,encounter,processAdtMessage,FN_processAdtMessage_END,src/encounter/encounter.service.ts,src/encounter/encounter.service.spec.ts,21,high,199,317,04a941d1,234962110500,6494,True,True,4.0,28206.0,9.0,1.0,False,True,jest_success,accepted,12.0,8.0,0.0,4.0,37.0,27.0,72.97,33.0,29.0,87.88,1.0,1.0,100.0,
run-20260901T031236.570959Z,qwen_4b,structured,encounter,updateEncounter,FN_updateEncounter_END,src/encounter/encounter.service.ts,src/encounter/encounter.service.spec.ts,9,medium,319,363,04a941d1,105444598600,3809,True,True,0.0,0.0,0.0,0.0,False,True,jest_success,accepted,7.0,7.0,0.0,0.0,18.0,17.0,94.44,16.0,14.0,87.5,1.0,1.0,100.0,
run-20260901T031236.570959Z,qwen_4b,structured,encounter,buildEncounterSummary,FN_buildEncounterSummary_END,src/encounter/encounter.service.ts,src/encounter/encounter.service.spec.ts,20,high,365,439,04a941d1,265829138800,6095,True,False,4.0,57286.0,11.0,19.0,False,False,jest_failed,restored,11.0,0.0,3.0,8.0,34.0,29.0,85.29,32.0,18.0,56.25,1.0,1.0,100.0,
run-20260901T031236.570959Z,qwen_4b,structured,order,getOrderById,FN_getOrderById_END,src/order/order.service.ts,src/order/order.service.spec.ts,2,low,26,32,556cd6ea,39134347100,2446,True,True,0.0,0.0,0.0,0.0,False,True,jest_success,accepted,1.0,1.0,0.0,0.0,4.0,3.0,75.0,2.0,1.0,50.0,1.0,1.0,100.0,
run-20260901T031236.570959Z,qwen_4b,structured,order,createOrder,FN_createOrder_END,src/order/order.service.ts,src/order/order.service.spec.ts,5,medium,34,70,556cd6ea,72430740200,3217,True,True,0.0,0.0,0.0,0.0,False,True,jest_success,accepted,3.0,3.0,0.0,0.0,10.0,8.0,80.0,8.0,5.0,62.5,1.0,1.0,100.0,
run-20260901T031236.570959Z,qwen_4b,structured,order,searchOrders,FN_searchOrders_END,src/order/order.service.ts,src/order/order.service.spec.ts,1,low,72,74,556cd6ea,61832350600,2684,True,True,0.0,0.0,0.0,0.0,False,True,jest_success,accepted,3.0,3.0,0.0,0.0,1.0,1.0,100.0,0.0,0.0,0.0,1.0,1.0,100.0,
run-20260901T031236.570959Z,qwen_4b,structured,order,searchOrdersAdvanced,FN_searchOrdersAdvanced_END,src/order/order.service.ts,src/order/order.service.spec.ts,1,low,76,78,556cd6ea,60087848600,2706,True,True,0.0,0.0,0.0,0.0,False,True,jest_success,accepted,2.0,2.0,0.0,0.0,1.0,1.0,100.0,0.0,0.0,0.0,1.0,1.0,100.0,
run-20260901T031236.570959Z,qwen_4b,structured,order,validateOrderResult,FN_validateOrderResult_END,src/order/order.service.ts,src/order/order.service.spec.ts,15,high,80,158,556cd6ea,210081910400,5468,True,True,1.0,2335.0,1.0,0.0,False,True,jest_success,accepted,10.0,10.0,0.0,0.0,29.0,28.0,96.55,28.0,27.0,96.43,3.0,3.0,100.0,
run-20260901T031236.570959Z,qwen_4b,structured,order,cancelOrder,FN_cancelOrder_END,src/order/order.service.ts,src/order/order.service.spec.ts,2,low,160,168,556cd6ea,53770951200,2711,True,True,3.0,4396.0,3.0,0.0,False,True,jest_success,accepted,1.0,0.0,0.0,1.0,5.0,0.0,0.0,2.0,0.0,0.0,1.0,0.0,0.0,
run-20260901T031236.570959Z,qwen_4b,structured,order,updateOrder,FN_updateOrder_END,src/order/order.service.ts,src/order/order.service.spec.ts,7,medium,170,203,556cd6ea,74501225400,3261,True,False,4.0,0.0,0.0,0.0,False,False,jest_failed,restored,0.0,0.0,0.0,0.0,0.0,0.0,0.0,0.0,0.0,0.0,0.0,0.0,0.0,
run-20260901T031236.570959Z,qwen_4b,structured,patient,getPatientById,FN_getPatientById_END,src/patient/patient.service.ts,src/patient/patient.service.spec.ts,2,low,15,21,0ddb42a2,31804122300,2008,True,True,0.0,0.0,0.0,0.0,False,True,jest_success,accepted,1.0,1.0,0.0,0.0,4.0,3.0,75.0,2.0,1.0,50.0,1.0,1.0,100.0,
run-20260901T031236.570959Z,qwen_4b,structured,patient,listPatients,FN_listPatients_END,src/patient/patient.service.ts,src/patient/patient.service.spec.ts,1,low,23,25,0ddb42a2,44381341100,2110,True,True,0.0,0.0,0.0,0.0,False,True,jest_success,accepted,3.0,3.0,0.0,0.0,1.0,1.0,100.0,0.0,0.0,0.0,1.0,1.0,100.0,
run-20260901T031236.570959Z,qwen_4b,structured,patient,createPatient,FN_createPatient_END,src/patient/patient.service.ts,src/patient/patient.service.spec.ts,4,low,27,51,0ddb42a2,77480403500,2842,True,True,0.0,0.0,0.0,0.0,False,True,jest_success,accepted,3.0,3.0,0.0,0.0,11.0,11.0,100.0,6.0,5.0,83.33,1.0,1.0,100.0,
run-20260901T031236.570959Z,qwen_4b,structured,patient,updatePatient,FN_updatePatient_END,src/patient/patient.service.ts,src/patient/patient.service.spec.ts,10,medium,53,75,0ddb42a2,71609996400,2761,True,True,2.0,11103.0,7.0,0.0,False,True,jest_success,accepted,4.0,3.0,0.0,1.0,7.0,6.0,85.71,18.0,17.0,94.44,1.0,1.0,100.0,
run-20260901T031236.570959Z,qwen_4b,structured,patient,findByCpfOrFail,FN_findByCpfOrFail_END,src/patient/patient.service.ts,src/patient/patient.service.spec.ts,2,low,77,83,0ddb42a2,113908129600,3076,True,True,0.0,0.0,0.0,0.0,False,True,jest_success,accepted,2.0,2.0,0.0,0.0,4.0,4.0,100.0,2.0,2.0,100.0,1.0,1.0,100.0,
run-20260901T031236.570959Z,qwen_4b,structured,result,createResult,FN_createResult_END,src/result/result.service.ts,src/result/result.service.spec.ts,5,medium,26,39,357b6b51,94969022600,3094,True,True,0.0,0.0,0.0,0.0,False,True,jest_success,accepted,3.0,3.0,0.0,0.0,3.0,3.0,100.0,8.0,8.0,100.0,1.0,1.0,100.0,
run-20260901T031236.570959Z,qwen_4b,structured,result,searchResults,FN_searchResults_END,src/result/result.service.ts,src/result/result.service.spec.ts,1,low,41,43,357b6b51,74156183500,2823,True,True,0.0,0.0,0.0,0.0,False,True,jest_success,accepted,3.0,3.0,0.0,0.0,1.0,1.0,100.0,0.0,0.0,0.0,1.0,1.0,100.0,
run-20260901T031236.570959Z,qwen_4b,structured,result,getResultById,FN_getResultById_END,src/result/result.service.ts,src/result/result.service.spec.ts,2,low,45,51,357b6b51,29390362500,2103,True,True,0.0,0.0,0.0,0.0,False,True,jest_success,accepted,1.0,1.0,0.0,0.0,4.0,3.0,75.0,2.0,1.0,50.0,1.0,1.0,100.0,
run-20260901T031236.570959Z,qwen_4b,structured,result,buildResultReport,FN_buildResultReport_END,src/result/result.service.ts,src/result/result.service.spec.ts,17,high,53,124,357b6b51,462567613300,8192,False,,,,,,,False,generation_invalid,,,,,,,,,,,,,,,invalid_block
run-20260901T031236.570959Z,qwen_4b,structured,result,updateResult,FN_updateResult_END,src/result/result.service.ts,src/result/result.service.spec.ts,26,high,126,206,357b6b51,203735312600,5159,True,True,0.0,0.0,0.0,0.0,False,True,jest_success,accepted,11.0,11.0,0.0,0.0,22.0,22.0,100.0,49.0,46.0,93.88,1.0,1.0,100.0,
run-20260901T031236.570959Z,falcon_7b,zero_shot,encounter,createEncounter,FN_createEncounter_END,src/encounter/encounter.service.ts,src/encounter/encounter.service.spec.ts,5,medium,30,63,04a941d1,93168439700,2570,True,True,2.0,3288.0,2.0,0.0,False,True,jest_success,accepted,4.0,3.0,0.0,1.0,11.0,10.0,90.91,8.0,6.0,75.0,1.0,1.0,100.0,
run-20260901T031236.570959Z,falcon_7b,zero_shot,encounter,validateEncounterFields,FN_validateEncounterFields_END,src/encounter/encounter.service.ts,src/encounter/encounter.service.spec.ts,11,high,65,91,04a941d1,50210299300,2121,True,True,0.0,0.0,0.0,0.0,False,True,jest_success,accepted,5.0,5.0,0.0,0.0,10.0,8.0,80.0,20.0,15.0,75.0,1.0,1.0,100.0,
run-20260901T031236.570959Z,falcon_7b,zero_shot,encounter,listEncountersByPatient,FN_listEncountersByPatient_END,src/encounter/encounter.service.ts,src/encounter/encounter.service.spec.ts,1,low,93,99,04a941d1,28374907400,1777,True,False,4.0,0.0,0.0,0.0,False,False,jest_failed,restored,-1.0,0.0,0.0,0.0,2.0,0.0,0.0,0.0,0.0,0.0,1.0,0.0,0.0,
run-20260901T031236.570959Z,falcon_7b,zero_shot,encounter,getEncounterById,FN_getEncounterById_END,src/encounter/encounter.service.ts,src/encounter/encounter.service.spec.ts,2,low,101,107,04a941d1,31228964800,1773,True,True,0.0,0.0,0.0,0.0,False,True,jest_success,accepted,2.0,2.0,0.0,0.0,4.0,4.0,100.0,2.0,2.0,100.0,1.0,1.0,100.0,
run-20260901T031236.570959Z,falcon_7b,zero_shot,encounter,transitionEncounterStatus,FN_transitionEncounterStatus_END,src/encounter/encounter.service.ts,src/encounter/encounter.service.spec.ts,18,high,109,197,04a941d1,180655479600,3845,True,False,4.0,14120.0,8.0,1.0,False,False,jest_failed,restored,-1.0,0.0,0.0,0.0,37.0,0.0,0.0,34.0,0.0,0.0,2.0,0.0,0.0,
run-20260901T031236.570959Z,falcon_7b,zero_shot,encounter,processAdtMessage,FN_processAdtMessage_END,src/encounter/encounter.service.ts,src/encounter/encounter.service.spec.ts,21,high,199,317,04a941d1,201474172400,4437,True,False,4.0,8181.0,3.0,1.0,False,False,jest_failed,restored,-1.0,0.0,0.0,0.0,37.0,0.0,0.0,33.0,0.0,0.0,1.0,0.0,0.0,
run-20260901T031236.570959Z,falcon_7b,zero_shot,encounter,updateEncounter,FN_updateEncounter_END,src/encounter/encounter.service.ts,src/encounter/encounter.service.spec.ts,9,medium,319,363,04a941d1,87090794000,2697,True,True,1.0,1286.0,1.0,0.0,False,True,jest_success,accepted,6.0,6.0,0.0,0.0,18.0,16.0,88.89,16.0,14.0,87.5,1.0,1.0,100.0,
run-20260901T031236.570959Z,falcon_7b,zero_shot,encounter,buildEncounterSummary,FN_buildEncounterSummary_END,src/encounter/encounter.service.ts,src/encounter/encounter.service.spec.ts,20,high,365,439,04a941d1,250630825100,4259,True,True,2.0,19777.0,9.0,0.0,False,True,jest_success,accepted,6.0,1.0,0.0,5.0,34.0,25.0,73.53,32.0,16.0,50.0,1.0,1.0,100.0,
run-20260901T031236.570959Z,falcon_7b,zero_shot,order,getOrderById,FN_getOrderById_END,src/order/order.service.ts,src/order/order.service.spec.ts,2,low,26,32,556cd6ea,29916060200,1758,True,True,0.0,0.0,0.0,0.0,False,True,jest_success,accepted,2.0,2.0,0.0,0.0,4.0,4.0,100.0,2.0,2.0,100.0,1.0,1.0,100.0,
run-20260901T031236.570959Z,falcon_7b,zero_shot,order,createOrder,FN_createOrder_END,src/order/order.service.ts,src/order/order.service.spec.ts,5,medium,34,70,556cd6ea,155482992200,3202,True,True,2.0,4754.0,2.0,0.0,False,True,jest_success,accepted,4.0,3.0,0.0,1.0,10.0,8.0,80.0,8.0,5.0,62.5,1.0,1.0,100.0,
run-20260901T031236.570959Z,falcon_7b,zero_shot,order,searchOrders,FN_searchOrders_END,src/order/order.service.ts,src/order/order.service.spec.ts,1,low,72,74,556cd6ea,35998980700,1841,True,False,4.0,0.0,0.0,0.0,False,False,jest_failed,restored,-1.0,0.0,0.0,0.0,1.0,0.0,0.0,0.0,0.0,0.0,1.0,0.0,0.0,
run-20260901T031236.570959Z,falcon_7b,zero_shot,order,searchOrdersAdvanced,FN_searchOrdersAdvanced_END,src/order/order.service.ts,src/order/order.service.spec.ts,1,low,76,78,556cd6ea,29361168900,1834,True,True,0.0,0.0,0.0,0.0,False,True,jest_success,accepted,1.0,1.0,0.0,0.0,1.0,1.0,100.0,0.0,0.0,0.0,1.0,1.0,100.0,
run-20260901T031236.570959Z,falcon_7b,zero_shot,order,validateOrderResult,FN_validateOrderResult_END,src/order/order.service.ts,src/order/order.service.spec.ts,15,high,80,158,556cd6ea,77466295500,2901,True,False,4.0,9118.0,5.0,1.0,False,False,jest_failed,restored,-1.0,0.0,0.0,0.0,29.0,0.0,0.0,28.0,0.0,0.0,3.0,0.0,0.0,
run-20260901T031236.570959Z,falcon_7b,zero_shot,order,cancelOrder,FN_cancelOrder_END,src/order/order.service.ts,src/order/order.service.spec.ts,2,low,160,168,556cd6ea,34943520800,1801,True,True,0.0,0.0,0.0,0.0,False,True,jest_success,accepted,2.0,2.0,0.0,0.0,5.0,5.0,100.0,2.0,2.0,100.0,1.0,1.0,100.0,
run-20260901T031236.570959Z,falcon_7b,zero_shot,order,updateOrder,FN_updateOrder_END,src/order/order.service.ts,src/order/order.service.spec.ts,7,medium,170,203,556cd6ea,53011879300,2254,True,False,4.0,0.0,0.0,0.0,False,False,jest_failed,restored,0.0,0.0,0.0,0.0,0.0,0.0,0.0,0.0,0.0,0.0,0.0,0.0,0.0,
run-20260901T031236.570959Z,falcon_7b,zero_shot,patient,getPatientById,FN_getPatientById_END,src/patient/patient.service.ts,src/patient/patient.service.spec.ts,2,low,15,21,0ddb42a2,27770293400,1281,True,True,0.0,0.0,0.0,0.0,False,True,jest_success,accepted,2.0,2.0,0.0,0.0,4.0,4.0,100.0,2.0,2.0,100.0,1.0,1.0,100.0,
run-20260901T031236.570959Z,falcon_7b,zero_shot,patient,listPatients,FN_listPatients_END,src/patient/patient.service.ts,src/patient/patient.service.spec.ts,1,low,23,25,0ddb42a2,28877149400,1255,True,True,0.0,0.0,0.0,0.0,False,True,jest_success,accepted,1.0,1.0,0.0,0.0,1.0,1.0,100.0,0.0,0.0,0.0,1.0,1.0,100.0,
run-20260901T031236.570959Z,falcon_7b,zero_shot,patient,createPatient,FN_createPatient_END,src/patient/patient.service.ts,src/patient/patient.service.spec.ts,4,low,27,51,0ddb42a2,103328032500,2258,True,True,2.0,4285.0,2.0,0.0,False,True,jest_success,accepted,3.0,2.0,0.0,1.0,11.0,9.0,81.82,6.0,4.0,66.67,1.0,1.0,100.0,
run-20260901T031236.570959Z,falcon_7b,zero_shot,patient,updatePatient,FN_updatePatient_END,src/patient/patient.service.ts,src/patient/patient.service.spec.ts,10,medium,53,75,0ddb42a2,71248392600,2020,True,True,2.0,5328.0,4.0,0.0,False,True,jest_success,accepted,3.0,1.0,0.0,2.0,7.0,4.0,57.14,18.0,12.0,66.67,1.0,1.0,100.0,
run-20260901T031236.570959Z,falcon_7b,zero_shot,patient,findByCpfOrFail,FN_findByCpfOrFail_END,src/patient/patient.service.ts,src/patient/patient.service.spec.ts,2,low,77,83,0ddb42a2,29233725600,1306,True,True,0.0,0.0,0.0,0.0,False,True,jest_success,accepted,2.0,2.0,0.0,0.0,4.0,4.0,100.0,2.0,2.0,100.0,1.0,1.0,100.0,
run-20260901T031236.570959Z,falcon_7b,zero_shot,result,createResult,FN_createResult_END,src/result/result.service.ts,src/result/result.service.spec.ts,5,medium,26,39,357b6b51,60729012700,2077,True,True,0.0,0.0,0.0,0.0,False,True,jest_success,accepted,3.0,3.0,0.0,0.0,3.0,3.0,100.0,8.0,8.0,100.0,1.0,1.0,100.0,
run-20260901T031236.570959Z,falcon_7b,zero_shot,result,searchResults,FN_searchResults_END,src/result/result.service.ts,src/result/result.service.spec.ts,1,low,41,43,357b6b51,51403273500,1837,True,True,0.0,0.0,0.0,0.0,False,True,jest_success,accepted,1.0,1.0,0.0,0.0,1.0,1.0,100.0,0.0,0.0,0.0,1.0,1.0,100.0,
run-20260901T031236.570959Z,falcon_7b,zero_shot,result,getResultById,FN_getResultById_END,src/result/result.service.ts,src/result/result.service.spec.ts,2,low,45,51,357b6b51,17499635800,1400,True,True,0.0,0.0,0.0,0.0,False,True,jest_success,accepted,2.0,2.0,0.0,0.0,4.0,4.0,100.0,2.0,2.0,100.0,1.0,1.0,100.0,
run-20260901T031236.570959Z,falcon_7b,zero_shot,result,buildResultReport,FN_buildResultReport_END,src/result/result.service.ts,src/result/result.service.spec.ts,17,high,53,124,357b6b51,98255233400,2888,True,True,1.0,2346.0,1.0,0.0,False,True,jest_success,accepted,2.0,1.0,0.0,1.0,27.0,4.0,14.81,32.0,1.0,3.12,2.0,1.0,50.0,
run-20260901T031236.570959Z,falcon_7b,zero_shot,result,updateResult,FN_updateResult_END,src/result/result.service.ts,src/result/result.service.spec.ts,26,high,126,206,357b6b51,94582974500,3024,True,True,2.0,3129.0,2.0,0.0,False,True,jest_success,accepted,8.0,7.0,0.0,1.0,22.0,21.0,95.45,49.0,43.0,87.76,1.0,1.0,100.0,
run-20260901T031236.570959Z,falcon_7b,few_shot,encounter,createEncounter,FN_createEncounter_END,src/encounter/encounter.service.ts,src/encounter/encounter.service.spec.ts,5,medium,30,63,04a941d1,102498682600,3746,True,False,4.0,0.0,0.0,0.0,False,False,jest_failed,restored,-1.0,0.0,0.0,0.0,11.0,0.0,0.0,8.0,0.0,0.0,1.0,0.0,0.0,
run-20260901T031236.570959Z,falcon_7b,few_shot,encounter,validateEncounterFields,FN_validateEncounterFields_END,src/encounter/encounter.service.ts,src/encounter/encounter.service.spec.ts,11,high,65,91,04a941d1,81857206500,3436,True,False,4.0,6428.0,5.0,0.0,False,False,jest_failed,restored,-1.0,0.0,0.0,0.0,10.0,0.0,0.0,20.0,0.0,0.0,1.0,0.0,0.0,
run-20260901T031236.570959Z,falcon_7b,few_shot,encounter,listEncountersByPatient,FN_listEncountersByPatient_END,src/encounter/encounter.service.ts,src/encounter/encounter.service.spec.ts,1,low,93,99,04a941d1,38009118200,2937,True,False,4.0,0.0,0.0,0.0,False,False,jest_failed,restored,-1.0,0.0,0.0,0.0,2.0,0.0,0.0,0.0,0.0,0.0,1.0,0.0,0.0,
run-20260901T031236.570959Z,falcon_7b,few_shot,encounter,getEncounterById,FN_getEncounterById_END,src/encounter/encounter.service.ts,src/encounter/encounter.service.spec.ts,2,low,101,107,04a941d1,28537148100,2802,True,True,0.0,0.0,0.0,0.0,False,True,jest_success,accepted,2.0,2.0,0.0,0.0,4.0,4.0,100.0,2.0,2.0,100.0,1.0,1.0,100.0,
run-20260901T031236.570959Z,falcon_7b,few_shot,encounter,transitionEncounterStatus,FN_transitionEncounterStatus_END,src/encounter/encounter.service.ts,src/encounter/encounter.service.spec.ts,18,high,109,197,04a941d1,166436688900,4776,False,,,,,,,False,generation_invalid,,,,,,,,,,,,,,,invalid_block
run-20260901T031236.570959Z,falcon_7b,few_shot,encounter,processAdtMessage,FN_processAdtMessage_END,src/encounter/encounter.service.ts,src/encounter/encounter.service.spec.ts,21,high,199,317,04a941d1,185919629500,5159,True,False,4.0,0.0,0.0,0.0,False,False,jest_failed,restored,-1.0,0.0,0.0,0.0,37.0,0.0,0.0,33.0,0.0,0.0,1.0,0.0,0.0,
run-20260901T031236.570959Z,falcon_7b,few_shot,encounter,updateEncounter,FN_updateEncounter_END,src/encounter/encounter.service.ts,src/encounter/encounter.service.spec.ts,9,medium,319,363,04a941d1,91403138300,3701,True,False,4.0,0.0,0.0,0.0,False,False,jest_failed,restored,-1.0,0.0,0.0,0.0,18.0,0.0,0.0,16.0,0.0,0.0,1.0,0.0,0.0,
run-20260901T031236.570959Z,falcon_7b,few_shot,encounter,buildEncounterSummary,FN_buildEncounterSummary_END,src/encounter/encounter.service.ts,src/encounter/encounter.service.spec.ts,20,high,365,439,04a941d1,712835599500,8542,False,,,,,,,False,generation_invalid,,,,,,,,,,,,,,,invalid_block
run-20260901T031236.570959Z,falcon_7b,few_shot,order,getOrderById,FN_getOrderById_END,src/order/order.service.ts,src/order/order.service.spec.ts,2,low,26,32,556cd6ea,20104230100,2697,False,,,,,,,False,generation_invalid,,,,,,,,,,,,,,,invalid_block
run-20260901T031236.570959Z,falcon_7b,few_shot,order,createOrder,FN_createOrder_END,src/order/order.service.ts,src/order/order.service.spec.ts,5,medium,34,70,556cd6ea,135000147900,4011,True,False,4.0,0.0,0.0,0.0,False,False,jest_failed,restored,-1.0,0.0,0.0,0.0,10.0,0.0,0.0,8.0,0.0,0.0,1.0,0.0,0.0,
run-20260901T031236.570959Z,falcon_7b,few_shot,order,searchOrders,FN_searchOrders_END,src/order/order.service.ts,src/order/order.service.spec.ts,1,low,72,74,556cd6ea,47825872200,3004,True,False,4.0,0.0,0.0,0.0,False,False,jest_failed,restored,-1.0,0.0,0.0,0.0,1.0,0.0,0.0,0.0,0.0,0.0,1.0,0.0,0.0,
run-20260901T031236.570959Z,falcon_7b,few_shot,order,searchOrdersAdvanced,FN_searchOrdersAdvanced_END,src/order/order.service.ts,src/order/order.service.spec.ts,1,low,76,78,556cd6ea,55516463000,3136,True,True,0.0,0.0,0.0,0.0,False,True,jest_success,accepted,2.0,2.0,0.0,0.0,1.0,1.0,100.0,0.0,0.0,0.0,1.0,1.0,100.0,
run-20260901T031236.570959Z,falcon_7b,few_shot,order,validateOrderResult,FN_validateOrderResult_END,src/order/order.service.ts,src/order/order.service.spec.ts,15,high,80,158,556cd6ea,107624343200,4091,True,False,4.0,0.0,0.0,0.0,False,False,jest_failed,restored,-1.0,0.0,0.0,0.0,29.0,0.0,0.0,28.0,0.0,0.0,3.0,0.0,0.0,
run-20260901T031236.570959Z,falcon_7b,few_shot,order,cancelOrder,FN_cancelOrder_END,src/order/order.service.ts,src/order/order.service.spec.ts,2,low,160,168,556cd6ea,24459591600,2758,True,True,0.0,0.0,0.0,0.0,False,True,jest_success,accepted,2.0,2.0,0.0,0.0,5.0,5.0,100.0,2.0,2.0,100.0,1.0,1.0,100.0,
run-20260901T031236.570959Z,falcon_7b,few_shot,order,updateOrder,FN_updateOrder_END,src/order/order.service.ts,src/order/order.service.spec.ts,7,medium,170,203,556cd6ea,44398712100,3160,True,True,0.0,0.0,0.0,0.0,False,True,jest_success,accepted,3.0,3.0,0.0,0.0,12.0,12.0,100.0,12.0,10.0,83.33,1.0,1.0,100.0,
run-20260901T031236.570959Z,falcon_7b,few_shot,patient,getPatientById,FN_getPatientById_END,src/patient/patient.service.ts,src/patient/patient.service.spec.ts,2,low,15,21,0ddb42a2,22407803500,2275,True,True,0.0,0.0,0.0,0.0,False,True,jest_success,accepted,2.0,2.0,0.0,0.0,4.0,4.0,100.0,2.0,2.0,100.0,1.0,1.0,100.0,
run-20260901T031236.570959Z,falcon_7b,few_shot,patient,listPatients,FN_listPatients_END,src/patient/patient.service.ts,src/patient/patient.service.spec.ts,1,low,23,25,0ddb42a2,30039978400,2325,True,True,0.0,0.0,0.0,0.0,False,True,jest_success,accepted,1.0,1.0,0.0,0.0,1.0,1.0,100.0,0.0,0.0,0.0,1.0,1.0,100.0,
run-20260901T031236.570959Z,falcon_7b,few_shot,patient,createPatient,FN_createPatient_END,src/patient/patient.service.ts,src/patient/patient.service.spec.ts,4,low,27,51,0ddb42a2,87879913700,3106,True,False,4.0,0.0,0.0,0.0,False,False,jest_failed,restored,-1.0,0.0,0.0,0.0,11.0,0.0,0.0,6.0,0.0,0.0,1.0,0.0,0.0,
run-20260901T031236.570959Z,falcon_7b,few_shot,patient,updatePatient,FN_updatePatient_END,src/patient/patient.service.ts,src/patient/patient.service.spec.ts,10,medium,53,75,0ddb42a2,33573954000,2662,True,False,4.0,0.0,0.0,0.0,False,False,jest_failed,restored,-1.0,0.0,0.0,0.0,7.0,0.0,0.0,18.0,0.0,0.0,1.0,0.0,0.0,
run-20260901T031236.570959Z,falcon_7b,few_shot,patient,findByCpfOrFail,FN_findByCpfOrFail_END,src/patient/patient.service.ts,src/patient/patient.service.spec.ts,2,low,77,83,0ddb42a2,19975727800,2262,False,,,,,,,False,generation_invalid,,,,,,,,,,,,,,,invalid_block
run-20260901T031236.570959Z,falcon_7b,few_shot,result,createResult,FN_createResult_END,src/result/result.service.ts,src/result/result.service.spec.ts,5,medium,26,39,357b6b51,104302918000,3499,True,False,4.0,4076.0,2.0,0.0,False,False,jest_failed,restored,-1.0,0.0,0.0,0.0,3.0,0.0,0.0,8.0,0.0,0.0,1.0,0.0,0.0,
run-20260901T031236.570959Z,falcon_7b,few_shot,result,searchResults,FN_searchResults_END,src/result/result.service.ts,src/result/result.service.spec.ts,1,low,41,43,357b6b51,37173451000,2758,True,False,4.0,0.0,0.0,0.0,False,False,jest_failed,restored,-1.0,0.0,0.0,0.0,1.0,0.0,0.0,0.0,0.0,0.0,1.0,0.0,0.0,
run-20260901T031236.570959Z,falcon_7b,few_shot,result,getResultById,FN_getResultById_END,src/result/result.service.ts,src/result/result.service.spec.ts,2,low,45,51,357b6b51,24412858800,2547,True,False,4.0,0.0,0.0,0.0,False,False,jest_failed,restored,-1.0,0.0,0.0,0.0,4.0,0.0,0.0,2.0,0.0,0.0,1.0,0.0,0.0,
run-20260901T031236.570959Z,falcon_7b,few_shot,result,buildResultReport,FN_buildResultReport_END,src/result/result.service.ts,src/result/result.service.spec.ts,17,high,53,124,357b6b51,61013817800,3635,True,True,1.0,8325.0,0.0,1.0,False,True,jest_success,accepted,2.0,1.0,0.0,1.0,27.0,4.0,14.81,32.0,1.0,3.12,2.0,1.0,50.0,
run-20260901T031236.570959Z,falcon_7b,few_shot,result,updateResult,FN_updateResult_END,src/result/result.service.ts,src/result/result.service.spec.ts,26,high,126,206,357b6b51,129606697200,4199,True,True,2.0,1794.0,1.0,1.0,False,True,jest_success,accepted,8.0,8.0,0.0,0.0,22.0,22.0,100.0,49.0,42.0,85.71,1.0,1.0,100.0,
run-20260901T031236.570959Z,falcon_7b,structured,encounter,createEncounter,FN_createEncounter_END,src/encounter/encounter.service.ts,src/encounter/encounter.service.spec.ts,5,medium,30,63,04a941d1,92305875900,3573,True,True,3.0,10010.0,6.0,0.0,False,True,jest_success,accepted,4.0,1.0,0.0,3.0,11.0,2.0,18.18,8.0,1.0,12.5,1.0,1.0,100.0,
run-20260901T031236.570959Z,falcon_7b,structured,encounter,validateEncounterFields,FN_validateEncounterFields_END,src/encounter/encounter.service.ts,src/encounter/encounter.service.spec.ts,11,high,65,91,04a941d1,59494897500,3114,True,True,1.0,5667.0,5.0,0.0,False,True,jest_success,accepted,5.0,0.0,0.0,5.0,10.0,0.0,0.0,20.0,0.0,0.0,1.0,0.0,0.0,
run-20260901T031236.570959Z,falcon_7b,structured,encounter,listEncountersByPatient,FN_listEncountersByPatient_END,src/encounter/encounter.service.ts,src/encounter/encounter.service.spec.ts,1,low,93,99,04a941d1,47854366500,2788,True,True,3.0,4158.0,4.0,1.0,False,True,jest_success,accepted,3.0,1.0,0.0,2.0,2.0,2.0,100.0,0.0,0.0,0.0,1.0,1.0,100.0,
run-20260901T031236.570959Z,falcon_7b,structured,encounter,getEncounterById,FN_getEncounterById_END,src/encounter/encounter.service.ts,src/encounter/encounter.service.spec.ts,2,low,101,107,04a941d1,18372195400,2405,True,True,0.0,0.0,0.0,0.0,False,True,jest_success,accepted,2.0,2.0,0.0,0.0,4.0,4.0,100.0,2.0,2.0,100.0,1.0,1.0,100.0,
run-20260901T031236.570959Z,falcon_7b,structured,encounter,transitionEncounterStatus,FN_transitionEncounterStatus_END,src/encounter/encounter.service.ts,src/encounter/encounter.service.spec.ts,18,high,109,197,04a941d1,252091903600,5621,True,True,4.0,59422.0,26.0,1.0,False,True,jest_success,accepted,10.0,0.0,0.0,10.0,37.0,0.0,0.0,34.0,0.0,0.0,2.0,0.0,0.0,
run-20260901T031236.570959Z,falcon_7b,structured,encounter,processAdtMessage,FN_processAdtMessage_END,src/encounter/encounter.service.ts,src/encounter/encounter.service.spec.ts,21,high,199,317,04a941d1,241591944700,6015,True,True,3.0,18289.0,7.0,2.0,False,True,jest_success,accepted,6.0,2.0,0.0,4.0,37.0,10.0,27.03,33.0,9.0,27.27,1.0,1.0,100.0,
run-20260901T031236.570959Z,falcon_7b,structured,encounter,updateEncounter,FN_updateEncounter_END,src/encounter/encounter.service.ts,src/encounter/encounter.service.spec.ts,9,medium,319,363,04a941d1,91146354300,3623,True,True,3.0,6346.0,4.0,1.0,False,True,jest_success,accepted,4.0,2.0,0.0,2.0,18.0,7.0,38.89,16.0,5.0,31.25,1.0,1.0,100.0,
run-20260901T031236.570959Z,falcon_7b,structured,encounter,buildEncounterSummary,FN_buildEncounterSummary_END,src/encounter/encounter.service.ts,src/encounter/encounter.service.spec.ts,20,high,365,439,04a941d1,92897680000,4068,True,True,4.0,10833.0,5.0,1.0,False,True,jest_success,accepted,4.0,3.0,0.0,1.0,34.0,25.0,73.53,32.0,16.0,50.0,1.0,1.0,100.0,
run-20260901T031236.570959Z,falcon_7b,structured,order,getOrderById,FN_getOrderById_END,src/order/order.service.ts,src/order/order.service.spec.ts,2,low,26,32,556cd6ea,21044223800,2428,True,True,0.0,0.0,0.0,0.0,False,True,jest_success,accepted,2.0,2.0,0.0,0.0,4.0,4.0,100.0,2.0,2.0,100.0,1.0,1.0,100.0,
run-20260901T031236.570959Z,falcon_7b,structured,order,createOrder,FN_createOrder_END,src/order/order.service.ts,src/order/order.service.spec.ts,5,medium,34,70,556cd6ea,55447800300,3212,True,True,4.0,8874.0,6.0,2.0,False,True,jest_success,accepted,4.0,1.0,0.0,3.0,10.0,4.0,40.0,8.0,2.0,25.0,1.0,1.0,100.0,
run-20260901T031236.570959Z,falcon_7b,structured,order,searchOrders,FN_searchOrders_END,src/order/order.service.ts,src/order/order.service.spec.ts,1,low,72,74,556cd6ea,35322207200,2569,True,True,0.0,0.0,0.0,0.0,False,True,jest_success,accepted,4.0,4.0,0.0,0.0,1.0,1.0,100.0,0.0,0.0,0.0,1.0,1.0,100.0,
run-20260901T031236.570959Z,falcon_7b,structured,order,searchOrdersAdvanced,FN_searchOrdersAdvanced_END,src/order/order.service.ts,src/order/order.service.spec.ts,1,low,76,78,556cd6ea,44248953000,2719,True,True,0.0,0.0,0.0,0.0,False,True,jest_success,accepted,1.0,1.0,0.0,0.0,1.0,1.0,100.0,0.0,0.0,0.0,1.0,1.0,100.0,
run-20260901T031236.570959Z,falcon_7b,structured,order,validateOrderResult,FN_validateOrderResult_END,src/order/order.service.ts,src/order/order.service.spec.ts,15,high,80,158,556cd6ea,148423848600,4503,True,True,3.0,13135.0,7.0,2.0,False,True,jest_success,accepted,7.0,2.0,0.0,5.0,29.0,6.0,20.69,28.0,3.0,10.71,3.0,1.0,33.33,
run-20260901T031236.570959Z,falcon_7b,structured,order,cancelOrder,FN_cancelOrder_END,src/order/order.service.ts,src/order/order.service.spec.ts,2,low,160,168,556cd6ea,30721527500,2598,True,True,0.0,0.0,0.0,0.0,False,True,jest_success,accepted,2.0,2.0,0.0,0.0,5.0,4.0,80.0,2.0,1.0,50.0,1.0,1.0,100.0,
run-20260901T031236.570959Z,falcon_7b,structured,order,updateOrder,FN_updateOrder_END,src/order/order.service.ts,src/order/order.service.spec.ts,7,medium,170,203,556cd6ea,70214910800,3281,True,True,4.0,14134.0,9.0,1.0,False,True,jest_success,accepted,4.0,0.0,0.0,4.0,12.0,0.0,0.0,12.0,0.0,0.0,1.0,0.0,0.0,
run-20260901T031236.570959Z,falcon_7b,structured,patient,getPatientById,FN_getPatientById_END,src/patient/patient.service.ts,src/patient/patient.service.spec.ts,2,low,15,21,0ddb42a2,24963580200,2023,True,True,0.0,0.0,0.0,0.0,False,True,jest_success,accepted,2.0,2.0,0.0,0.0,4.0,4.0,100.0,2.0,2.0,100.0,1.0,1.0,100.0,
run-20260901T031236.570959Z,falcon_7b,structured,patient,listPatients,FN_listPatients_END,src/patient/patient.service.ts,src/patient/patient.service.spec.ts,1,low,23,25,0ddb42a2,5958998800,1720,True,True,1.0,720.0,1.0,0.0,False,True,jest_success,accepted,1.0,1.0,0.0,0.0,1.0,0.0,0.0,0.0,0.0,0.0,1.0,0.0,0.0,
run-20260901T031236.570959Z,falcon_7b,structured,patient,createPatient,FN_createPatient_END,src/patient/patient.service.ts,src/patient/patient.service.spec.ts,4,low,27,51,0ddb42a2,35416700400,2506,True,True,4.0,7368.0,5.0,2.0,False,True,jest_success,accepted,3.0,0.0,0.0,3.0,11.0,0.0,0.0,6.0,0.0,0.0,1.0,0.0,0.0,
run-20260901T031236.570959Z,falcon_7b,structured,patient,updatePatient,FN_updatePatient_END,src/patient/patient.service.ts,src/patient/patient.service.spec.ts,10,medium,53,75,0ddb42a2,40183140000,2554,True,True,3.0,5337.0,4.0,1.0,False,True,jest_success,accepted,2.0,0.0,0.0,2.0,7.0,0.0,0.0,18.0,0.0,0.0,1.0,0.0,0.0,
run-20260901T031236.570959Z,falcon_7b,structured,patient,findByCpfOrFail,FN_findByCpfOrFail_END,src/patient/patient.service.ts,src/patient/patient.service.spec.ts,2,low,77,83,0ddb42a2,19763715900,1970,True,True,0.0,0.0,0.0,0.0,False,True,jest_success,accepted,2.0,2.0,0.0,0.0,4.0,4.0,100.0,2.0,2.0,100.0,1.0,1.0,100.0,
run-20260901T031236.570959Z,falcon_7b,structured,result,createResult,FN_createResult_END,src/result/result.service.ts,src/result/result.service.spec.ts,5,medium,26,39,357b6b51,54423059800,2766,True,True,3.0,8478.0,6.0,0.0,False,True,jest_success,accepted,3.0,0.0,0.0,3.0,3.0,0.0,0.0,8.0,0.0,0.0,1.0,0.0,0.0,
run-20260901T031236.570959Z,falcon_7b,structured,result,searchResults,FN_searchResults_END,src/result/result.service.ts,src/result/result.service.spec.ts,1,low,41,43,357b6b51,17595892400,2232,True,True,0.0,0.0,0.0,0.0,False,True,jest_success,accepted,1.0,1.0,0.0,0.0,1.0,1.0,100.0,0.0,0.0,0.0,1.0,1.0,100.0,
run-20260901T031236.570959Z,falcon_7b,structured,result,getResultById,FN_getResultById_END,src/result/result.service.ts,src/result/result.service.spec.ts,2,low,45,51,357b6b51,26480202600,2274,True,True,0.0,0.0,0.0,0.0,False,True,jest_success,accepted,2.0,2.0,0.0,0.0,4.0,4.0,100.0,2.0,2.0,100.0,1.0,1.0,100.0,
run-20260901T031236.570959Z,falcon_7b,structured,result,buildResultReport,FN_buildResultReport_END,src/result/result.service.ts,src/result/result.service.spec.ts,17,high,53,124,357b6b51,80178803000,3919,True,True,3.0,15295.0,9.0,2.0,False,True,jest_success,accepted,7.0,1.0,0.0,6.0,27.0,4.0,14.81,32.0,1.0,3.12,2.0,1.0,50.0,
run-20260901T031236.570959Z,falcon_7b,structured,result,updateResult,FN_updateResult_END,src/result/result.service.ts,src/result/result.service.spec.ts,26,high,126,206,357b6b51,82325580800,3845,True,True,0.0,0.0,0.0,0.0,False,True,jest_success,accepted,7.0,7.0,0.0,0.0,22.0,19.0,86.36,49.0,29.0,59.18,1.0,1.0,100.0,
